beta_I,beta_FR,phi0,theta_N,alpha,gamma_comm,delta_C,phi_obs,R0
0.81973978,1.7999586,0.51836389,0.034379365,0.023096808,0.07914951,0.010177228,0.46270663,2.4134471
0.78756807,1.6375025,0.51302891,0.02630832,0.013251027,0.08669941,0.010221648,0.61987209,2.3392752
0.82768746,1.5946959,0.56108449,0.035362278,0.02386321,0.086610977,0.01571755,0.60931524,2.4778108
0.83071604,1.6708607,0.45035652,0.030494452,0.020983688,0.070303705,0.010363768,0.55933166,2.3233485
0.79463163,1.8661234,0.61220874,0.043097081,0.019577688,0.083877387,0.014130828,0.6357447,2.4809699
0.78704089,1.7444655,0.61783741,0.035105811,0.012822684,0.088032844,0.015039139,0.57007587,2.4943464
0.80963175,1.7534631,0.56998922,0.040774568,0.03038782,0.078466067,0.013261942,0.53403035,2.4408562
0.79344841,1.7555568,0.51139421,0.0262646,0.016561912,0.06348306,0.011601039,0.72160834,2.3668191
0.79469716,1.7018471,0.52619935,0.027447644,0.020624286,0.071430748,0.011096429,0.64971071,2.3841602
0.84245053,1.7399677,0.44908739,0.037666947,0.019856451,0.072237958,0.011949323,0.47113074,2.3263508
0.84315714,1.1681106,0.48554559,0.041330593,0.02128152,0.094939178,0.011921489,0.60408171,2.3133583
0.80405867,1.9181577,0.60997097,0.037417679,0.010538059,0.079562542,0.011233734,0.57285918,2.5416694
0.81851147,1.7720134,0.51743921,0.040427001,0.020274271,0.070437737,0.010967772,0.53604759,2.3762999
0.78933994,1.9401396,0.48814705,0.025944615,0.049719171,0.093094692,0.01195252,0.61342585,2.3372002
0.87232533,1.3237321,0.47312744,0.04211752,0.01087604,0.085781676,0.01008882,0.50177941,2.3794475
0.7884493,1.7344264,0.60661064,0.034770289,0.021328198,0.077534201,0.010114792,0.49398358,2.4782571
0.85017722,1.8158832,0.42929703,0.034848406,0.019021739,0.080869185,0.014223965,0.71141751,2.3294549
0.83967921,1.7863338,0.52102056,0.041699232,0.027520552,0.085649478,0.011575068,0.64731586,2.4320457
0.79180972,1.9198321,0.56795553,0.035080019,0.011886079,0.072663132,0.010202728,0.6142877,2.4440149
0.78779231,1.807021,0.532818,0.038538305,0.032922879,0.080188946,0.01005883,0.53796841,2.3378202
0.77845312,1.9797221,0.56576191,0.032895353,0.015726283,0.052305291,0.010100095,0.57708015,2.4248623
0.81513176,1.7987246,0.53313272,0.036377166,0.026938326,0.090849087,0.010909826,0.63333132,2.4181735
0.81501105,1.8026308,0.54494723,0.032293236,0.024750245,0.087926864,0.010702818,0.64065241,2.4605225
0.79729189,1.8378226,0.49813364,0.016685737,0.017179069,0.086181505,0.015931098,0.60139217,2.410488
0.78809734,1.5348939,0.54304556,0.024462751,0.017971962,0.089701045,0.010262194,0.49364288,2.3893271
0.8771542,2.0390222,0.49324669,0.047324035,0.012088561,0.096296926,0.013670437,0.60584835,2.479137
0.84986268,1.9548471,0.47495293,0.04184776,0.015650939,0.093441788,0.012424982,0.68084573,2.3941049
0.84687141,1.7435536,0.50060616,0.028777966,0.011993573,0.08954994,0.010279901,0.66837,2.4715247
0.82093088,1.7916802,0.47576078,0.044619563,0.016115592,0.077733319,0.010339637,0.57783469,2.2949051
0.83064936,1.456552,0.46452081,0.033337518,0.014041487,0.058163144,0.010279666,0.56991382,2.3133507
0.80397172,1.4068795,0.45008278,0.041683095,0.020439967,0.07151819,0.010088405,0.47139523,2.1856174
0.80693925,1.682097,0.49081653,0.034957412,0.017643124,0.059816192,0.010019119,0.62341676,2.3153922
0.80540375,1.8371397,0.50452292,0.039514374,0.014531349,0.072176558,0.010032855,0.67616097,2.3327037
0.81958187,2.4974699,0.54737481,0.027642948,0.011346102,0.080113335,0.011154549,0.59245352,2.6009321
0.769554,1.3560022,0.60866312,0.026486603,0.015354318,0.060120161,0.013592778,0.72194407,2.413785
0.7902891,2.259879,0.53264771,0.038254845,0.023284385,0.078681613,0.011533318,0.43015157,2.4049331
0.82673595,1.8343191,0.45227476,0.037950737,0.01632781,0.073199534,0.014523941,0.60088978,2.301296
0.84044193,1.5825369,0.53103995,0.037932881,0.026495108,0.092179159,0.010361541,0.51739935,2.4440737
0.8323016,1.4859109,0.43669593,0.039349019,0.010904131,0.09680462,0.017457445,0.56086671,2.2502175
0.87790864,1.4618929,0.47306375,0.04669623,0.010644949,0.073859253,0.010326305,0.53909421,2.3875205
0.819118,1.6023321,0.49870564,0.033828718,0.014360317,0.089208464,0.010197479,0.68749343,2.3558115
0.81896151,1.4218759,0.44445708,0.049228551,0.024248184,0.088354693,0.019030158,0.45379463,2.1866567
0.89281123,1.9714488,0.44925429,0.028841379,0.01316879,0.075092115,0.010596801,0.57406092,2.5141041
0.83156225,1.5884534,0.4281689,0.056029942,0.017052739,0.084266175,0.016948326,0.53645328,2.1827644
0.84025383,1.9915666,0.56085634,0.024002726,0.021123793,0.079909853,0.010457985,0.48702652,2.6316993
0.79613926,1.5365731,0.49484568,0.041230929,0.037111489,0.057077379,0.011238709,0.53412082,2.2510082
0.82579392,2.0342139,0.57178121,0.031068827,0.011997763,0.092916749,0.010751725,0.69070554,2.580438
0.82016792,1.5805678,0.59536158,0.038267241,0.010355485,0.096470404,0.011511448,0.64302027,2.5000705
0.80958786,1.7908539,0.46293569,0.033629707,0.023555842,0.056793457,0.010879172,0.50698639,2.2913816
0.8080288,1.6959212,0.56826208,0.046332888,0.025179994,0.07859957,0.010330846,0.68709494,2.3978914
0.81438554,1.9125733,0.48452468,0.02322222,0.01431081,0.078446236,0.012822277,0.52747245,2.4048055
0.80156797,1.6365824,0.58587559,0.042868731,0.02484002,0.075242468,0.010544203,0.54459692,2.4192189
0.80700363,1.8786072,0.47678935,0.032731908,0.010845916,0.071196033,0.010004527,0.51379887,2.3229138
0.82111654,1.9837751,0.5402951,0.028032211,0.010828399,0.080628372,0.010125515,0.5028466,2.5153521
0.83494383,1.43176,0.48589704,0.031907451,0.033843822,0.083313771,0.015058004,0.61649698,2.3636511
0.8384873,1.1287751,0.48483079,0.046075699,0.013962149,0.07813056,0.010348847,0.48455395,2.2767664
0.8125716,1.3285598,0.50953793,0.029492749,0.010124991,0.064789762,0.015641499,0.57320144,2.3448523
0.85471098,2.0755487,0.51899259,0.036684489,0.011641589,0.084151671,0.010283154,0.57144615,2.5276054
0.79504644,1.6179931,0.51343692,0.035295603,0.031272473,0.075282972,0.010998674,0.57385142,2.3144703
0.83374206,1.523683,0.49700418,0.031192256,0.025418299,0.081627808,0.010890524,0.61268242,2.3934129
0.78446885,1.5121813,0.55700774,0.03180888,0.033474602,0.078492382,0.010825793,0.64361116,2.3632307
0.82050198,1.8142127,0.49778026,0.041356934,0.010590199,0.084459517,0.012310926,0.51535756,2.3479893
0.78164588,1.955735,0.48397116,0.030034794,0.013109067,0.067065475,0.012687091,0.56136621,2.2926047
0.78130884,1.9655572,0.58180615,0.023945385,0.011760194,0.080306608,0.012461902,0.58402535,2.5101249
0.81498649,1.8558072,0.49101564,0.049871325,0.012145907,0.068864128,0.011495634,0.60270806,2.2906607
0.8362077,1.8124121,0.46904381,0.029998968,0.018046545,0.096988902,0.011656711,0.50692913,2.3877001
0.79399309,1.7611826,0.50058114,0.035823743,0.019672001,0.072475013,0.011049107,0.62986908,2.3046646
0.86417227,1.8275056,0.51363325,0.042704816,0.021770255,0.087116214,0.01061113,0.52292092,2.4810543
0.8351688,1.6972982,0.42789096,0.034353334,0.016732433,0.082702145,0.014879787,0.6242875,2.2816132
0.86647707,1.7498659,0.464816,0.041440766,0.012314159,0.082331032,0.012152445,0.6065014,2.3975773
0.86283308,1.702692,0.457618,0.044549861,0.013479286,0.080261344,0.012588728,0.64057533,2.3583056
0.77863198,1.7626177,0.56745942,0.028314656,0.024120634,0.065856448,0.011276089,0.51156942,2.4203995
0.79759182,1.8671473,0.51696268,0.050049822,0.023181941,0.080854174,0.02189764,0.51367796,2.2912493
0.83544407,1.5138412,0.47739638,0.020341842,0.011425999,0.091563754,0.01011271,0.62286887,2.4140918
0.84262559,1.5430511,0.47899451,0.019173658,0.010862617,0.090942566,0.010081592,0.620178,2.4448187
0.7918274,1.5797793,0.60596167,0.035564818,0.036892329,0.073414968,0.010680141,0.62085554,2.4569053
0.77994676,1.5606625,0.57440128,0.038461817,0.017269524,0.078567285,0.010748136,0.65244129,2.3541781
0.85156679,1.6076712,0.46293131,0.041496863,0.017526654,0.09388169,0.013021724,0.55176792,2.3430667
0.87909994,2.0457292,0.47870629,0.045500674,0.027212827,0.088777855,0.012700876,0.50600635,2.4662918
0.78576681,1.474063,0.55580115,0.032935559,0.015271448,0.078208963,0.012787199,0.63791146,2.3536635
0.78896432,1.3781903,0.54138557,0.026949959,0.016333806,0.075277603,0.01315847,0.64508985,2.3546013
0.79385454,1.4869012,0.52381997,0.026758866,0.016432501,0.054687058,0.014040435,0.61940552,2.3531
0.79100554,1.4815479,0.55479146,0.032747221,0.013994316,0.080524123,0.012049543,0.6442023,2.3677875
0.83783076,1.8740301,0.45177308,0.043572093,0.026392725,0.087999373,0.011083207,0.51590746,2.3081863
0.79934406,2.1118093,0.51524699,0.030990236,0.016000759,0.086668159,0.014293345,0.6392497,2.4112958
0.79040914,1.9575467,0.52208968,0.03112108,0.012154877,0.083163262,0.013162615,0.57966109,2.3806165
0.79997228,1.8965145,0.44481799,0.025126967,0.012985573,0.05460687,0.011750486,0.63182836,2.2823924
0.79896394,1.641857,0.44106865,0.0279998,0.011760617,0.060963681,0.011573979,0.61843918,2.2357306
0.7997048,1.7653837,0.52093644,0.032837529,0.012375637,0.062387028,0.010500485,0.65229743,2.3694914
0.84694301,1.6224089,0.50780901,0.023773237,0.030800607,0.096435284,0.010446312,0.58985634,2.4959867
0.84146251,1.6077953,0.51526117,0.040464744,0.017374109,0.096746856,0.012564909,0.57514048,2.4106133
0.81053847,1.5625967,0.57010734,0.03607144,0.034585348,0.096151465,0.01235324,0.70814969,2.4399626
0.80752375,1.5722699,0.50124782,0.026915295,0.011862884,0.084429732,0.011138006,0.53479881,2.3594444
0.83576578,1.5063874,0.54488568,0.053535931,0.010713782,0.070958879,0.012100035,0.54472779,2.3715084
0.84855618,1.6896119,0.37839599,0.029316289,0.025765366,0.087681289,0.013272117,0.46591727,2.2472846
0.83011802,1.852331,0.42897028,0.041998355,0.025414393,0.093513313,0.011756219,0.50514051,2.2548365
0.83338277,1.7559536,0.46748673,0.028554485,0.02214595,0.09171399,0.015341801,0.56423455,2.3782967
0.85631903,1.4427511,0.4209594,0.035659675,0.02731383,0.090235772,0.011584889,0.4854883,2.2938665
0.80321817,1.6128,0.5472426,0.03750369,0.022387744,0.07601759,0.01654319,0.52540616,2.3816179
0.82934873,2.03765,0.49421912,0.043674014,0.017618352,0.085085778,0.010048825,0.67485101,2.3789417
0.8222729,2.0306623,0.46675921,0.033012844,0.015538881,0.083084234,0.010036405,0.6080917,2.358102
0.82636475,1.6068226,0.52084632,0.030014299,0.015511932,0.088612725,0.010116283,0.58767414,2.4321956
0.82341496,1.6447311,0.45988127,0.040498171,0.023636714,0.083137642,0.010515312,0.56157618,2.2766298
0.84109941,1.6841276,0.50955074,0.036797555,0.016912909,0.072590217,0.010198626,0.46785631,2.4264461
0.81965298,1.1336492,0.5294533,0.033084323,0.0203654,0.084033894,0.010913653,0.49559102,2.3539096
0.8230549,1.0545518,0.49029756,0.028543189,0.014757574,0.073720077,0.011332989,0.59554922,2.3134158
0.81937427,2.4622147,0.51650954,0.035183751,0.015800096,0.0820361,0.010235438,0.5360835,2.4891174
0.84452789,1.7342551,0.49478841,0.039533916,0.024136395,0.096526036,0.010115085,0.62159265,2.4022169
0.83918096,1.8004741,0.50390637,0.042641652,0.018895926,0.0927387,0.010148694,0.62187328,2.3980586
0.81860487,1.6128217,0.47197454,0.033453661,0.015922536,0.080651891,0.01638869,0.57007721,2.3115847
0.83962279,1.6533915,0.48506491,0.03633874,0.023012244,0.081259831,0.010630447,0.53455961,2.3784828
0.80763929,1.9458595,0.51801283,0.034888975,0.01949373,0.074821362,0.015502902,0.59105662,2.3976171
0.80175348,1.7214378,0.54578912,0.037831717,0.017067347,0.086409687,0.012724531,0.52060393,2.388417
0.78808116,1.9932193,0.52678329,0.035522614,0.015180817,0.081502629,0.012553667,0.51175134,2.3664441
0.84926457,1.6922072,0.51503295,0.035043828,0.015100873,0.087033796,0.011183688,0.71849249,2.4666198
0.81475968,1.7227895,0.51240652,0.042944552,0.012818484,0.089026705,0.011680656,0.6625743,2.340673
0.78161478,1.8079339,0.49527787,0.036918743,0.032790438,0.074885982,0.010328452,0.47789105,2.2647821
0.83788869,1.5531803,0.43813975,0.028395118,0.020767366,0.094168726,0.012488214,0.53183828,2.3174287
0.82917946,1.6265331,0.49825852,0.034830568,0.034050477,0.090537706,0.010409463,0.6111437,2.3788336
0.83592096,1.842779,0.44808837,0.040286548,0.022646057,0.083471149,0.011480588,0.64837101,2.3076549
0.77091961,1.8639063,0.59748333,0.035199276,0.02389975,0.088999634,0.015555108,0.51155077,2.4331819
0.80713718,1.8977444,0.58474171,0.03626788,0.029810401,0.078545253,0.014329155,0.52988157,2.5060356
0.83015769,2.1868201,0.50221577,0.029582546,0.014668674,0.079802248,0.010902038,0.71925419,2.4815283
0.7906813,1.3942408,0.52945955,0.029776177,0.032603705,0.090717503,0.01470375,0.49112934,2.3275894
0.83933712,1.2628225,0.46767552,0.015765478,0.018333548,0.08666176,0.012936661,0.51342395,2.4010608
0.8118668,1.7888213,0.493006,0.01968968,0.020258169,0.092003183,0.012063198,0.64326049,2.4174772
0.8441969,1.6839927,0.52925278,0.020302565,0.018636095,0.086448839,0.010819791,0.65432237,2.5565234
0.82242369,1.4023385,0.50777179,0.027276224,0.018421515,0.09534425,0.01068059,0.60241644,2.3870827
0.78864001,1.9960045,0.47003761,0.027991096,0.013243158,0.063676841,0.013169419,0.50758023,2.298417
0.82661037,1.8873934,0.5614148,0.040798833,0.019142231,0.082283375,0.011241925,0.569999,2.4887419
0.81300552,1.3612499,0.51398459,0.031116017,0.017070582,0.094331654,0.016442888,0.6844071,2.349626
0.81191092,1.3977218,0.53648661,0.036662357,0.027198686,0.09596626,0.012492942,0.7165182,2.3618452
0.78433656,2.2004961,0.60253319,0.035701249,0.014678631,0.066966532,0.011527767,0.57905818,2.5302357
0.83697645,1.3238856,0.45744385,0.035219123,0.025090657,0.084048152,0.012843557,0.62990476,2.2961951
0.84525991,2.125878,0.52403849,0.040761318,0.01086408,0.078588454,0.010468932,0.52147547,2.498972
0.82491838,1.1743206,0.48312759,0.043883205,0.059493173,0.097713301,0.011039611,0.53805308,2.2544456
0.85557482,1.6670992,0.46226759,0.032719032,0.01122326,0.059850994,0.011325894,0.50963491,2.3963147
0.86625248,1.7254604,0.44812332,0.040845836,0.014264459,0.070413048,0.01063106,0.54125388,2.3682129
0.85882232,1.7349037,0.45209332,0.034936061,0.012936973,0.070306613,0.010664456,0.54191202,2.3832527
0.85620538,1.9911214,0.41300903,0.042912581,0.015160068,0.085223589,0.010744791,0.58557233,2.298225
0.84073286,1.4366595,0.53895588,0.035884729,0.0284511,0.085426523,0.010533507,0.52064084,2.4495832
0.82324125,1.8304443,0.51169574,0.0476329,0.019227104,0.085662484,0.010836378,0.7302758,2.3525221
0.79929381,1.5635839,0.58395383,0.029777485,0.038909448,0.093236593,0.017239935,0.53817779,2.4675896
0.788313,1.8252598,0.52737839,0.040312743,0.01509316,0.06496771,0.012961175,0.58336381,2.3238103
0.87031874,1.7472316,0.48556967,0.055858178,0.03014707,0.08443892,0.012180679,0.62140977,2.3799187
0.85126337,1.8383457,0.44414581,0.033006821,0.01894951,0.098242704,0.014459781,0.55654902,2.3688235
0.85317589,1.9345312,0.44160244,0.038889275,0.016602291,0.098668692,0.013630081,0.53972382,2.3529345
0.86150796,1.5334985,0.48052402,0.044127945,0.025728598,0.082806496,0.011125365,0.62388986,2.3777582
0.85716949,1.6379895,0.41986725,0.033027173,0.016548619,0.08984526,0.011347276,0.60135474,2.3215751
0.85575764,1.3103877,0.42605053,0.042843284,0.022745422,0.064799567,0.010636302,0.44895187,2.261476
0.86340952,1.9073002,0.45217609,0.039731697,0.013872818,0.096131198,0.014147903,0.58961698,2.3907923
0.78921101,1.3992405,0.56008303,0.036103106,0.020332752,0.064750896,0.010817518,0.55895065,2.3436886
0.81382515,1.4096277,0.53350441,0.027536682,0.022417495,0.065512153,0.010251248,0.52002538,2.4083169
0.81870595,1.6553258,0.52214296,0.035238152,0.016839362,0.068675623,0.010063669,0.57137527,2.3950924
0.78862494,1.8299002,0.46170811,0.030841592,0.011342449,0.069669109,0.010064631,0.5885537,2.2528291
0.84530354,1.6782316,0.53656263,0.032683117,0.017555617,0.076621962,0.011041421,0.53152908,2.5055855
0.81188671,1.9551185,0.52013616,0.045057407,0.014946745,0.092114184,0.012050973,0.53420122,2.3653676
0.83256367,1.7376437,0.49797458,0.026342701,0.014646551,0.089295904,0.016683272,0.55082105,2.4411168
0.79737313,1.8517193,0.53614476,0.025796633,0.014469276,0.084550005,0.013041337,0.52304405,2.4382157
0.84362386,2.0185783,0.45398879,0.028509269,0.013096099,0.077272356,0.010402031,0.52413414,2.4065932
0.81150249,2.127132,0.49490546,0.037197025,0.014690805,0.083593985,0.011694676,0.51587645,2.3755173
0.83553311,1.6427124,0.50859584,0.03714388,0.01198061,0.073320544,0.011445264,0.65501209,2.4039723
0.82619596,1.5499714,0.55252001,0.034614351,0.011048329,0.074467212,0.010974296,0.63347509,2.4565701
0.81138226,1.7189935,0.5533793,0.039707334,0.011718198,0.081856849,0.010754439,0.68560039,2.4169802
0.84298907,1.5569583,0.4565851,0.034384111,0.016239694,0.085430639,0.013345687,0.48751098,2.336477
0.81780705,2.0042332,0.53246791,0.039137226,0.024677225,0.089010711,0.011264623,0.66419083,2.4371258
0.82939803,1.8478492,0.46485293,0.037483755,0.014333835,0.066224653,0.010740248,0.53721402,2.333318
0.83149282,1.5543297,0.53666049,0.036519856,0.021635912,0.09910685,0.015359375,0.54623639,2.433968
0.81990709,1.8010044,0.49607271,0.036028822,0.02825307,0.090113731,0.011540856,0.58748377,2.3662204
0.81573833,1.5356248,0.49243341,0.035473973,0.014050778,0.068604261,0.011317201,0.60518456,2.3214152
0.80007067,1.4538818,0.4961627,0.038867658,0.022956956,0.073002374,0.013485634,0.63082749,2.2637213
0.81432461,1.198334,0.49817978,0.03809838,0.025201939,0.06490279,0.014258753,0.6180748,2.2772173
0.81471658,1.1594173,0.51833202,0.032365062,0.014919376,0.072252513,0.011327451,0.52902088,2.3303644
0.80795472,1.1743278,0.47342045,0.052119742,0.02473097,0.078406741,0.017627176,0.46762452,2.1670881
0.80783475,1.064376,0.44446935,0.038568309,0.051584002,0.089481245,0.022018909,0.47405492,2.1666666
0.8630096,1.785549,0.47832263,0.037771619,0.013782696,0.088924547,0.010496402,0.50264054,2.4331281
0.79128434,1.6693973,0.5587731,0.013819054,0.02536028,0.092261429,0.014323855,0.59525768,2.5049879
0.82186856,1.7137544,0.46143772,0.013201581,0.015091484,0.066390535,0.011270492,0.57273542,2.4063145
0.85246238,1.7141357,0.45960188,0.013823563,0.010667652,0.095955873,0.012715911,0.57766664,2.4791961
0.80224473,1.9128412,0.52438311,0.057018776,0.018524997,0.06037012,0.010607204,0.47570646,2.2906462
0.84685182,1.3910929,0.51527062,0.019130067,0.019413632,0.095564803,0.012682038,0.63550002,2.5049133
0.8579894,1.1807795,0.51852966,0.017368265,0.018355983,0.089157427,0.014005467,0.65884318,2.5229892
0.80036113,2.0182207,0.48310546,0.053640342,0.013233209,0.052890274,0.010408392,0.49500954,2.2439958
0.79899205,2.0094094,0.48659588,0.040826095,0.028357139,0.074024857,0.010076226,0.53757743,2.2991321
0.8115347,1.4972724,0.55847096,0.039839304,0.012057645,0.090073233,0.013239921,0.64303413,2.3947668
0.8245658,1.6496481,0.55801172,0.027426107,0.012785291,0.089406362,0.015167226,0.53892732,2.5143446
0.7934262,1.7364794,0.43373112,0.02902707,0.026494932,0.066271905,0.010398519,0.54414539,2.2141762
0.79209774,1.7713554,0.56037997,0.027330862,0.019977938,0.079307875,0.010120753,0.46395985,2.4500218
0.84746065,1.8939821,0.38054621,0.022071035,0.024376029,0.076690982,0.01208893,0.50915303,2.2919744
0.80271991,1.5345563,0.51964773,0.025175478,0.028481844,0.08596143,0.012008786,0.50383537,2.3831394
0.80764883,1.8967882,0.52304497,0.027198685,0.017123627,0.076053008,0.011851404,0.72653636,2.4391896
0.78215188,2.136903,0.60960541,0.046248812,0.016213684,0.081306492,0.01666754,0.60533095,2.4702349
0.76823175,1.8190179,0.60848956,0.028740777,0.011644068,0.070032773,0.010606109,0.65224354,2.4741764
0.87722901,1.7656514,0.43099182,0.034991519,0.026176479,0.080270295,0.011185589,0.54775129,2.3934161
0.78789176,2.0238795,0.57074583,0.036951968,0.022372636,0.088973554,0.018815547,0.57945392,2.4444432
0.78874515,1.7777262,0.54381734,0.03227796,0.013249724,0.069234894,0.011304678,0.63618169,2.3862122
0.80254874,1.7682503,0.51543642,0.044935814,0.023318373,0.071423275,0.010953748,0.65069983,2.3115894
0.8035069,1.4909762,0.46138082,0.037327376,0.017381719,0.065136328,0.011507893,0.65074242,2.227428
0.77402586,1.7091196,0.53738968,0.033893877,0.026066524,0.071332929,0.012314185,0.55450594,2.3192425
0.80538346,1.8863338,0.58576238,0.026184176,0.011501553,0.087583449,0.011671725,0.69290901,2.5580831
0.81582608,2.0244995,0.56015827,0.025121107,0.010638124,0.089542398,0.013946701,0.80873901,2.5628627
0.8024171,1.9650356,0.53164897,0.026895625,0.011327237,0.084935021,0.012674158,0.66632377,2.45264
0.83759763,2.1404586,0.46708868,0.024949174,0.01233741,0.078132006,0.011701314,0.52081476,2.4473151
0.80126384,1.7281806,0.4508676,0.026923429,0.020507062,0.069860448,0.012333357,0.58990123,2.2717363
0.82977173,1.8013773,0.45529616,0.033082176,0.028549734,0.074988607,0.011741981,0.68364958,2.3316299
0.81320208,1.708559,0.50941649,0.048746563,0.017233471,0.087901262,0.015595769,0.50397949,2.3045709
0.82246182,1.7178086,0.45498154,0.039294867,0.013186196,0.072074345,0.012584153,0.6083673,2.2783297
0.82707603,1.8559861,0.50005068,0.035973208,0.029983612,0.091324246,0.010305269,0.59017454,2.3982338
0.81955484,1.9351928,0.56534964,0.054943952,0.036034063,0.088341961,0.010120993,0.51740072,2.4142819
0.80464993,1.5814348,0.50074968,0.018584754,0.014147733,0.075080064,0.010196276,0.68841854,2.3932054
0.80908626,1.8539788,0.57517089,0.039594688,0.017351691,0.079541418,0.010671573,0.75987528,2.4693695
0.82260312,1.5535872,0.52220659,0.027288317,0.013520878,0.095003337,0.01015396,0.54973924,2.4317185
0.81553499,1.5946196,0.52380767,0.047191902,0.011193739,0.081340641,0.010237271,0.64668589,2.3268636
0.77334521,2.0211561,0.52169136,0.017928105,0.028706428,0.083798725,0.016531161,0.56568036,2.4108109
0.83692639,1.7103674,0.52155089,0.043733732,0.021396155,0.079683756,0.011440243,0.49746377,2.406995
0.77169557,1.761634,0.48225463,0.028008155,0.020578882,0.074879412,0.015696282,0.54277777,2.2510356
0.83136031,1.6063732,0.47280028,0.025318888,0.026384131,0.092639977,0.011693286,0.75588021,2.3816305
0.8336715,1.4602925,0.5344623,0.046247398,0.018264993,0.087987489,0.011478274,0.69689763,2.3773187
0.84603369,1.6468954,0.51380064,0.033865346,0.012746496,0.078896275,0.011062791,0.58923085,2.4563587
0.8108097,1.5577676,0.46896287,0.02912078,0.032597277,0.084785227,0.01450763,0.62645464,2.2999779
0.80750448,1.6906223,0.45039602,0.035108126,0.015830949,0.056721536,0.011965335,0.4644222,2.2482507
0.82502603,1.7458286,0.53708531,0.03499494,0.021309514,0.097742292,0.010739996,0.64730963,2.4508318
0.83891766,1.6011409,0.49797392,0.035154744,0.013289467,0.092824894,0.01831456,0.52916199,2.3986293
0.83294425,1.3837964,0.40356335,0.028129443,0.011157094,0.096990876,0.014637606,0.5103877,2.2328938
0.82932988,1.3241269,0.45111625,0.023378273,0.010231401,0.092901865,0.015286409,0.48047803,2.3176101
0.79486638,2.086424,0.56808564,0.041143924,0.010922391,0.079099778,0.010743524,0.6857736,2.4452549
0.8400346,1.8590803,0.51755629,0.037226485,0.010993323,0.071681944,0.011190768,0.55944638,2.457468
0.78894147,1.7756288,0.5107215,0.02614877,0.015834009,0.062300031,0.015323056,0.56820392,2.3569331
0.79654525,1.8741313,0.49177136,0.045184679,0.015343683,0.062286387,0.01254953,0.53597801,2.2681481
0.78562403,1.9871354,0.51549977,0.032644952,0.034743049,0.068817506,0.010509689,0.5182022,2.3523976
0.81660726,1.687551,0.48368125,0.040519434,0.014247004,0.071017503,0.01235257,0.57013434,2.3037198
0.8154171,1.7737101,0.5279868,0.029032294,0.018795815,0.088560349,0.011106379,0.5973423,2.4432018
0.80677523,1.416122,0.48584903,0.047517095,0.016986194,0.067224294,0.013612937,0.57066206,2.2244871
0.83944166,1.796627,0.50274826,0.042728618,0.021717548,0.083725745,0.015401934,0.64939412,2.3958458
0.81996901,1.7717873,0.57279708,0.02506028,0.015823642,0.094559173,0.010343715,0.72191353,2.561286
0.80597331,1.2729591,0.49068214,0.02524514,0.017524043,0.068717405,0.014794077,0.45162159,2.3099677
0.84399772,2.2094216,0.51334245,0.037528574,0.01104814,0.079846844,0.010934542,0.70970711,2.5017031
0.81628411,1.9470642,0.49485986,0.042961762,0.014273549,0.077484846,0.012525783,0.4697344,2.3404023
0.81881818,1.9801645,0.54772039,0.032748242,0.018515189,0.060729839,0.010487026,0.55786904,2.4979567
0.80917603,1.9564985,0.49858706,0.039146415,0.02697499,0.091242989,0.02000236,0.58548368,2.3474577
0.81039661,1.7936023,0.50924546,0.036490578,0.042678411,0.088787403,0.012382527,0.56000258,2.3623509
0.86214259,1.5389568,0.41549178,0.029950606,0.010597816,0.082917808,0.010849231,0.51146311,2.3301328
0.79001227,2.0038427,0.6114954,0.021598785,0.030289141,0.097310888,0.010238731,0.57785236,2.6139936
0.82517729,1.7595133,0.51840133,0.049366778,0.019241028,0.087848275,0.017472171,0.5509956,2.3524326
0.85334049,1.5695232,0.45386314,0.023438898,0.014295203,0.0976302,0.013571016,0.55360931,2.4080794
0.87205488,1.6351102,0.49087048,0.058199825,0.013479049,0.097298979,0.011532109,0.66615132,2.3710601
0.76858105,1.4185349,0.60455646,0.042457219,0.012622852,0.048343777,0.01099929,0.61522402,2.3312864
0.75343198,1.3072908,0.62287682,0.037687477,0.011486476,0.056032423,0.011702605,0.59495709,2.3251015
0.83122412,1.6452008,0.56686439,0.033428936,0.01078777,0.093559918,0.013224625,0.57119482,2.5149411
0.80885614,1.83857,0.4922694,0.031513299,0.013756405,0.074460501,0.011774801,0.7046688,2.356668
0.79821017,1.6353142,0.58174838,0.035927109,0.01124978,0.065318072,0.011869457,0.58056363,2.4388851
0.84546771,1.7864547,0.42485028,0.028075728,0.010460991,0.073579127,0.01128203,0.57589963,2.3356483
0.87272918,1.629267,0.45846109,0.026239217,0.011642607,0.083353711,0.010418597,0.5768784,2.4586652
0.78728207,1.761541,0.50637071,0.047265198,0.045553793,0.08837347,0.019286048,0.51679072,2.2476414
0.79515178,2.0470501,0.53607574,0.031346508,0.020375011,0.090034766,0.012235971,0.59669283,2.4301714
0.78537807,2.0261147,0.55312149,0.031452755,0.013862659,0.093062932,0.010679642,0.64421376,2.4335938
0.84083474,1.7871643,0.52638516,0.04763315,0.028058889,0.093153247,0.01338661,0.55457016,2.4163529
0.78660012,2.0362829,0.51413264,0.023581027,0.014914514,0.07154024,0.010644618,0.65712974,2.4035458
0.82907181,1.5230993,0.5168352,0.028691975,0.021718536,0.08932416,0.011669134,0.60401077,2.4281441
0.80132809,1.3161868,0.53399881,0.041403066,0.013412917,0.079133381,0.010892288,0.65968229,2.2981814
0.84726263,1.4994887,0.44464033,0.039881134,0.02696184,0.098347441,0.013597505,0.45621728,2.2986231
0.81622168,1.7272545,0.50240388,0.037340854,0.018934369,0.093606641,0.010013619,0.54103012,2.3533114
0.85168259,1.8700056,0.53566111,0.023391726,0.023425179,0.097702376,0.010044657,0.60841683,2.5972214
0.77335844,1.709096,0.57458589,0.017783817,0.033373966,0.097592488,0.010045381,0.62261926,2.4690931
0.86437719,2.3556482,0.50877119,0.05355697,0.012832759,0.095274447,0.012109267,0.74257683,2.4839642
0.78956358,2.2052299,0.54138941,0.025889035,0.01214021,0.098216624,0.012928071,0.58042562,2.476628
0.81045772,2.2421223,0.52143357,0.037295049,0.012154044,0.096015513,0.014784466,0.57602778,2.437297
0.82929468,1.4624466,0.50046427,0.036396644,0.010578616,0.083106212,0.010760337,0.59098675,2.3565604
0.81394432,1.3390501,0.55365877,0.049645638,0.011510275,0.053635757,0.011752188,0.61325402,2.3258001
0.80590492,1.5729555,0.55804843,0.028304759,0.011065991,0.092941282,0.015608185,0.59167516,2.4487509
0.79099061,1.4975311,0.54059811,0.028983329,0.011068723,0.09057468,0.02135394,0.60560015,2.3647095
0.82467198,1.4461471,0.52705632,0.029469185,0.018947489,0.095745097,0.010996227,0.54341804,2.4207749
0.82261899,2.1660918,0.52971276,0.040288357,0.015919703,0.073705832,0.011847001,0.67806821,2.4596681
0.792658,2.0997469,0.52623735,0.028225228,0.026647201,0.088159626,0.010670144,0.53755634,2.4277123
0.76603962,1.8396486,0.51130592,0.044085605,0.016452071,0.063396051,0.015894029,0.48995127,2.2253208
0.80821046,1.706231,0.6180073,0.028770424,0.01506066,0.0942239,0.010834535,0.6772111,2.5826347
0.80826976,1.6867807,0.64064858,0.031741809,0.027515783,0.094111306,0.010710896,0.67491454,2.6036187
0.76918804,2.0754453,0.54659829,0.037008597,0.010609859,0.066925621,0.013478737,0.62567295,2.3578571
0.83748729,1.6596035,0.50331472,0.034551241,0.018353148,0.097370975,0.010674407,0.56040544,2.4140526
0.8359028,1.4519459,0.48208828,0.034624852,0.016860981,0.06230994,0.010490336,0.58582087,2.3496105
0.86453924,1.7635893,0.48990557,0.035109484,0.01283775,0.08352962,0.010327565,0.50879215,2.4680904
0.82437717,1.6469572,0.44901296,0.034182399,0.025821853,0.081007682,0.011431545,0.52436123,2.2871909
0.80920874,1.8608288,0.52888127,0.025720846,0.012593158,0.084827305,0.011088436,0.65905011,2.4573303
0.82966462,1.5699673,0.52448519,0.048220657,0.023297918,0.087715606,0.012430317,0.54289094,2.3558371
0.8173914,2.0759235,0.47400272,0.02843722,0.02103387,0.082892188,0.013486466,0.67638404,2.3857004
0.83438071,1.6011192,0.55177968,0.048796489,0.014750342,0.085674957,0.011043231,0.6667326,2.4132752
0.84800243,1.500339,0.55640578,0.052588045,0.01524308,0.078752587,0.013936819,0.72479192,2.4239878
0.83159158,1.1968617,0.60703406,0.03884015,0.021233055,0.082974783,0.012507926,0.5398068,2.4870214
0.81053127,2.3817504,0.452079,0.024889292,0.019005372,0.083000458,0.011970193,0.6585875,2.3745015
0.81034291,2.3260505,0.440575,0.023261789,0.034696164,0.078215688,0.01531655,0.64474801,2.3521057
0.82654028,1.4755134,0.53267037,0.028089012,0.017293984,0.089644531,0.010205732,0.65527054,2.4463038
0.82079666,1.4537152,0.45412313,0.042349964,0.044975917,0.084496247,0.01031478,0.58721468,2.2348159
0.8720162,1.8092361,0.49519411,0.032827127,0.01463797,0.090851415,0.010182825,0.53043352,2.5133434
0.81152371,1.676969,0.56878376,0.040335537,0.037457074,0.098207899,0.011886404,0.63528221,2.4349371
0.81719061,1.463477,0.50723707,0.03508466,0.011709173,0.067699744,0.012098638,0.54765918,2.343077
0.8076211,2.2645511,0.55682947,0.031862722,0.03692312,0.087787756,0.01145755,0.65245243,2.5318316
0.8614942,1.2523041,0.47758012,0.037160156,0.020951626,0.072832014,0.010088008,0.57849196,2.3738439
0.8349581,1.7809186,0.46503369,0.03999112,0.017509601,0.094903754,0.016232859,0.58222043,2.3296881
0.83156444,1.5970211,0.50340042,0.036561633,0.012553319,0.087129774,0.012696582,0.57950793,2.3822318
0.82921553,1.4150468,0.54106903,0.035868621,0.010669318,0.07843327,0.01175788,0.53780288,2.4204238
0.81090793,1.4892462,0.49690185,0.041338036,0.010875673,0.059204069,0.012055702,0.44293466,2.2855055
0.81457864,1.7365396,0.58178958,0.026695666,0.017041305,0.082514678,0.012409256,0.72978268,2.5490066
0.82273281,2.0365867,0.55297371,0.027242536,0.011090118,0.089898769,0.010053295,0.55121254,2.5566556
0.81775017,1.4759938,0.48227781,0.043966083,0.011294921,0.070443196,0.013798234,0.62521341,2.2669321
0.81330927,1.5267642,0.50599262,0.03339212,0.011187274,0.068010193,0.012801959,0.62981819,2.3464615
0.81354026,1.9008666,0.47608695,0.031664826,0.012066746,0.092314944,0.015472689,0.50941273,2.3454193
0.80588818,1.7428884,0.56564811,0.045556028,0.016087489,0.076157686,0.010756498,0.63375895,2.3983609
0.76476962,2.0572276,0.54295803,0.033390489,0.020472712,0.0556275,0.010603838,0.62235312,2.354892
0.82387743,1.994525,0.56438,0.041720497,0.014926377,0.070884889,0.010876977,0.65329576,2.4975358
0.79617783,1.9410631,0.59315602,0.033887824,0.011372531,0.092083643,0.012834391,0.63853459,2.512342
0.79956743,1.7358616,0.49522431,0.032438925,0.048155789,0.087844667,0.010109417,0.60216433,2.321949
0.85836921,1.8899848,0.5505914,0.044879745,0.012216602,0.083600311,0.011242262,0.66484316,2.5303001
0.81219051,1.4322921,0.47654823,0.030072395,0.011757322,0.084801108,0.011283215,0.73086146,2.2985334
0.83659401,1.5971001,0.52636063,0.035008847,0.017948951,0.075045477,0.010566542,0.66182434,2.4423313
0.78700998,1.5496964,0.54610117,0.036946578,0.014569293,0.070258751,0.01336846,0.63862463,2.3317358
0.87331785,2.0950938,0.44112271,0.033950187,0.012953009,0.095417154,0.012551125,0.61367056,2.4382907
0.84317929,1.8013188,0.44881574,0.033036154,0.023047189,0.086276119,0.011611491,0.6185355,2.3535082
0.84831364,1.7288554,0.47964929,0.033684982,0.02002912,0.086816132,0.011735792,0.67280966,2.4113569
0.83579963,2.1597879,0.44609679,0.033009458,0.013038145,0.089258198,0.01549179,0.6967768,2.3658754
0.81333321,1.8865152,0.56663877,0.036269305,0.018733411,0.075332642,0.010263959,0.65137901,2.4871794
0.80867504,1.6468395,0.57575951,0.042801656,0.018413818,0.077469942,0.01027947,0.62107987,2.4226073
0.77218145,1.8160683,0.53722045,0.035402712,0.015127351,0.063923525,0.010381883,0.64249768,2.3212455
0.86653346,1.429701,0.41952596,0.039124604,0.027168528,0.095618723,0.010833231,0.532935,2.3015503
0.83048234,1.6324438,0.39042869,0.029667907,0.017059367,0.090164899,0.012100481,0.53632095,2.2189568
0.83764733,1.4995453,0.42840592,0.026576091,0.016055933,0.095772655,0.0284885,0.54326404,2.3026563
0.80362417,2.059041,0.52863524,0.015213215,0.014733525,0.077828149,0.010000165,0.63605831,2.5265929
0.82827662,1.2289694,0.48060987,0.045770661,0.024990136,0.068560536,0.010002088,0.54055866,2.2570969
0.81338582,2.1798539,0.50580535,0.031290297,0.013213484,0.098577502,0.010007764,0.65129377,2.4361051
0.85643606,1.7308567,0.56268678,0.041487481,0.014758138,0.091654647,0.010138077,0.7004286,2.5428713
0.7897973,1.5483681,0.56710802,0.026372613,0.024648222,0.061991342,0.012265141,0.4160478,2.4282836
0.82670391,1.7856871,0.509979,0.035888088,0.022286587,0.098305029,0.011206273,0.56111102,2.4071446
0.85889035,1.7244503,0.46579932,0.036248311,0.018218436,0.06585412,0.010827895,0.65841866,2.4009172
0.82836907,1.6405851,0.50339992,0.041565834,0.011254246,0.092785131,0.01326385,0.4315169,2.3563134
0.85905558,1.8213091,0.4347557,0.037243812,0.023550278,0.081419146,0.011258454,0.63090838,2.3513572
0.77778227,1.804872,0.56580821,0.030549178,0.017513302,0.072518516,0.010572976,0.55777747,2.4096227
0.78941986,1.7479129,0.64276607,0.052637476,0.025642598,0.066224728,0.010177903,0.63849695,2.4497256
0.78975535,1.8474542,0.6415002,0.039824046,0.019627935,0.073571966,0.010190103,0.70880215,2.5354271
0.78873741,2.0121057,0.65199697,0.043827881,0.017363893,0.077141188,0.010160803,0.68611671,2.558283
0.78065552,1.8746618,0.60386408,0.02317915,0.021863606,0.094633678,0.010193751,0.65591894,2.5411266
0.78605235,1.8293054,0.60014717,0.024258325,0.026235044,0.092930517,0.010256344,0.65455219,2.534937
0.78862412,1.5075505,0.51787845,0.024057394,0.052075535,0.094950761,0.012115615,0.56928205,2.3449933
0.81207377,1.8309196,0.5462905,0.024463085,0.022739385,0.093328979,0.011802978,0.58523108,2.5009838
0.81330904,1.4547246,0.56166026,0.021051109,0.037611718,0.096870887,0.013803764,0.55676518,2.4974955
0.86014283,2.1291285,0.47853818,0.038100067,0.02202663,0.099905795,0.010320128,0.68241302,2.4623479
0.80760586,1.1972453,0.56003208,0.049048425,0.021179742,0.063370677,0.013192093,0.54408873,2.3029638
0.8154767,2.1591308,0.49776648,0.022627421,0.017553928,0.078079681,0.011790816,0.62620547,2.466821
0.84051871,1.8327587,0.46747747,0.027050187,0.013462917,0.084048202,0.011320041,0.4963572,2.4116846
0.8339032,1.5692026,0.49757145,0.048065529,0.042469811,0.096332562,0.010422402,0.59968157,2.3239376
0.82152162,1.6712566,0.52803189,0.035192093,0.016003408,0.094570999,0.010320089,0.59401071,2.4149139
0.8387138,1.9649694,0.52496519,0.039901325,0.018030426,0.069315892,0.010403914,0.69217866,2.4678681
0.84905402,1.5066663,0.48883567,0.036279472,0.019487704,0.093016888,0.011118335,0.65946728,2.3926645
0.85348632,1.4819154,0.49593808,0.048348083,0.028007114,0.082417277,0.010812508,0.70050416,2.3589234
0.84776423,1.4922467,0.44926394,0.037102709,0.018581443,0.095805467,0.011105348,0.66619615,2.3181477
0.85692948,1.716278,0.46122958,0.045629145,0.022083105,0.09225327,0.012984227,0.72282333,2.3468106
0.80405954,1.8952121,0.51975493,0.033652825,0.027739136,0.091299926,0.010627894,0.63408299,2.3911923
0.80476039,1.9236957,0.53539913,0.045218478,0.024324466,0.064931351,0.010256765,0.53798591,2.3694093
0.81191426,1.6729133,0.54121985,0.04421944,0.029903312,0.085355432,0.010318979,0.5014479,2.3696687
0.79632165,1.9877894,0.48320713,0.032795859,0.010477501,0.089597155,0.010661219,0.55759254,2.3195713
0.80334066,2.0347616,0.54663781,0.037957499,0.010593682,0.069651319,0.010950851,0.5341626,2.4361662
0.8567953,1.7366277,0.4422797,0.03461673,0.01019477,0.070575126,0.010219198,0.61303606,2.3623517
0.86397992,1.6230299,0.45514134,0.037409823,0.01041478,0.085068327,0.010268671,0.56656966,2.3794876
0.7897941,1.8545864,0.60481873,0.038959523,0.031341884,0.096614821,0.011202329,0.5220395,2.4752419
0.79633747,1.7983805,0.48097817,0.03794163,0.01163254,0.068497767,0.011462665,0.77410083,2.2717709
0.83966998,1.8217426,0.39046273,0.034664769,0.035191675,0.094376071,0.010044789,0.52542418,2.2370831
0.8299082,1.6270043,0.50429218,0.04948752,0.011435904,0.083255803,0.01432413,0.52421175,2.3251876
0.8781846,1.8865285,0.4252735,0.033376176,0.018658126,0.08626464,0.012176222,0.54687667,2.4031668
0.82441841,1.6187325,0.47806903,0.048922434,0.021059253,0.078374718,0.011351216,0.47234755,2.2714223
0.77049695,1.9081092,0.61997103,0.023706313,0.015641574,0.083296204,0.011687332,0.78071725,2.5468362
0.77996133,1.7007039,0.62324494,0.022157494,0.012193606,0.069162559,0.013659572,0.647683,2.5525889
0.76413736,1.6802693,0.61261952,0.022323644,0.012990146,0.079794837,0.013321698,0.66840459,2.483824
0.79430073,2.1240507,0.46123793,0.01957545,0.011004205,0.057440562,0.012154659,0.60961269,2.3490389
0.82484992,1.3606995,0.45988598,0.029564992,0.011123125,0.082659704,0.011932025,0.63857365,2.297603
0.83314407,1.4077531,0.45383281,0.03015589,0.011105622,0.087990681,0.012207385,0.60847456,2.3105805
0.82972165,1.3111201,0.57763255,0.04332517,0.024503664,0.071689927,0.011377886,0.57292085,2.4295262
0.8071381,1.3491009,0.48547944,0.031228378,0.025930304,0.095994718,0.017373637,0.52687984,2.2860604
0.82008888,1.5794737,0.56649143,0.043501466,0.018008745,0.073357642,0.010450329,0.55439427,2.4236293
0.82388914,1.7281119,0.43003313,0.037820365,0.015124956,0.06736658,0.010148554,0.55700002,2.2467387
0.82237493,1.7080105,0.43200567,0.028996755,0.015341268,0.062115377,0.010134082,0.59838741,2.2802809
0.82957565,1.8386463,0.5385775,0.045514971,0.011599103,0.066555431,0.010391091,0.51562468,2.4255282
0.82235449,1.9511943,0.50969586,0.024397034,0.037018495,0.09254343,0.011577731,0.70112179,2.4733972
0.82125871,2.0198644,0.51502302,0.029494175,0.035445628,0.090221876,0.010682817,0.69306135,2.4634055
0.8343543,1.4214071,0.46873409,0.030114341,0.01368908,0.076843161,0.010689224,0.43879141,2.3402121
0.81749273,1.4706035,0.52497987,0.033459076,0.019224562,0.093991106,0.010478728,0.62062033,2.3820296
0.86297258,1.7941732,0.5311807,0.036443901,0.020158885,0.095606457,0.01041065,0.59286338,2.5372154
0.7906209,1.8951348,0.42307674,0.032988281,0.016959414,0.064553665,0.014596077,0.50664475,2.1877415
0.82761888,1.8380714,0.55319827,0.051944703,0.018243951,0.076367001,0.012126893,0.64635131,2.4150278
0.78710399,1.8265747,0.52588278,0.028527474,0.02291813,0.069045488,0.011594285,0.62472829,2.3747141
0.85723131,1.7393413,0.49523351,0.036396898,0.015436504,0.089402345,0.012610034,0.57943115,2.4503314
0.79397916,1.528008,0.56028591,0.036231241,0.018950679,0.074946846,0.013240226,0.67548467,2.3739973
0.8273104,1.6565527,0.49852226,0.029365261,0.021047537,0.081559715,0.012369022,0.64914191,2.4039998
0.79059345,1.7720022,0.53580617,0.035922329,0.018750008,0.084517185,0.013574481,0.4947495,2.3581384
0.81791697,2.0374764,0.57500563,0.040643828,0.028465398,0.064084073,0.011996768,0.5541499,2.5137691
0.82029957,1.5040233,0.4670922,0.052607688,0.039882065,0.067788178,0.010863012,0.54325452,2.218522
0.80998224,1.7924727,0.55851545,0.021493804,0.010587677,0.088332053,0.016297073,0.58915148,2.5300425
0.83454179,1.7902035,0.48098582,0.048614996,0.010196464,0.095237463,0.010754721,0.53961706,2.3201509
0.85333024,1.8950136,0.43605001,0.031249839,0.010410182,0.066654115,0.019550256,0.57520796,2.3721424
0.86170601,1.4997631,0.51005729,0.043379378,0.018399631,0.099760762,0.010120313,0.54821774,2.4265489
0.79828013,1.618316,0.53416972,0.028066102,0.037636532,0.065895938,0.01013697,0.64606788,2.3936381
0.79828013,1.618316,0.53416972,0.028066102,0.037636532,0.065895938,0.01013697,0.64606788,2.3936381
0.8324208,2.0353865,0.51728054,0.026705887,0.014452927,0.093125758,0.010511194,0.51547124,2.5134528
0.82245607,1.6071028,0.57889381,0.036068377,0.016795987,0.096768168,0.01208179,0.53983527,2.4933036
0.81262786,1.7698804,0.4587905,0.031064853,0.033905021,0.098196308,0.012634414,0.48921541,2.3006074
0.81672559,1.8035713,0.47104016,0.026783365,0.01954761,0.098704684,0.016235941,0.48532457,2.3559327
0.82457528,2.0175856,0.46618474,0.024177032,0.021562323,0.096866311,0.014410164,0.58064844,2.402517
0.8013276,1.6878312,0.57419701,0.045380896,0.020839727,0.062016104,0.01092364,0.64295781,2.3940039
0.80950577,1.8195105,0.54237088,0.024905251,0.014914097,0.08015838,0.010216296,0.60443072,2.4825863
0.81985561,1.8839797,0.4496923,0.030512999,0.011044738,0.063732771,0.01005976,0.60147477,2.3163521
0.79292967,1.6421331,0.58304583,0.026209755,0.0286691,0.094672435,0.018206974,0.57937363,2.4805327
0.84869275,1.2164529,0.4791394,0.037876349,0.017610284,0.092003198,0.01018419,0.54325691,2.3373414
0.82614358,1.6855409,0.52648682,0.036247358,0.030692362,0.090382629,0.01176238,0.59796196,2.4207792
0.84411448,1.6760691,0.54334452,0.039178207,0.023032418,0.092138194,0.012553059,0.71050662,2.4809965
0.7888902,1.683069,0.53639702,0.033797326,0.022105972,0.077527991,0.010702685,0.57521381,2.3532261
0.80194501,1.7344005,0.54354667,0.032005379,0.022205872,0.071793811,0.010687547,0.56714773,2.4157931
0.81884868,1.9494305,0.46685067,0.042084407,0.030382852,0.085127131,0.01855334,0.518258,2.3016391
0.83936272,1.7792196,0.48208386,0.039677149,0.017384753,0.084506604,0.011133904,0.65652827,2.3714323
0.8072805,1.6103737,0.49292109,0.026972016,0.027542093,0.081682887,0.011963666,0.59811536,2.3484028
0.8054624,1.9926806,0.51958818,0.036252596,0.021603273,0.078013287,0.010717352,0.58044439,2.3942601
0.83191149,1.618665,0.5110242,0.043083998,0.017039283,0.070390935,0.010796345,0.61063178,2.3685243
0.8251325,1.5854076,0.47799696,0.03922363,0.011565065,0.072238606,0.010723258,0.62926278,2.3100496
0.7806335,1.877583,0.57840311,0.037353164,0.011503939,0.065539472,0.012491273,0.61756415,2.4154407
0.77094614,1.8639588,0.55867924,0.034046937,0.010494193,0.064902944,0.014246383,0.61206421,2.3693139
0.84337888,1.7632427,0.51329847,0.039673801,0.010271209,0.090955311,0.010342747,0.65673737,2.4346543
0.85303339,1.6336926,0.44484188,0.045151847,0.010128238,0.060220696,0.011485393,0.58405857,2.3043063
0.80328924,1.7383293,0.57255704,0.025346108,0.041940641,0.095264275,0.012500283,0.709275,2.5088792
0.81030708,1.9034024,0.47317477,0.037591188,0.011325096,0.084026046,0.010723206,0.4926013,2.3059813
0.81991078,1.8561114,0.5180842,0.034424251,0.011089856,0.086974379,0.010756633,0.54494426,2.4202308
0.81751715,1.8861844,0.49900716,0.0403616,0.010797754,0.086894231,0.010700338,0.50874788,2.3554601
0.82184828,1.5239707,0.49294878,0.046691737,0.02534115,0.095743116,0.0132122,0.6157097,2.2876137
0.80351221,1.2161706,0.54658121,0.027017872,0.029327674,0.058540712,0.010677485,0.54325917,2.3793944
0.79685267,1.5035711,0.47473962,0.030358852,0.012021293,0.075578839,0.010682068,0.64016528,2.2631245
0.86293026,1.9611225,0.52985929,0.029179362,0.010257929,0.083424543,0.010382721,0.58610035,2.5953186
0.81686048,1.5678993,0.48660568,0.037710516,0.012748304,0.071874326,0.01861257,0.5836864,2.3082733
0.81712323,1.7498968,0.56335774,0.029661293,0.020132427,0.09493513,0.010899834,0.62016458,2.5067089
0.84005034,1.7874598,0.47135363,0.049025654,0.013504094,0.080162789,0.011073921,0.49196279,2.3156318
0.79538276,1.5966368,0.55326795,0.043871762,0.025655303,0.067623494,0.010641199,0.68439696,2.3386848
0.80931817,1.9211515,0.56671936,0.031073845,0.016748349,0.076681228,0.010168907,0.81248357,2.5097287
0.8168891,1.915381,0.5199143,0.038543776,0.024337623,0.081265021,0.011136126,0.56204808,2.4032862
0.79531926,1.7786077,0.56026656,0.031675437,0.02194107,0.08042774,0.011578915,0.59058292,2.4364439
0.79413057,1.8394773,0.53033385,0.033574679,0.044179039,0.087221075,0.010691373,0.56018183,2.3779019
0.84694679,1.902709,0.49984724,0.044453318,0.015898135,0.084221571,0.011420411,0.56030651,2.4138668
0.85204605,1.8091051,0.49835769,0.047452613,0.015902266,0.074651167,0.011727397,0.56991523,2.3996999
0.78976316,1.7633805,0.51008164,0.031526902,0.019165447,0.092106282,0.011927065,0.63431292,2.3305511
0.84346328,1.8003713,0.44774199,0.030777711,0.017493207,0.097715721,0.010574645,0.53924532,2.3620798
0.84515855,1.9190456,0.49973924,0.044636632,0.024297532,0.09530182,0.013584787,0.59114361,2.4102566
0.81069892,1.7633134,0.57103309,0.039457962,0.010649944,0.071599486,0.012036695,0.59488067,2.4536504
0.83917966,1.908038,0.49599462,0.027868054,0.016208103,0.075448018,0.010104144,0.51165622,2.4672706
0.82485513,1.7362418,0.45460085,0.049470521,0.016792332,0.066832536,0.010149557,0.52932009,2.2447166
0.81072693,1.6406364,0.46495646,0.038620383,0.013419199,0.075059929,0.010122667,0.51543286,2.2610292
0.79509045,1.8557616,0.54010299,0.032888646,0.01708479,0.091348376,0.01866839,0.62610673,2.4037036
0.80844578,1.8818412,0.59294989,0.031162008,0.023355967,0.073299305,0.010395197,0.62983131,2.5509173
0.85617452,1.6980797,0.44814135,0.033384504,0.027504739,0.093600912,0.014718741,0.57927673,2.3728334
0.85013911,1.7436075,0.48646289,0.035084592,0.017963361,0.076574982,0.012067899,0.5386734,2.423321
0.82146615,1.190445,0.48866528,0.035944892,0.015177666,0.070011383,0.011838966,0.49577745,2.2892045
0.82362592,1.5639995,0.61391605,0.040292748,0.012593513,0.089679441,0.013878654,0.60055012,2.5276179
0.83096107,1.3830321,0.63301433,0.050206648,0.014510708,0.091832236,0.011913017,0.61738219,2.4955025
0.80587311,1.449207,0.62064961,0.052704753,0.016368356,0.081352151,0.012592276,0.54734141,2.4081889
0.77592359,1.380021,0.57826882,0.021098345,0.017969938,0.075629975,0.014268137,0.50425288,2.4130367
0.79288999,1.323532,0.54846788,0.035244767,0.013242674,0.067143916,0.015449656,0.58895072,2.3285124
0.83776332,2.1381221,0.48249656,0.02575537,0.011807595,0.093293031,0.010818852,0.60540326,2.4747256
0.82278127,2.0237131,0.4940116,0.031165209,0.038523616,0.098037648,0.010869843,0.64676193,2.4189027
0.84062434,1.6051843,0.49091787,0.040955943,0.019265439,0.098956444,0.013710695,0.72016117,2.3648248
0.83583718,1.6581812,0.49326065,0.033485368,0.02800546,0.091088801,0.01129771,0.45768499,2.3969881
0.83175043,1.7983888,0.54531344,0.03551032,0.018606051,0.094206588,0.013378312,0.72589645,2.4877096
0.81323899,1.9758191,0.55135167,0.035334142,0.013840688,0.097377684,0.011501976,0.55617152,2.4760466
0.84007811,1.8214591,0.52419903,0.032757844,0.016653606,0.093237099,0.011486343,0.56630822,2.4875399
0.79486381,1.7262358,0.49238755,0.027687321,0.014759902,0.070778808,0.016996315,0.59342426,2.3257483
0.8096831,1.6049719,0.48134189,0.029044618,0.022872362,0.081813518,0.010278018,0.51897979,2.3240093
0.80389609,1.9007659,0.49303753,0.033046213,0.017878181,0.071805257,0.010329541,0.48058648,2.3455657
0.85213098,1.2820853,0.49914265,0.051895729,0.024933589,0.08264545,0.010394495,0.5814255,2.3235776
0.80865861,1.7860343,0.49258149,0.02372621,0.016301056,0.091995543,0.019510749,0.5571732,2.3878296
0.82649595,1.6732161,0.56633741,0.037111013,0.022644178,0.094158187,0.010387117,0.66752338,2.4859806
0.82098682,1.6430829,0.45207371,0.034995365,0.011163518,0.062329517,0.011568808,0.52273839,2.2802173
0.81978133,1.7249056,0.46845741,0.027962013,0.010342263,0.079771501,0.014327682,0.54480177,2.3449864
0.8214141,2.0074568,0.45370575,0.032800829,0.011565268,0.081408811,0.015542478,0.59244912,2.3301392
0.82818892,1.8635066,0.56607901,0.035541949,0.013511286,0.082501236,0.012215058,0.6157633,2.5257971
0.85682289,1.4552393,0.42934156,0.046713349,0.020501886,0.079109095,0.01069771,0.66885512,2.2668557
0.86481251,1.2107294,0.48934815,0.030000886,0.012672869,0.094244927,0.010820163,0.49463645,2.4297571
0.77715647,2.3542057,0.61146196,0.036058193,0.030940745,0.085476266,0.014282219,0.61233323,2.5522119
0.86975855,0.96150342,0.48367591,0.021557309,0.010641326,0.081956483,0.010547917,0.64265152,2.4459169
0.85990123,1.1644599,0.52985168,0.021894255,0.010869104,0.089783219,0.010392705,0.52835948,2.5213956
0.83391465,1.698819,0.39510687,0.022018641,0.011851349,0.080584422,0.016527159,0.49771669,2.2705644
0.82928235,2.0112105,0.54260633,0.055692764,0.040465623,0.089433697,0.010085025,0.58914119,2.4062328
0.81431531,2.1629692,0.42473829,0.022916626,0.016244515,0.06861789,0.010156631,0.45907732,2.31563
0.81005027,1.2880985,0.60908906,0.027843606,0.023096884,0.091982933,0.014348289,0.75437448,2.5074061
0.86403806,2.1714682,0.38800194,0.036614715,0.011993007,0.064356876,0.010950162,0.45514266,2.3102634
0.84274964,1.953706,0.48084137,0.045573942,0.015671905,0.077010832,0.011334819,0.62506543,2.3705074
0.83691108,1.9292733,0.50449396,0.043181335,0.014335962,0.075294098,0.010898091,0.62970857,2.4060017
0.79675876,1.7133969,0.55928142,0.032408255,0.024761084,0.08650471,0.011661536,0.52411556,2.4252897
0.79423213,1.7147579,0.54273842,0.037780918,0.025716157,0.067383453,0.011101238,0.54598979,2.362998
0.81381915,1.69428,0.48702875,0.037469231,0.015434702,0.071154292,0.011313096,0.81387159,2.3164552
0.80728421,1.8342137,0.53192169,0.040689998,0.01182435,0.095694194,0.012197826,0.44895873,2.3795601
0.80222514,1.9583057,0.53968589,0.03426325,0.011399467,0.098744873,0.011141314,0.52405965,2.4285347
0.8517719,1.9387099,0.49449021,0.023629329,0.015581072,0.091347643,0.010224604,0.74693494,2.5223415
0.81563883,1.9067695,0.48086759,0.023310813,0.028873211,0.086457838,0.010282182,0.60062571,2.3998694
0.78985366,1.6880901,0.58280425,0.050483316,0.011576995,0.068162175,0.013896084,0.53004242,2.3539437
0.79815086,1.6868244,0.53785578,0.018825042,0.024041615,0.078715496,0.010345792,0.67746462,2.4579204
0.79421042,1.7089247,0.52531187,0.025256249,0.018952428,0.058288523,0.01029452,0.55093705,2.3932444
0.83538353,1.7317095,0.51265082,0.025203446,0.020743454,0.097086103,0.015363743,0.63443187,2.4811249
0.82963136,1.6254702,0.50678591,0.033581931,0.015866066,0.095398364,0.011740261,0.65362246,2.4006157
0.80381692,2.0951193,0.55474667,0.036397582,0.033196075,0.092201753,0.010766169,0.56065999,2.4691529
0.79016542,1.9268076,0.43220761,0.034932017,0.041986007,0.087490478,0.011609019,0.57432009,2.1977899
0.84665793,1.7374995,0.45442783,0.035644907,0.035401736,0.091458698,0.010870499,0.45933254,2.3544401
0.83424141,1.7130401,0.46500795,0.037211975,0.036614066,0.091685586,0.011012066,0.46419779,2.3328317
0.83921481,1.6674568,0.45519429,0.037913728,0.056368754,0.09285897,0.010688374,0.47458292,2.3207136
0.86719981,1.5098286,0.45476192,0.053369263,0.014998511,0.092839159,0.014451045,0.48834098,2.3102648
0.86714738,1.334258,0.51789187,0.041584499,0.011145827,0.090630514,0.015256653,0.47930648,2.4419314
0.79769606,2.1330913,0.58490861,0.043056126,0.043190274,0.093967384,0.011768061,0.6891697,2.4811265
0.80155876,2.2015145,0.54198209,0.045431653,0.026855813,0.094929589,0.015477297,0.6773034,2.4086317
0.78866063,1.8468737,0.50304975,0.028866267,0.011748901,0.069259677,0.010108492,0.50386637,2.3379455
0.82602884,1.7123608,0.5278065,0.041475533,0.016664121,0.080728729,0.011819655,0.63922731,2.4009673
0.75832866,2.0691178,0.51368437,0.037807372,0.011560657,0.052190452,0.010198208,0.529259,2.2655141
0.81264492,1.4964338,0.55550018,0.032858365,0.016532395,0.081850658,0.014161645,0.60086057,2.4276134
0.81221494,2.074484,0.5629307,0.041281601,0.015088944,0.076118365,0.010480991,0.57186727,2.478264
0.81604258,1.8589093,0.57569151,0.027307211,0.011895145,0.089351777,0.010238415,0.70573448,2.5566878
0.78009766,1.5857088,0.6254781,0.020940566,0.021054961,0.08910498,0.018882624,0.60544134,2.5442475
0.81703174,1.7853738,0.51940408,0.029539721,0.021835859,0.09209698,0.010418022,0.71989302,2.4304912
0.79674279,1.9712054,0.56464395,0.038441067,0.019938029,0.065222975,0.012928815,0.55251606,2.4409425
0.87063235,1.4314253,0.4897804,0.045561972,0.019709499,0.085730405,0.010868636,0.62190576,2.3981923
0.82036067,1.8545656,0.4896252,0.033364927,0.019665911,0.07711289,0.011711464,0.45705107,2.3743379
0.78712631,1.5626515,0.45907944,0.02705445,0.018331498,0.054771727,0.012266224,0.50734547,2.2327482
0.82124422,1.4268926,0.45587176,0.035629313,0.015402164,0.098691126,0.013784243,0.6823402,2.2631219
0.86893417,1.7183292,0.48131013,0.035245875,0.027721146,0.083939728,0.01144132,0.54199309,2.4578248
0.85745445,2.087269,0.43682662,0.04957458,0.027293084,0.093680854,0.01160649,0.5587332,2.325326
0.83891462,1.2908434,0.48019855,0.033258776,0.015105693,0.075787957,0.012489176,0.50369697,2.3426993
0.83855423,1.4596721,0.44391208,0.038880534,0.038335706,0.085145819,0.010163786,0.60431815,2.2764684
0.84794861,1.4506607,0.48251831,0.041864881,0.017274035,0.086476509,0.010273849,0.59730844,2.3484252
0.81100255,2.0354605,0.51677929,0.023447974,0.017918151,0.097702912,0.022012315,0.58033812,2.4735418
0.8516546,1.4686091,0.42578234,0.03461917,0.012508804,0.069002896,0.011051022,0.64372826,2.2968502
0.8336983,1.6159571,0.46714943,0.032131307,0.017581331,0.07677451,0.01059103,0.58498685,2.347368
0.82115871,2.0147694,0.55158795,0.037819463,0.015703985,0.073301084,0.012126827,0.49875034,2.4896432
0.81514188,1.4942762,0.43307766,0.031293683,0.019953834,0.064011986,0.012649262,0.62588116,2.2349865
0.82900937,1.4480282,0.50395186,0.037101698,0.015658,0.085150075,0.012336592,0.62139251,2.3566862
0.82956992,1.5798786,0.47778771,0.042755329,0.020272067,0.086271874,0.013169918,0.62552588,2.3050846
0.8224935,1.5669443,0.46891263,0.03583841,0.020789676,0.086699383,0.012367784,0.63585856,2.3009603
0.81008044,1.9979308,0.50316198,0.03377794,0.01918777,0.068521747,0.010246197,0.65724827,2.388107
0.77314468,1.9645679,0.60427151,0.030247784,0.013922654,0.075033632,0.010844544,0.63640116,2.4953448
0.79542911,1.806249,0.51312042,0.036598657,0.012439416,0.070388432,0.010505413,0.65499049,2.3320213
0.83010899,1.483006,0.43296428,0.023874458,0.023532871,0.089180116,0.012108571,0.60191799,2.3017088
0.7933811,1.7208828,0.61261013,0.027901401,0.014506568,0.068437318,0.012796819,0.44889074,2.539303
0.85951898,1.8571781,0.4235255,0.042664471,0.019709925,0.090738512,0.011915787,0.72351382,2.3140326
0.81205642,2.0926023,0.53671777,0.029030854,0.011513996,0.077595109,0.011749227,0.51507092,2.4940681
0.83534202,1.628645,0.49054579,0.041548986,0.064093605,0.099183363,0.010824519,0.62781402,2.3509732
0.83073311,1.5730466,0.47367471,0.035061629,0.043362892,0.098590906,0.013300047,0.58402615,2.3336047
0.84381209,1.4230622,0.46825428,0.038754444,0.025615272,0.096555541,0.013725678,0.58340562,2.3255905
0.80993967,1.9236352,0.52970937,0.034781112,0.014791888,0.062049896,0.011031329,0.55796162,2.4228101
0.80168397,1.977104,0.53630106,0.029202496,0.01567401,0.091077905,0.014028269,0.76792463,2.4492637
0.83693904,1.5611871,0.54008206,0.028769496,0.011733096,0.095978076,0.010640533,0.76619271,2.4948584
0.82805291,1.421943,0.48927313,0.046213979,0.014800851,0.051695685,0.010875741,0.57080605,2.288156
0.82221531,1.5284643,0.48996279,0.040089793,0.031991397,0.089930168,0.01445703,0.61305682,2.3124662
0.82180297,1.7250636,0.50959959,0.030681299,0.028488591,0.091687215,0.011229925,0.61964994,2.4116753
0.77640044,1.5414892,0.5713462,0.03284218,0.013131536,0.052329652,0.013757838,0.54646888,2.3650151
0.79512775,2.1467882,0.64575178,0.035227646,0.037807697,0.094083202,0.010312182,0.6559641,2.6387688
0.75006349,1.9761759,0.57338607,0.035630096,0.011344863,0.066422342,0.013603566,0.62166905,2.3492104
0.7876435,2.0605878,0.59957953,0.026195636,0.010795553,0.082971796,0.012412712,0.62260376,2.565093
0.86010741,1.6777024,0.44460125,0.033391077,0.016855722,0.098458637,0.010494057,0.6963141,2.3742785
0.82251738,1.8122828,0.51266886,0.03971659,0.035900358,0.096522435,0.013015997,0.49892357,2.3863689
0.82435451,1.6296706,0.4623266,0.028800686,0.014976412,0.066996282,0.012882624,0.56108428,2.3317038
0.85276816,1.8168191,0.44735638,0.041426031,0.019267338,0.080462103,0.011945725,0.55510656,2.3402859
0.85838914,1.8107074,0.43246917,0.054044471,0.011356925,0.070896283,0.010888936,0.56411094,2.2786312
0.85220614,1.7690197,0.50053209,0.030426217,0.012680061,0.079980876,0.016984747,0.52524056,2.4799161
0.79911759,1.5894845,0.58907692,0.026631117,0.037987858,0.093826241,0.010162843,0.6148121,2.4977341
0.80867016,2.0674866,0.49673225,0.048083033,0.012238947,0.098152093,0.022601601,0.57927013,2.3160932
0.85284309,1.3513448,0.46127161,0.027628811,0.010585589,0.090511723,0.010315447,0.58325312,2.3781453
0.84149615,2.0179763,0.44410104,0.049309271,0.020060085,0.062930976,0.010518125,0.57089544,2.2944827
0.79665033,1.9625099,0.50450707,0.045318365,0.021664981,0.059269471,0.011520002,0.55981344,2.2996748
0.80384657,1.8834641,0.51643637,0.046883583,0.013751018,0.074978186,0.01319968,0.54100565,2.3217952
0.80306594,2.1283781,0.52100553,0.044653971,0.012749005,0.072887329,0.02047557,0.50743004,2.3680871
0.85426009,1.1712819,0.46858687,0.038052352,0.018918252,0.090439225,0.010147413,0.62347984,2.3294162
0.78742588,2.1101983,0.55278721,0.044437768,0.011629934,0.07067654,0.013682053,0.48080268,2.3848618
0.82392288,1.7215803,0.5276648,0.033969883,0.01142118,0.089294427,0.010980925,0.72982256,2.4330123
0.81966198,1.6590318,0.45857084,0.036439392,0.036550611,0.086941623,0.011073056,0.4191664,2.2834642
0.81570876,1.4767858,0.58088256,0.028834822,0.021171118,0.094870291,0.014114184,0.62908803,2.4983978
0.85235602,2.0528272,0.45759099,0.041784145,0.010618258,0.085910033,0.010366568,0.53537174,2.3791214
0.8062867,1.8330415,0.52662981,0.030473032,0.0147423,0.082986757,0.015109095,0.68481272,2.4173211
0.82614466,1.5089135,0.58713066,0.045462775,0.014816914,0.089618324,0.010946174,0.60147452,2.4534404
0.78718711,1.9726898,0.45686678,0.028301916,0.01707582,0.06385948,0.013854385,0.54434456,2.2664762
0.83121075,1.8809299,0.45837615,0.030369232,0.026486483,0.096119143,0.013360818,0.66755889,2.3610054
0.81022274,1.7473101,0.56645439,0.033227669,0.019005215,0.079674962,0.01204353,0.57041242,2.4744674
0.81373808,1.8438701,0.49483185,0.030247809,0.018990828,0.077775411,0.012955151,0.59588339,2.3804296
0.82513448,2.1691866,0.54191603,0.043167539,0.033314895,0.096089426,0.010378005,0.66196377,2.4753745
0.80839119,2.1609411,0.53817376,0.028089978,0.032697838,0.097591581,0.010378051,0.68400488,2.5018155
0.85666695,1.7990895,0.45032419,0.026851067,0.01278185,0.082447379,0.012646879,0.50612608,2.4175071
0.84786902,2.0396917,0.46664908,0.0507431,0.025951769,0.097205315,0.011746461,0.54623894,2.3451009
0.77960621,1.748987,0.54234789,0.028331433,0.016731879,0.061931487,0.011891865,0.5426526,2.3754224
0.86368824,1.818505,0.43300594,0.036796957,0.021917898,0.090508425,0.010118548,0.52844647,2.3611546
0.80481052,1.7873479,0.51056796,0.025109026,0.012763686,0.089003167,0.017494008,0.55954138,2.4047381
0.82318791,1.8444105,0.45992174,0.033827847,0.011943076,0.097910641,0.015320888,0.56723751,2.3246585
0.85404485,1.2855596,0.47774103,0.046144002,0.018378753,0.085086941,0.010098223,0.49997264,2.3205758
0.78947359,2.3577327,0.56467554,0.037096474,0.018256208,0.070565047,0.011949399,0.5621062,2.4853896
0.82434751,1.4512494,0.50004703,0.026978696,0.014113524,0.067467569,0.011318275,0.57588038,2.3861071
0.80279459,1.6191286,0.50408078,0.038879077,0.010398537,0.082334992,0.020227803,0.52007624,2.3024697
0.82463082,1.8371073,0.48000706,0.036952043,0.026734932,0.081518432,0.010218087,0.68853885,2.3494775
0.82466031,1.8804992,0.48946627,0.036134012,0.024011974,0.062841085,0.010358567,0.52208616,2.3750653
0.81162552,1.7048389,0.51053401,0.040572155,0.012181581,0.092402938,0.0145583,0.5768385,2.3381846
0.8215709,2.1041119,0.54003792,0.034957887,0.032128825,0.091004754,0.01241911,0.56549675,2.4957754
0.86715465,1.6104869,0.42721154,0.043649259,0.016045679,0.074872399,0.012326433,0.54356655,2.3133445
0.81295782,1.749588,0.49203528,0.036598045,0.028539638,0.091505086,0.012791132,0.43973306,2.3330361
0.8385662,1.703913,0.52541859,0.025983799,0.012641663,0.084605473,0.012202071,0.7516257,2.5059148
0.81491829,1.7109547,0.4881994,0.039309409,0.015327071,0.082768809,0.010692128,0.59378146,2.3149612
0.77427387,1.8722959,0.60266157,0.029972215,0.021189997,0.06798274,0.020912257,0.57892092,2.4817369
0.86663141,1.9707961,0.46572469,0.04102572,0.026041528,0.095864007,0.010566715,0.53883128,2.4240513
0.80663673,1.5601944,0.53058737,0.033056205,0.012749546,0.097634339,0.017268373,0.63699441,2.3768415
0.81192176,1.6521016,0.53172566,0.040019744,0.043794157,0.098525955,0.013062133,0.6038267,2.3708458
0.85480861,1.762803,0.41662072,0.037022668,0.011544489,0.056419467,0.011800369,0.46877725,2.3049257
0.84822457,1.7183031,0.44559439,0.040932471,0.012510654,0.088589847,0.017127646,0.5577392,2.3188578
0.86128754,1.8061487,0.4595666,0.04246443,0.016054777,0.076006226,0.011275572,0.5665903,2.3769139
0.8688615,1.6658394,0.47866605,0.032583084,0.012666065,0.074349906,0.01132172,0.51689922,2.4597094
0.81314661,1.6894875,0.61215058,0.034370037,0.034475406,0.088880182,0.011841204,0.61192102,2.5499355
0.83430558,1.9966956,0.47017356,0.040077833,0.012005365,0.087388846,0.011524266,0.40905119,2.3592595
0.80457174,1.4530932,0.49193919,0.02954166,0.025660896,0.089388135,0.011396194,0.66379318,2.309504
0.79953638,1.561995,0.47569494,0.036739761,0.031393028,0.088408196,0.011217604,0.62614001,2.2504355
0.85656201,1.6512522,0.49000043,0.03579051,0.025026779,0.083478144,0.010224686,0.54664509,2.432132
0.78276506,1.8280885,0.51210586,0.020890744,0.01604381,0.077067862,0.016461362,0.60887027,2.3761979
0.83545069,1.4173533,0.50653507,0.022124597,0.015185427,0.088099475,0.011335627,0.61097015,2.4465269
0.81864763,1.7658489,0.43353876,0.026045776,0.018018145,0.061493136,0.011802951,0.51805693,2.2916838
0.8323527,1.7931472,0.41539609,0.042940701,0.01612519,0.086157599,0.021867934,0.39688171,2.2287743
0.79859325,1.7368133,0.58248376,0.030273013,0.01314735,0.068213361,0.010230521,0.73746388,2.4870318
0.82616196,1.820489,0.56258257,0.045432765,0.019264798,0.087534463,0.010450729,0.65703823,2.45674
0.8039639,1.9005025,0.55709747,0.028587556,0.029756046,0.097715798,0.011954369,0.65847484,2.4875939
0.81335078,1.8450913,0.53000671,0.039060493,0.021217035,0.065708052,0.014032835,0.51931598,2.4009283
0.81284081,1.8757133,0.49008898,0.032231324,0.023709346,0.07008924,0.01094015,0.51596505,2.3638111
0.82231596,2.0413938,0.44594853,0.043343268,0.016465509,0.074893754,0.013089115,0.56938821,2.2774278
0.87858438,1.4547857,0.46669104,0.03740408,0.016341233,0.085305416,0.010772348,0.45517147,2.418512
0.77961021,1.7082936,0.6347241,0.034367189,0.014656273,0.080780065,0.010153714,0.66771153,2.5022502
0.81747413,1.7537284,0.56352495,0.034439227,0.017583518,0.073080924,0.010774333,0.7540179,2.4828354
0.8439699,1.757799,0.47931638,0.041837372,0.027333888,0.071791436,0.011096098,0.46435007,2.3661941
0.79293592,1.9658191,0.5482255,0.033416017,0.018451577,0.078393165,0.010060137,0.6282539,2.4255554
0.83554928,1.7057446,0.52039502,0.038203894,0.022596353,0.077002379,0.011009764,0.60757572,2.427236
0.83073537,1.6640458,0.46565679,0.0348942,0.02070428,0.090276865,0.015054154,0.54962143,2.3302148
0.85116507,1.7878702,0.44662762,0.030786011,0.013211907,0.084948233,0.010027991,0.54840201,2.3779357
0.85665615,1.7112034,0.46576355,0.030206121,0.014486818,0.070856707,0.010026648,0.56490373,2.4214782
0.80558449,2.2507244,0.52860235,0.043096245,0.010823687,0.076025507,0.01075661,0.53773841,2.4114598
0.80624187,2.0607749,0.52915482,0.035974723,0.012157995,0.057341078,0.010518661,0.44346721,2.4242769
0.80011997,1.6415093,0.48893928,0.038577222,0.01020005,0.068104245,0.010263832,0.44165225,2.2745263
0.82283976,1.7728619,0.52792404,0.037770984,0.010160225,0.063383367,0.010559811,0.44519766,2.4185466
0.82927244,1.6415589,0.56740111,0.035177049,0.010132133,0.071598707,0.010746513,0.65849495,2.5008412
0.85035755,1.5254372,0.4397218,0.034356352,0.01025858,0.095576316,0.011356044,0.48695026,2.323205
0.84150308,1.8837959,0.49878835,0.043198965,0.051905483,0.081053534,0.014362344,0.55406463,2.4019707
0.82909341,1.6698027,0.4862493,0.032294553,0.010159468,0.074007874,0.010320815,0.46824555,2.3743562
0.84505207,1.8989086,0.40670426,0.050473865,0.010128672,0.065786708,0.010590228,0.62345453,2.2257719
0.79981792,1.433337,0.46860656,0.045948255,0.047319823,0.09702171,0.016735324,0.49796003,2.1895502
0.82818585,1.8035979,0.46840881,0.030696399,0.010250977,0.089560628,0.010111608,0.61221282,2.3621551
0.83774894,1.9479722,0.43087338,0.03086574,0.010169908,0.094668413,0.010058083,0.57573847,2.3307671
0.87708353,1.4084422,0.52116421,0.043801916,0.011124616,0.096053402,0.014052476,0.58782919,2.4708173
0.81032392,1.6179382,0.46212154,0.029691385,0.010812548,0.06172615,0.010835527,0.62477512,2.2908389
0.81743512,1.8743267,0.47362762,0.041354511,0.014023356,0.066581741,0.010636347,0.47467914,2.3051712
0.79124737,2.0267384,0.55063087,0.034881565,0.020696786,0.087372683,0.016266469,0.64314224,2.4266767
0.79676797,2.108016,0.58561093,0.025994332,0.01325068,0.068473152,0.011238751,0.64024711,2.5707057
0.84866269,1.7817673,0.4549793,0.043440675,0.015265549,0.095937085,0.010926446,0.58808891,2.3316285
0.86779626,1.7173608,0.44051831,0.024650449,0.013125703,0.097296135,0.014086228,0.64360852,2.4289756
0.85536755,1.8753239,0.44501913,0.026874559,0.012327732,0.093278972,0.010964265,0.61970381,2.4117501
0.85374851,1.7849443,0.43431173,0.031110104,0.016396132,0.094460111,0.010983621,0.64228272,2.3601876
0.77209488,1.623219,0.60118508,0.032622212,0.017306873,0.078014029,0.011877186,0.59063763,2.4181919
0.83834293,2.037268,0.4170293,0.039564074,0.018476446,0.082247322,0.012357394,0.55096488,2.2795231
0.84471057,2.0780344,0.42298497,0.03650874,0.021419304,0.085331209,0.01152675,0.51970992,2.3215123
0.81655005,1.5276811,0.52123972,0.022591658,0.01506004,0.088176971,0.011182243,0.60776318,2.4347499
0.84212138,1.5739518,0.52013557,0.042448947,0.022752097,0.076689583,0.011765376,0.64108487,2.4070765
0.80598134,1.8028056,0.5106476,0.02117361,0.025349783,0.074840304,0.010430063,0.59527877,2.4300079
0.79246506,2.0023974,0.51605738,0.037357645,0.021016859,0.079065779,0.015560149,0.51430728,2.3505049
0.80666102,2.0530854,0.49824699,0.02918265,0.030101992,0.087117047,0.011485475,0.5287202,2.3989139
0.84237467,1.4333339,0.43841026,0.031192273,0.016726381,0.070633453,0.012330882,0.52034931,2.305877
0.80654962,2.0653215,0.564976,0.026148553,0.012102311,0.081526812,0.011652499,0.60294389,2.5478802
0.80835998,1.7742384,0.52333534,0.041650909,0.013238186,0.075990344,0.012598171,0.6475456,2.3552742
0.86052171,1.858259,0.53366859,0.044419409,0.010859195,0.08019807,0.010783631,0.59935979,2.5032914
0.83087813,1.9447331,0.49217042,0.036464752,0.028505182,0.099277554,0.011036019,0.54658439,2.4015124
0.81450239,2.0600814,0.52581745,0.026389356,0.027499998,0.099077458,0.011211567,0.54803343,2.4884673
0.81740704,1.5426939,0.49480443,0.02725702,0.017188615,0.090748627,0.013450563,0.64284986,2.368524
0.81385047,1.6847562,0.60860794,0.042724906,0.027285066,0.086353676,0.011559628,0.65360025,2.4985432
0.79974749,1.6481384,0.52843814,0.028408476,0.024458544,0.076208712,0.010667076,0.51220068,2.3895509
0.8088673,1.5471581,0.4518912,0.042179963,0.029764695,0.068509009,0.012988038,0.45926465,2.2118241
0.8384576,2.0843745,0.5363333,0.034493961,0.019587965,0.088735905,0.011064824,0.58630237,2.5321638
0.84327363,2.1511278,0.54608591,0.035382869,0.020276713,0.088760448,0.010955728,0.58810627,2.5683602
0.79400971,1.9360776,0.56283463,0.046423152,0.030345756,0.096777532,0.013407353,0.67144376,2.385857
0.83407497,1.8923498,0.5389119,0.037347711,0.020773979,0.073664004,0.012748955,0.52580211,2.4851665
0.80320337,1.5046286,0.50808435,0.023307083,0.026564616,0.077071819,0.010902212,0.54640582,2.36948
0.78736715,1.8037279,0.55251539,0.032734157,0.013583086,0.069543117,0.011634458,0.58807908,2.3995324
0.79848687,1.7189097,0.55870821,0.047876801,0.02068611,0.074141783,0.014661833,0.61704842,2.3533634
0.85012083,1.7840388,0.51252767,0.048138176,0.016007222,0.082962523,0.011949257,0.69174892,2.413187
0.79473076,1.7845404,0.45706641,0.021296097,0.030779139,0.075668711,0.010351568,0.38044187,2.2972107
0.83388009,1.4890301,0.48410622,0.022251192,0.022575679,0.082356796,0.011626829,0.41955932,2.4100384
0.81637215,1.7625083,0.56693971,0.026247647,0.014556375,0.081478802,0.010939833,0.7432718,2.5321966
0.81676075,1.8500549,0.43151076,0.045310795,0.017467631,0.085636344,0.010685091,0.69473324,2.2141267
0.8392432,1.545345,0.54534104,0.042032831,0.033706816,0.086635952,0.010945185,0.45515135,2.4403231
0.83760155,1.3644973,0.40731657,0.039451513,0.015349899,0.062386262,0.013665129,0.51761979,2.2062323
0.79831693,1.8525907,0.5284204,0.024060123,0.011576117,0.099627988,0.011926089,0.67670518,2.435251
0.87740532,2.0100325,0.45248492,0.032643622,0.010515075,0.096947617,0.012671177,0.57163114,2.4679782
0.82512113,2.1937959,0.52577508,0.049302551,0.010964753,0.09763798,0.015734284,0.64468457,2.418673
0.83224301,1.3647193,0.55469708,0.02733941,0.027756267,0.095669167,0.010945186,0.64619348,2.4887279
0.80472033,1.594917,0.47116473,0.038095469,0.024591589,0.07617254,0.013772116,0.59941222,2.2537693
0.80376416,1.5659581,0.46555269,0.036135318,0.032072427,0.075933915,0.014418241,0.61083001,2.2473561
0.81089056,1.8826813,0.50555775,0.038779386,0.01289597,0.069881543,0.01038082,0.59424181,2.357178
0.83241124,1.5338254,0.52195275,0.035352992,0.012252503,0.084542064,0.011638141,0.646393,2.4142281
0.82228636,2.0584761,0.53963818,0.023213118,0.020266463,0.099317479,0.016206992,0.54572088,2.5541668
0.83873055,1.9710735,0.45395858,0.031459245,0.016173763,0.098886338,0.012716241,0.55564713,2.3759596
0.84766589,1.9866985,0.53815076,0.041157583,0.028264734,0.097915794,0.010326347,0.69902084,2.5118158
0.81979648,1.729754,0.43290212,0.036818511,0.015223917,0.086561933,0.014403042,0.45788791,2.2457116
0.85408684,1.6567599,0.50771941,0.040688617,0.016958832,0.094567563,0.010159471,0.60350476,2.4344286
0.84695841,1.6468436,0.48823636,0.037100503,0.017386307,0.090220877,0.010431304,0.58063306,2.3982375
0.76574327,1.8806753,0.54031789,0.037408255,0.020188519,0.060794661,0.01879734,0.53939391,2.3091349
0.76166355,1.8089162,0.54670884,0.041993033,0.027438677,0.068983343,0.014597526,0.53265489,2.2785578
0.86348867,1.7575072,0.45366638,0.044901454,0.014795374,0.097414037,0.010327069,0.57496595,2.3570684
0.8627485,1.6541978,0.4447185,0.03905932,0.025181595,0.081656107,0.010740054,0.53508833,2.3545401
0.78310615,1.7061345,0.56781263,0.030606687,0.019858709,0.071784808,0.015541088,0.56687898,2.4125533
0.77578536,1.860128,0.50572299,0.021025339,0.028851851,0.069481516,0.011449193,0.59386482,2.3491558
0.82254921,1.5738935,0.58967794,0.043358486,0.014281566,0.082559161,0.010964623,0.55736688,2.4687327
0.81158072,2.3351231,0.44094802,0.031259107,0.013949496,0.075514072,0.015157951,0.5213848,2.3211074
0.80468233,2.0085364,0.55177545,0.028046674,0.022926732,0.089450675,0.010968827,0.5429153,2.4977476
0.83962841,1.5845173,0.46899401,0.041459171,0.024996948,0.09615022,0.0111214,0.59896268,2.3215081
0.87614635,1.6262307,0.43766749,0.036464231,0.024771603,0.08160059,0.010199129,0.50678885,2.3835038
0.78009904,1.9540576,0.62701565,0.040665306,0.015266141,0.066938044,0.010046368,0.63171877,2.4966796
0.81002645,1.9309739,0.536385,0.030234393,0.020358788,0.077578266,0.016835799,0.73769767,2.4596725
0.85742408,1.3768829,0.54476309,0.041464633,0.015527981,0.091592408,0.010235397,0.56213897,2.4667916
0.84241157,1.3666858,0.47761061,0.032332458,0.01398854,0.075411081,0.010295013,0.58244328,2.3596404
0.79094519,1.694275,0.5419992,0.03124444,0.011266556,0.067318969,0.010424398,0.70216263,2.3825033
0.83472892,1.65777,0.52744683,0.035083817,0.016352144,0.097116537,0.018135868,0.48563303,2.4468128
0.78330225,1.8052908,0.57019347,0.042670174,0.01757362,0.074179544,0.010077536,0.61908307,2.37064
0.81854118,2.3191572,0.50507837,0.036441022,0.022386275,0.086596961,0.01007698,0.51498729,2.439608
0.81975389,1.9638944,0.49033376,0.034028825,0.014843894,0.063676324,0.010086145,0.4959452,2.3836109
0.81972651,1.7538914,0.49959694,0.039596011,0.01907864,0.085085895,0.017137824,0.65713002,2.3501462
0.79549059,1.8461236,0.4984714,0.030325535,0.042569404,0.082735849,0.011082102,0.59473052,2.340199
0.80200675,1.7467008,0.57069607,0.049929832,0.012860069,0.061381143,0.010066956,0.55597226,2.3763112
0.78411748,2.0656896,0.56800337,0.019593939,0.03053576,0.081660249,0.010143145,0.69405914,2.5309242
0.79826514,1.6497017,0.52381048,0.028864881,0.012271564,0.082646406,0.021233789,0.61441649,2.3753823
0.81615302,1.6152256,0.55987048,0.019676787,0.011152601,0.078705537,0.01028436,0.72509992,2.5334956
0.8342455,1.8663836,0.49600604,0.046481602,0.032325242,0.077839765,0.010104616,0.50623561,2.3623238
0.83191733,1.543449,0.59411838,0.025752939,0.010737122,0.091304423,0.014005608,0.56495472,2.5944548
0.81736925,1.4005614,0.54490553,0.037671866,0.010213219,0.073518172,0.013395779,0.62328984,2.3851963
0.82889472,1.7112734,0.46794657,0.034149527,0.010213068,0.066261401,0.011200135,0.50358823,2.3378087
0.82822307,1.8705167,0.52056342,0.039623966,0.010022151,0.075298219,0.013838861,0.61320663,2.4225403
0.8341768,1.8444959,0.54383232,0.038064717,0.0100365,0.081834988,0.013936005,0.56529533,2.4844021
0.81825968,1.4262434,0.50281053,0.035768649,0.019300117,0.083679588,0.010827805,0.70020581,2.3310039
0.80724752,1.7849923,0.57189734,0.023978357,0.027166548,0.090836635,0.013051571,0.65318619,2.5332289
0.80000865,1.6874395,0.49240864,0.044456397,0.022337922,0.07741555,0.011427134,0.53993586,2.2600308
0.7818868,1.8882227,0.45252857,0.043481725,0.058185382,0.070980053,0.011373926,0.5907701,2.1750661
0.77898426,1.8106507,0.47180701,0.040508062,0.039133779,0.076037607,0.011285161,0.55901703,2.2037407
0.79258506,1.8151217,0.52771472,0.038231523,0.044328243,0.082871295,0.012827591,0.56795757,2.3437374
0.77603026,2.0475146,0.54366282,0.049052168,0.027638202,0.085029863,0.011668631,0.58875031,2.3096085
0.76973953,1.9223501,0.54492687,0.052905813,0.028123351,0.084930929,0.012567512,0.61344302,2.2623571
0.76756811,1.9288521,0.56216067,0.035338336,0.040503262,0.066042595,0.017741796,0.60441482,2.3695619
0.77472006,1.8046107,0.55120094,0.041236381,0.017501792,0.087865544,0.015794672,0.62114286,2.3227207
0.84828985,2.0265617,0.53435773,0.049875879,0.035584816,0.07964769,0.010679277,0.44300241,2.4684986
0.86828476,1.9190959,0.53166793,0.041517271,0.015114428,0.08002481,0.010249538,0.48256437,2.5417968
0.80525686,1.5479806,0.41545717,0.035445961,0.013674456,0.070853651,0.013830312,0.54310362,2.1709325
0.84945699,1.7052605,0.54563521,0.033718454,0.014315038,0.078346645,0.010764264,0.54920772,2.5312518
0.83206152,1.5018141,0.53356714,0.029963048,0.013498658,0.080445083,0.011202461,0.50494309,2.4562476
0.79440734,1.7199583,0.46574596,0.040540936,0.051893052,0.093718786,0.011180141,0.46706937,2.2222628
0.82429959,2.0853809,0.49505898,0.033368434,0.021000375,0.075240815,0.014020051,0.49954751,2.4214272
0.83593917,1.199078,0.5205706,0.038845288,0.019822189,0.066725777,0.01150185,0.55196779,2.3632106
0.81752914,1.7224679,0.54801666,0.040179014,0.011933555,0.088524927,0.010944729,0.76347875,2.421713
0.81616534,1.8610572,0.52198253,0.028685438,0.033785348,0.076892112,0.010566439,0.56754583,2.447155
0.8300682,1.841719,0.48845839,0.031278573,0.021032787,0.097973673,0.013006592,0.63734959,2.4052206
0.81427374,1.6632088,0.54045501,0.030198174,0.013599822,0.098774859,0.013100274,0.59230884,2.4421701
0.84710523,2.048818,0.47827153,0.031806958,0.012987352,0.096388838,0.011814304,0.68185387,2.4501352
0.83650814,1.4833604,0.45551756,0.042359556,0.022357704,0.089718703,0.011758162,0.53937975,2.2782486
0.80287251,2.0398849,0.49406184,0.033436956,0.020084583,0.072517852,0.010998392,0.58474178,2.359372
0.82401083,1.9189801,0.49397792,0.040824089,0.016059864,0.096655753,0.013639063,0.52710387,2.3645154
0.81726481,2.3554382,0.51624817,0.034270032,0.017177952,0.08714079,0.012946895,0.5551195,2.4741307
0.82712098,2.1981003,0.534574,0.032323538,0.015829481,0.061452351,0.013990362,0.5696506,2.5260546
0.81449232,1.6328754,0.51060594,0.034941923,0.028177531,0.087469566,0.010189509,0.5289252,2.3629189
0.83194891,1.6078563,0.52112497,0.041601596,0.035030662,0.097410398,0.010068545,0.64954828,2.3910499
0.82069956,1.3554653,0.48521618,0.029627183,0.033674878,0.095341239,0.010161809,0.67620865,2.3280973
0.8702976,1.538363,0.4532345,0.046490288,0.016775765,0.094431791,0.010780014,0.49118787,2.3454008
0.8978236,2.0318134,0.48156053,0.036124205,0.030727284,0.094961611,0.010342302,0.55244932,2.5613084
0.90037145,1.9617827,0.48569038,0.043447283,0.036001406,0.096363071,0.010217956,0.56411879,2.5322534
0.76722929,1.6829222,0.58255896,0.0254681,0.014076821,0.092579131,0.03296491,0.6167603,2.4201075
0.83286742,1.5717701,0.56528188,0.032295746,0.026747229,0.073285291,0.010299665,0.56045443,2.5119358
0.87093048,2.0249849,0.50367356,0.04149564,0.025390694,0.089577879,0.011399342,0.61160031,2.5091379
0.81873309,1.8062364,0.52831663,0.041867384,0.011909018,0.089635954,0.013724763,0.51208442,2.3932906
0.82583894,1.5742336,0.52474729,0.041221567,0.010796325,0.05486777,0.012287606,0.56083557,2.3791936
0.81500939,1.2445409,0.44995622,0.034257872,0.012624797,0.094034394,0.022384218,0.59712565,2.2261442
0.86318084,1.7070065,0.52357915,0.044660442,0.029389015,0.089665909,0.010154795,0.59109804,2.4720173
0.84554939,1.4072644,0.42609759,0.038859769,0.021001092,0.088871307,0.011720804,0.54751797,2.2604531
0.84011436,1.2387024,0.53868359,0.04029068,0.021840265,0.097467863,0.011668387,0.6424964,2.4002965
0.80348226,2.0828677,0.54712486,0.0317795,0.018895654,0.063698395,0.01335514,0.48421856,2.4760514
0.8032689,1.918089,0.57732926,0.038827533,0.026292339,0.089002914,0.01233346,0.44894842,2.4715354
0.84431827,1.7118956,0.4436734,0.033055031,0.018024179,0.082608138,0.015866504,0.59795689,2.3383471
0.85083403,1.7170562,0.528585,0.043604242,0.018991739,0.0840665,0.011683809,0.633361,2.4557892
0.81678033,1.7063139,0.52067462,0.045458492,0.038576372,0.090707992,0.012776959,0.59978981,2.3462644
0.83566308,1.6434372,0.50341986,0.035475674,0.012529116,0.078651505,0.016582296,0.6205355,2.403274
0.83782352,1.4778589,0.54503974,0.034387848,0.015479178,0.077693725,0.010565292,0.59626116,2.4654276
0.81714862,1.9426604,0.51090257,0.043356548,0.022249794,0.089918866,0.014535176,0.68172524,2.3685926
0.81357706,1.7615901,0.49709067,0.0411368,0.016249744,0.090146626,0.011681494,0.62858325,2.3243816
0.83744518,1.8205275,0.51553305,0.038415527,0.016812996,0.091714061,0.013305828,0.60557655,2.4366111
0.84299771,1.8344681,0.51892733,0.038893506,0.018150824,0.093775836,0.012144331,0.60562146,2.4562888
0.84241466,2.0679235,0.50264878,0.042831852,0.014338548,0.064716548,0.011027635,0.66282619,2.4343544
0.79883097,1.770526,0.51968445,0.027101369,0.012901272,0.075609099,0.010327498,0.52946024,2.3938329
0.82821361,1.8164355,0.49993635,0.046713232,0.019185482,0.088674427,0.010100161,0.58561943,2.3473999
0.86008278,1.9479167,0.47427326,0.025748124,0.014039352,0.089239392,0.021537877,0.50854519,2.4936639
0.83992625,1.5564642,0.49180593,0.040356105,0.011435272,0.087321735,0.0101516,0.5670712,2.3618109
0.86351312,1.9620876,0.48863558,0.032779942,0.01104205,0.090231166,0.010204538,0.65618151,2.4971594
0.85246042,2.0389627,0.46085109,0.035297971,0.01176135,0.092630043,0.010249706,0.63818371,2.412781
0.82483054,1.9054207,0.52479723,0.039779716,0.013701551,0.086121685,0.010398039,0.56767674,2.4251736
0.83754482,1.8026687,0.54022921,0.041598772,0.013520191,0.085006391,0.010931712,0.51724236,2.4631949
0.83592897,1.3781529,0.50000024,0.032589482,0.012434434,0.090530892,0.010095566,0.63114305,2.3805251
0.81597937,1.5377893,0.54122068,0.040965625,0.012510433,0.054663523,0.010006657,0.59637705,2.3778247
0.80521871,1.970246,0.53294715,0.027950125,0.040010148,0.096290359,0.010133355,0.66419622,2.4577086
0.85804735,1.7069808,0.51742232,0.03350689,0.016828449,0.085917498,0.018971882,0.52018564,2.5030975
0.80979775,1.7575214,0.61056736,0.028388075,0.025113402,0.094347527,0.01006468,0.54400507,2.5839293
0.81829157,1.6985665,0.60518269,0.027176926,0.027770762,0.090830213,0.010079628,0.56923042,2.5944901
0.82953288,1.8609489,0.53575241,0.022023131,0.015196366,0.086925437,0.010398904,0.5744186,2.5447436
0.81486854,1.7456614,0.55429623,0.027928218,0.017331722,0.075563761,0.012035594,0.68368527,2.492613
0.79988936,1.7002621,0.56701357,0.040383796,0.039721009,0.079601274,0.012770008,0.71042923,2.4046156
0.83736755,1.7604201,0.45786264,0.029015788,0.010848224,0.098973108,0.011589957,0.52104251,2.369119
0.80627001,1.7145247,0.58187858,0.041372923,0.035909312,0.088246616,0.013360348,0.55589619,2.4439766
0.79922491,2.0058734,0.53838391,0.035836639,0.018887175,0.081003698,0.013136107,0.56506836,2.4168317
0.77985263,2.0828367,0.59943152,0.046180645,0.017245701,0.071727752,0.012929704,0.52770058,2.4373492
0.7897362,1.7078633,0.56804194,0.04360663,0.020908586,0.060042111,0.011034887,0.61478671,2.3651873
0.80562516,1.8995253,0.46861753,0.03409016,0.0318182,0.09505337,0.016435233,0.64415331,2.3010196
0.82206045,1.8405602,0.4900897,0.024245445,0.034220777,0.090998536,0.010454944,0.59227448,2.4217841
0.82886696,2.05555,0.58076195,0.044121563,0.021587583,0.092331061,0.015509463,0.61495383,2.5373407
0.83955563,1.7123175,0.50824318,0.038924854,0.015979791,0.075998511,0.010147562,0.66027264,2.4134872
0.79816125,1.6289483,0.52775589,0.041495321,0.012394524,0.064319879,0.012160484,0.56617569,2.3192463
0.81877359,1.3303714,0.52442352,0.031448987,0.032975424,0.088249713,0.011833428,0.73650369,2.3763613
0.84916071,1.4388485,0.52437751,0.045495568,0.011065418,0.084612004,0.012047934,0.63537534,2.401203
0.80971784,1.8572428,0.47292706,0.029967754,0.024493457,0.08889262,0.011715996,0.49301549,2.3328931
0.81526716,1.8143082,0.48021825,0.028556987,0.022708196,0.081083084,0.012006256,0.51916514,2.3620454
0.81835274,1.6783568,0.47880659,0.027450142,0.016552565,0.071647598,0.011297256,0.52162792,2.3572217
0.85239017,1.7053669,0.45505271,0.048934802,0.016608015,0.074580277,0.013170153,0.48136413,2.3110367
0.84378722,1.872045,0.44895442,0.041913137,0.013127219,0.073204256,0.01117564,0.48138027,2.3244521
0.83079464,1.9808112,0.44478658,0.042515225,0.017007887,0.050632306,0.010901093,0.53366084,2.2935212
0.8247709,1.2848938,0.56874159,0.017834844,0.018264645,0.081343943,0.011510135,0.53919398,2.5346243
0.80560143,1.9111804,0.49623728,0.01663405,0.020484843,0.084249638,0.014161803,0.60374706,2.4381547
0.82875767,1.7327547,0.54869908,0.024441763,0.025727017,0.096546037,0.010802226,0.54955927,2.5364425
0.83051608,1.5130214,0.48780814,0.033615112,0.016001123,0.089282782,0.010987795,0.63052426,2.35693
0.82190728,1.7716196,0.50319122,0.042375798,0.025908824,0.079928091,0.012924143,0.5917881,2.3513239
0.80890021,1.1377824,0.54235457,0.028086255,0.014234428,0.069369681,0.011991977,0.61713253,2.3708867
0.77616119,1.2616817,0.56171516,0.020841107,0.020537588,0.072220242,0.011972269,0.58492721,2.3690497
0.79773445,1.1425429,0.53664854,0.026878167,0.014768191,0.08798598,0.012184157,0.55014111,2.3388186
0.85954907,2.2990189,0.48671978,0.025215446,0.017034877,0.090815018,0.011137737,0.59357575,2.561242
0.79444397,1.1825689,0.50646583,0.022197439,0.02558741,0.086403614,0.014026037,0.56140421,2.3092995
0.81142286,1.3067131,0.55360877,0.023489004,0.038165478,0.093322095,0.011104643,0.47983316,2.4433624
0.82190901,1.8478041,0.45877136,0.021753704,0.012479467,0.067818158,0.012635081,0.58440774,2.3744247
0.81601206,1.5351026,0.40706083,0.024534856,0.013642064,0.056528983,0.011767886,0.59336912,2.223967
0.82713403,1.8384954,0.54532848,0.0498895,0.025668595,0.074743159,0.012111778,0.47299874,2.4101724
0.83337373,1.6863239,0.4587006,0.023859091,0.019001612,0.083035338,0.012517137,0.70483494,2.3764706
0.83392571,1.9212947,0.51616484,0.037781391,0.02011964,0.089330727,0.013466463,0.63514292,2.444329
0.83527099,1.6789125,0.50793014,0.033496256,0.023541316,0.09953569,0.010864723,0.58537919,2.4239643
0.81706625,1.7605075,0.52517364,0.037174184,0.0210331,0.099965471,0.016198629,0.57655082,2.400168
0.80888064,1.9700172,0.56277169,0.033784237,0.0251096,0.099986809,0.012172045,0.73126271,2.4935667
0.80457135,2.3348573,0.51850468,0.034231375,0.023354901,0.099992323,0.017934501,0.74945518,2.4436457
0.80790457,2.457979,0.52112496,0.032281819,0.029187284,0.09999331,0.018635245,0.77900481,2.483592
0.86096815,1.3412319,0.36230958,0.036559561,0.052400281,0.096866676,0.013918836,0.54650313,2.2003265
0.83242121,1.6192706,0.55651993,0.03843739,0.012029395,0.090677668,0.011542422,0.50236342,2.4697762
0.81351429,1.9924495,0.49713394,0.035022112,0.01654714,0.085709828,0.016424276,0.72307574,2.3790778
0.82017042,1.4696151,0.40879946,0.043241041,0.02645268,0.063798696,0.011199451,0.52519622,2.161783
0.8244831,1.1913762,0.51224946,0.027104401,0.017628101,0.075112289,0.01122672,0.51959134,2.3749537
0.79948476,1.5494409,0.46713229,0.035079523,0.027739571,0.078925617,0.011452534,0.57197653,2.2419559
0.81361296,2.0010482,0.56366749,0.036387131,0.011630335,0.08722709,0.012289858,0.59127103,2.498356
0.81788846,1.8197825,0.51729324,0.045492088,0.025851369,0.085658675,0.012390253,0.62345804,2.3569954
0.828915,2.1134194,0.50300675,0.026679544,0.011585327,0.086103668,0.013310439,0.6134326,2.4857207
0.81614655,1.9634254,0.54426031,0.031315984,0.014600586,0.093139517,0.014674855,0.73491356,2.4895614
0.79159397,1.424365,0.53024205,0.04004026,0.017874568,0.074727322,0.010411526,0.50179389,2.2872627
0.79774466,1.4924431,0.49180978,0.034921486,0.029978577,0.059952317,0.010420464,0.53226031,2.2723494
0.81690675,1.854355,0.49844616,0.037107948,0.027102342,0.072218857,0.013635601,0.62449377,2.3640962
0.81952458,1.5556348,0.44320565,0.025799876,0.013254718,0.087649831,0.012223559,0.55287164,2.2917344
0.8173813,1.498667,0.49816767,0.038725366,0.024300725,0.081353972,0.01175211,0.50740079,2.3163202
0.80454864,1.6614024,0.44984709,0.032783633,0.022184218,0.058754959,0.010511052,0.54312764,2.2466942
0.83330995,1.6089479,0.4823899,0.043667922,0.016495902,0.063596488,0.0105441,0.55233678,2.3210664
0.85027033,1.9797824,0.46661335,0.043457128,0.016844179,0.075090505,0.011758575,0.53944309,2.3756668
0.8511343,1.7691153,0.49583391,0.040518667,0.024557346,0.095189908,0.012523217,0.51181511,2.4200679
0.79794558,1.8766645,0.52127433,0.028568525,0.030314428,0.091415947,0.011526256,0.55321482,2.400884
0.82592188,2.0701917,0.51096942,0.031024301,0.024122833,0.075275317,0.010731248,0.56570624,2.466149
0.79999701,1.9123275,0.57240687,0.040913784,0.012610852,0.073853737,0.011585336,0.55775795,2.442345
0.79952715,1.8468924,0.54197599,0.035571729,0.016862855,0.069362702,0.016768529,0.59543356,2.404038
0.79001373,1.8680826,0.47242737,0.045159178,0.023944959,0.078602431,0.017704401,0.58955154,2.2191929
0.78223848,1.8586744,0.52262515,0.037644053,0.030808869,0.060734838,0.014626249,0.58744301,2.3166352
0.84615438,1.8637467,0.54133938,0.026801799,0.017855059,0.080346468,0.011738871,0.58528172,2.5737902
0.86300535,2.0492383,0.51841033,0.027242659,0.014149972,0.08472088,0.012441429,0.55571817,2.5945729
0.85785039,2.1309555,0.51209532,0.027336954,0.015254102,0.083019963,0.012543549,0.55918113,2.5781432
0.82310474,1.3869692,0.51516505,0.02970368,0.01260245,0.0951631,0.012533145,0.60259466,2.3877372
0.8320554,1.670775,0.47401543,0.044728346,0.011795685,0.057923496,0.010058323,0.62112878,2.3062759
0.82111676,1.9009632,0.51467017,0.042546631,0.015022625,0.086855862,0.010155874,0.5666635,2.383943
0.81584576,1.9390759,0.51681013,0.04165705,0.016588823,0.089094583,0.010342538,0.5603751,2.3832446
0.83103666,1.7378115,0.54302446,0.041865301,0.024610877,0.07161857,0.010402668,0.53438965,2.4415438
0.8545529,1.7639849,0.41355698,0.031745878,0.018204817,0.074577118,0.013933491,0.55092409,2.3202268
0.81164965,1.5769533,0.4572946,0.023181554,0.01427842,0.078962292,0.012306489,0.6921586,2.3102868
0.81951001,1.5809029,0.51730622,0.025342705,0.020163841,0.09181466,0.010552197,0.65174299,2.4281922
0.81632689,1.5107821,0.53171182,0.02344576,0.02628952,0.091152045,0.010757916,0.64834894,2.4463841
0.81161864,1.499738,0.5169736,0.034532689,0.020936297,0.078180905,0.011135564,0.61751963,2.3519562
0.83284342,1.9100063,0.48173553,0.035768036,0.01300864,0.095887824,0.014745137,0.49117561,2.3866169
0.83324005,1.705367,0.48630915,0.03524945,0.030969461,0.071506133,0.010722063,0.55796076,2.3753418
0.85166594,1.8581258,0.49168382,0.030878206,0.014409824,0.088634285,0.010172224,0.55322172,2.4701698
0.82792176,1.6678006,0.46354147,0.044163907,0.013955225,0.092429337,0.010018386,0.63342274,2.2810009
0.84530489,1.8450065,0.50065577,0.032211251,0.021203315,0.097355808,0.012128139,0.5201466,2.4626678
0.81443096,2.1414936,0.48408225,0.031463885,0.026244698,0.085429009,0.013195193,0.68666138,2.3908499
0.8121985,1.7323762,0.47930632,0.037404768,0.02521296,0.087267738,0.013441259,0.69390874,2.3036851
0.82468792,2.1001789,0.52247006,0.033016499,0.024904022,0.081897453,0.011824141,0.7942493,2.4791165
0.80888358,1.7969959,0.54338538,0.032216306,0.019213657,0.079529127,0.010904817,0.51056439,2.4412037
0.81388831,1.8649553,0.44097559,0.036057174,0.012737994,0.060018621,0.010793808,0.70885065,2.2608198
0.79710313,2.2502176,0.55760183,0.042222993,0.039373393,0.088407959,0.016075864,0.68978135,2.449249
0.82302139,1.6976202,0.49665106,0.044486669,0.021544816,0.086670966,0.012070608,0.61957909,2.3252501
0.83545382,1.429948,0.52610854,0.027764769,0.021646995,0.091928006,0.011345886,0.63464765,2.4539379
0.82419027,1.6109495,0.52754529,0.019745397,0.022147095,0.096266506,0.010466291,0.68258302,2.4929131
0.81610547,2.0928862,0.44270203,0.034680275,0.016800064,0.078108684,0.015640203,0.48002976,2.2970853
0.81642485,1.2533642,0.55671682,0.036372432,0.01481235,0.089357335,0.010518069,0.67660382,2.3881695
0.86925261,2.1167921,0.38565411,0.041059738,0.018130268,0.084853769,0.014017095,0.43301834,2.2973403
0.85302288,1.8012696,0.46618889,0.027916067,0.014799188,0.081150456,0.010747975,0.54018093,2.4334502
0.85244876,1.3021925,0.48201703,0.045893121,0.015170794,0.071136999,0.010325589,0.56884429,2.3259224
0.81989483,1.429942,0.49077656,0.029326964,0.011380809,0.071702431,0.010302324,0.56089978,2.3451561
0.84253136,1.8209898,0.50504643,0.046655383,0.028485937,0.074144402,0.011596832,0.54009462,2.3925062
0.80015284,2.0451554,0.55724183,0.017555467,0.024131613,0.087724784,0.010951296,0.61300847,2.5613572
0.80804839,1.5043264,0.50812365,0.01770413,0.012125457,0.079320887,0.01136328,0.58984042,2.4105683
0.80434651,1.937554,0.50766604,0.033226489,0.030668928,0.085315545,0.011858267,0.60299336,2.3770696
0.77991595,1.966058,0.56043134,0.038674536,0.014485281,0.065483739,0.012358672,0.66430978,2.3874137
0.80202802,1.7856883,0.58323089,0.024752048,0.011946551,0.076052057,0.011879547,0.58566481,2.5364247
0.82708501,1.9612201,0.62362339,0.035804622,0.025713935,0.098550437,0.01176366,0.7203299,2.6463948
0.79844732,1.5176773,0.40626452,0.036453405,0.014305027,0.06920381,0.010873732,0.4977485,2.1337893
0.80989129,1.5829215,0.65390537,0.039055919,0.023222978,0.098836026,0.011812358,0.75211991,2.569792
0.7986712,2.0614965,0.48855853,0.028849911,0.02376415,0.089296102,0.015272105,0.4516685,2.3624326
0.79878325,2.1529229,0.4793509,0.026466445,0.033111825,0.088984421,0.017677828,0.41807615,2.3668654
0.80847177,1.9106112,0.45176718,0.029270171,0.030376046,0.084715576,0.021960355,0.46258542,2.2998369
0.78128821,1.7515961,0.51774338,0.03084804,0.021414304,0.064123247,0.011284499,0.52539125,2.3239253
0.8007098,1.3373851,0.60631001,0.040232668,0.014034876,0.066065419,0.011120729,0.561205,2.4180321
0.79007042,1.5280855,0.60315903,0.04251794,0.0170887,0.059951479,0.011278473,0.54686535,2.4027741
0.78196741,1.8000172,0.51015187,0.027832784,0.011802154,0.060402392,0.011615153,0.59026186,2.3326455
0.85843535,1.7112993,0.48594284,0.040848478,0.013197379,0.084761496,0.011259838,0.55360368,2.41302
0.7825862,1.8377098,0.54084644,0.022018924,0.026428375,0.08686153,0.011789918,0.63168154,2.4257614
0.81689007,1.9572113,0.4834914,0.026173669,0.023729061,0.073448845,0.011368972,0.60883147,2.4000476
0.82298322,1.9696664,0.51726377,0.029985867,0.021157309,0.080541161,0.012855907,0.68857144,2.463282
0.82656731,1.9928553,0.55433445,0.040849908,0.01456224,0.089703869,0.013549322,0.68827988,2.4901056
0.80306473,2.0894741,0.52217433,0.029481933,0.014062068,0.092865646,0.010953867,0.61836551,2.439134
0.81410083,1.7634015,0.54810964,0.048569412,0.022810594,0.079714634,0.011574435,0.64823227,2.3782252
0.801711,2.1620015,0.48207601,0.024232914,0.015377721,0.071569665,0.011584428,0.53040658,2.391629
0.84443844,1.8204177,0.49462448,0.028169121,0.026247175,0.084101513,0.012464134,0.53849798,2.4662292
0.81270992,1.8069627,0.5786454,0.025190095,0.017759818,0.096710276,0.013387352,0.59087666,2.5575172
0.83125542,1.6521419,0.48316898,0.043749362,0.02726574,0.083425451,0.014974161,0.65283414,2.3215479
0.84979045,1.4312085,0.51290207,0.032182454,0.011039593,0.079340348,0.010439516,0.50222238,2.4463062
0.81709154,2.1063401,0.4843174,0.033684681,0.020105816,0.073315756,0.015071706,0.63403529,2.3835473
0.82500593,1.796445,0.50240454,0.0272134,0.013536056,0.091454771,0.011229784,0.47088515,2.4326194
0.83149302,1.5932628,0.50566153,0.023161265,0.010960339,0.067565105,0.010468519,0.69395477,2.4510421
0.83415272,1.7813734,0.50472199,0.05115852,0.035091885,0.095699892,0.012447877,0.50047446,2.3467261
0.84161485,1.5407859,0.48233386,0.036228773,0.011001132,0.073076824,0.010441288,0.55148406,2.3669145
0.77761032,2.2698186,0.57249431,0.035965187,0.024940115,0.089064591,0.013964477,0.66907856,2.4626482
0.86030618,1.3882161,0.49813807,0.033336348,0.011127317,0.075144607,0.01013167,0.54969031,2.4373396
0.80653129,2.0002049,0.53328677,0.046056198,0.037905437,0.089051552,0.01222271,0.57543655,2.3761222
0.81128177,1.6266009,0.55856431,0.030161145,0.013799749,0.079871781,0.011735142,0.66120504,2.4618593
0.82045253,1.9179765,0.48007868,0.033167961,0.020634448,0.087580208,0.011313926,0.49176935,2.3652167
0.81406193,1.7323619,0.53426305,0.028142331,0.011109479,0.08316862,0.011932074,0.67759466,2.4503183
0.817228,1.6642687,0.49910289,0.02029188,0.017483444,0.091279427,0.012822687,0.49192264,2.4248283
0.77218852,2.0396086,0.56669997,0.030615169,0.015487468,0.082181751,0.010812375,0.76468948,2.430893
0.79488309,2.0955967,0.58344361,0.035033424,0.015281688,0.089969029,0.010194476,0.73441731,2.5081778
0.77757705,1.5277502,0.53865108,0.035772531,0.019115843,0.089344502,0.018325803,0.53622407,2.2975883
0.79885492,1.5164113,0.56186499,0.039362144,0.014199749,0.066124294,0.013177176,0.55366728,2.3723179
0.80829435,1.9490197,0.48549159,0.034057063,0.021361278,0.089132587,0.011613569,0.46050113,2.343867
0.81822907,1.8912933,0.45927311,0.037726844,0.020957497,0.080180715,0.012689702,0.51117904,2.2992479
0.85242802,1.7086662,0.4723087,0.030837671,0.032745787,0.085815234,0.012120464,0.50120813,2.4195366
0.84138388,1.772166,0.45875612,0.025519847,0.030795314,0.093004717,0.010996736,0.48892282,2.3982043
0.86676337,1.554175,0.44912953,0.038200924,0.016866101,0.088158856,0.010773293,0.4750113,2.3659801
0.83945679,1.314756,0.39541107,0.039101505,0.015509503,0.09178789,0.010574885,0.5669078,2.1898537
0.86493383,1.4764513,0.42866336,0.046442929,0.022710403,0.093996268,0.010419763,0.58875423,2.2880408
0.83926322,1.5334821,0.48167582,0.030016361,0.019413828,0.092264838,0.011592153,0.49166222,2.3874818
0.89003998,1.3994185,0.40062045,0.044177317,0.031202033,0.08858206,0.011922438,0.44407585,2.3059985
0.82026374,1.5438593,0.51148787,0.038204884,0.013137236,0.094459184,0.013579601,0.54200224,2.3532124
0.83043361,1.3928594,0.48127907,0.031526699,0.011326741,0.051651781,0.012724249,0.51447661,2.3418859
0.80864813,1.8533578,0.53476958,0.028798832,0.013604227,0.087871243,0.017711425,0.45360432,2.4499374
0.8262218,1.6027792,0.48332868,0.036451164,0.015492637,0.074886408,0.010253671,0.74040714,2.3357086
0.82615957,1.8156971,0.50970248,0.040497989,0.013126463,0.087474842,0.015931873,0.48865923,2.3871354
0.8217164,1.7166404,0.39481467,0.03951418,0.027235925,0.073043348,0.011272728,0.55540895,2.1759683
0.7841466,1.8455539,0.65991518,0.033780091,0.01478789,0.076000552,0.011617007,0.63698883,2.5890444
0.80136766,1.8433548,0.4917646,0.039744231,0.027646094,0.087555368,0.013396544,0.56539243,2.3001078
0.76348533,1.9909581,0.5297511,0.036138193,0.037143803,0.066952075,0.016189234,0.55985488,2.3052191
0.80422138,2.0688536,0.54739033,0.037509276,0.028440334,0.095573541,0.011463851,0.53597407,2.4468307
0.84021067,1.2566365,0.55402282,0.048472228,0.011592675,0.080074149,0.012182156,0.5860981,2.3877808
0.83004594,1.3629435,0.53101158,0.041963465,0.011982317,0.077866577,0.013142233,0.60207202,2.3702617
0.84224467,1.3554744,0.45418863,0.031638274,0.011630723,0.071881907,0.010585789,0.58134426,2.3223497
0.80628433,1.7730249,0.52516994,0.033932211,0.036334752,0.092827966,0.011806286,0.61898495,2.3897214
0.79488473,1.9250055,0.52250824,0.039474496,0.030577,0.085923782,0.013671749,0.61039605,2.3486168
0.83382444,1.8475702,0.47884095,0.036094747,0.01749303,0.084312195,0.011888504,0.48971679,2.3754417
0.81360681,2.0013332,0.55063412,0.037489764,0.015685392,0.070171673,0.01185047,0.52970662,2.4680514
0.83721673,1.6810777,0.44528165,0.035846774,0.021841833,0.091688075,0.014407696,0.60594476,2.3088575
0.81903758,1.6045518,0.54878531,0.037673023,0.013083387,0.084470932,0.010348031,0.65993044,2.4234169
0.82294093,1.3458038,0.51591361,0.036089865,0.01542453,0.062374859,0.010259289,0.71496575,2.3531563
0.86242352,1.4501266,0.47116976,0.046264148,0.026034696,0.097172447,0.013520199,0.40013494,2.3471984
0.8270041,1.4107357,0.41825689,0.035981445,0.018561247,0.097123025,0.014333988,0.47918205,2.2144151
0.83633686,2.2242073,0.56852331,0.042148764,0.011508763,0.076202187,0.011353023,0.69021249,2.5686138
0.79308681,1.9678082,0.48040712,0.037347288,0.023457354,0.079495004,0.014942977,0.59046049,2.2839077
0.80785634,1.62874,0.4430595,0.025635557,0.023637958,0.062859463,0.016518774,0.53292741,2.2701057
0.82264673,1.6702002,0.46956743,0.037467106,0.021115038,0.085920329,0.013454434,0.53296015,2.3062577
0.86166295,1.6207651,0.44219632,0.036176196,0.022003182,0.094881644,0.013737975,0.57274563,2.3565362
0.82914776,1.8421465,0.42091741,0.032324828,0.017565694,0.079854562,0.014450983,0.59471696,2.2758889
0.83230458,1.7258532,0.50893743,0.032993309,0.031125797,0.094353167,0.012025159,0.55558522,2.4263135
0.82915123,1.7160969,0.47491268,0.022260225,0.023606749,0.089599292,0.011146205,0.57825505,2.4066995
0.81709057,1.9050491,0.51617663,0.039947439,0.027542957,0.095354759,0.014743725,0.62158395,2.3891024
0.81848539,1.5988882,0.54552235,0.033851482,0.014001721,0.060843449,0.011076605,0.89959989,2.4347821
0.80898801,1.9167694,0.60604669,0.032506073,0.014343254,0.094634285,0.013502548,0.56196417,2.5753534
0.85049585,1.8414022,0.48153286,0.020859823,0.014024492,0.076939617,0.01008403,0.49030814,2.4960216
0.7830561,1.8133652,0.56190895,0.036820748,0.011879538,0.084008765,0.022814533,0.71135186,2.3857101
0.76681035,1.7506057,0.56790634,0.035925563,0.011814817,0.088773835,0.020477137,0.69565302,2.3488958
0.87845814,2.1375697,0.46965114,0.036306245,0.029138239,0.080652818,0.010495229,0.51033689,2.5001314
0.87060133,2.1069391,0.47831136,0.040932489,0.018710747,0.081527131,0.011792201,0.54925732,2.4722223
0.78848938,1.3553849,0.5828721,0.038759733,0.018966707,0.083270433,0.010661628,0.63389602,2.3587177
0.85295783,2.0835397,0.49070647,0.033568955,0.012848305,0.077754308,0.011422187,0.53280098,2.4845648
0.85867747,1.4377039,0.42242455,0.046013394,0.011458132,0.078361635,0.010527065,0.55021537,2.2617403
0.81684229,1.2044907,0.44770163,0.024606022,0.021389475,0.061032773,0.011878323,0.55665152,2.26312
0.83269161,1.6928512,0.522245,0.018263775,0.025712191,0.097613473,0.011716026,0.61001183,2.5245868
0.84413215,1.9339711,0.45251106,0.058962544,0.024419543,0.099424288,0.010644963,0.63029908,2.269761
0.82779945,1.8459502,0.49696865,0.019595276,0.015133377,0.085640309,0.012857391,0.57210042,2.4744684
0.79324765,2.4259268,0.53297614,0.029265846,0.029638968,0.094769663,0.01245804,0.65472861,2.4817334
0.79671804,2.2068119,0.49548768,0.033792183,0.022152935,0.096596233,0.01477689,0.63329032,2.364586
0.83246535,1.1948966,0.58996243,0.041428435,0.016792683,0.094460045,0.010556937,0.6201858,2.4486666
0.85110079,1.8936314,0.50566131,0.041299644,0.024727704,0.074685837,0.012063436,0.66503451,2.4483592
0.83545752,1.8265943,0.49792283,0.042918828,0.020188992,0.077864297,0.011323458,0.6494825,2.3800556
0.79167545,1.7951674,0.55073809,0.039061934,0.025638838,0.084864464,0.017558374,0.59999877,2.3749279
0.8237188,2.0779263,0.4970223,0.034371118,0.022922136,0.083509191,0.010725719,0.60370078,2.4179979
0.85389922,1.9559574,0.43484698,0.045308722,0.016698476,0.082268773,0.013434625,0.59070857,2.3184174
0.82958147,1.9720566,0.39871395,0.039634733,0.031246792,0.075269886,0.013336726,0.57467936,2.2207332
0.82072702,1.925496,0.39673637,0.041634643,0.029240655,0.076252334,0.012402572,0.60939738,2.1854641
0.85077348,2.135617,0.51824964,0.032669071,0.014287703,0.079010435,0.010848027,0.57000819,2.5444917
0.82982202,1.4196993,0.51373726,0.029355005,0.010095956,0.067448542,0.010362326,0.59520092,2.4085178
0.82300607,1.7222212,0.50569236,0.049295434,0.010560543,0.075732744,0.011217154,0.56347412,2.3220512
0.81946946,1.8691664,0.54807998,0.029792472,0.027848832,0.081520072,0.012447331,0.64586402,2.5005801
0.79834613,1.6334859,0.5209651,0.03331777,0.027913991,0.098747302,0.01076875,0.55668155,2.3469721
0.84203815,1.9775561,0.4741103,0.026240348,0.019662324,0.082884809,0.010181771,0.60276521,2.4481668
0.79652319,1.7152803,0.60494406,0.039636892,0.02529601,0.067253609,0.012414045,0.60356771,2.467508
0.76161721,1.841875,0.57662788,0.029638678,0.019957613,0.079929299,0.0115359,0.75128589,2.3964034
0.83107927,1.7861617,0.48258434,0.029715109,0.016079788,0.091611169,0.01080046,0.45353307,2.3980474
0.82643258,2.1033858,0.45891319,0.036106868,0.012700142,0.088309722,0.0121556,0.47633357,2.3476385
0.85815213,1.3497405,0.51507498,0.033666478,0.017282686,0.096950418,0.010677384,0.77324878,2.4543261
0.8264313,1.5201661,0.50803321,0.031013535,0.010810784,0.083758823,0.010668608,0.7244474,2.3941601
0.8035757,1.6528994,0.50570748,0.027570529,0.017193516,0.082197994,0.016016844,0.61223327,2.3637643
0.81770069,1.7971463,0.4939692,0.053438295,0.019859892,0.061550152,0.010756091,0.71570742,2.2809455
0.86048364,1.8952823,0.4503765,0.028455423,0.017767027,0.09203953,0.012719361,0.6769941,2.4295133
0.78936512,1.7329483,0.61796077,0.038050058,0.028502808,0.070340693,0.012173379,0.50200051,2.4826406
0.77884877,1.9941475,0.50711064,0.036381314,0.020721614,0.07179509,0.010905809,0.68634816,2.3031288
0.79990459,1.8100321,0.5632289,0.031020888,0.016636973,0.071320019,0.013459192,0.55774658,2.4620641
0.84849006,1.8576744,0.53074904,0.040759394,0.021527344,0.085335955,0.010229624,0.61575011,2.4854824
0.79311183,1.708386,0.53878972,0.033177966,0.020896133,0.08754991,0.011749608,0.46998511,2.3748238
0.84233062,1.4154153,0.50838889,0.043927958,0.021780278,0.086268268,0.014002361,0.50235081,2.3628188
0.80498483,1.6540438,0.51841356,0.03254153,0.015556628,0.071859495,0.012845312,0.59358959,2.3660152
0.79518807,1.9227853,0.52320063,0.039655144,0.020764087,0.071240197,0.011642934,0.6004723,2.3494941
0.80560894,1.841133,0.59574104,0.031512278,0.01004628,0.07858707,0.011383111,0.6993501,2.5400575
0.83892555,1.9579082,0.42310786,0.040932071,0.030088669,0.083390775,0.011377088,0.5011031,2.2794166
0.77292169,1.627628,0.52836953,0.028324443,0.019318633,0.065498013,0.011983301,0.69931517,2.3167428
0.7702271,2.0705554,0.59437595,0.030190121,0.025149148,0.087203625,0.013920579,0.55858679,2.4860342
0.77141557,2.0319381,0.59607869,0.035274765,0.036714385,0.085454014,0.013169781,0.59105657,2.4583223
0.79004277,1.8914422,0.60228621,0.035407702,0.026324153,0.076523339,0.012608254,0.58861407,2.4965893
0.78852498,1.8713171,0.57299114,0.033148045,0.029898313,0.092556253,0.01133374,0.65660753,2.4475657
0.84803989,1.6475377,0.43986308,0.041773581,0.02093937,0.098808435,0.015231638,0.51277214,2.2987914
0.79962059,1.7136413,0.48020458,0.041978094,0.014230217,0.068851337,0.010428833,0.57460854,2.2523601
0.80571295,1.7547321,0.50374297,0.034813636,0.01909084,0.064540798,0.010429913,0.54462494,2.3438526
0.83895152,1.5238144,0.55041622,0.032537709,0.014380574,0.082907139,0.010061932,0.57229262,2.493609
0.83844614,1.6360917,0.5440277,0.03607228,0.017168207,0.082251797,0.010079329,0.58198716,2.4779644
0.84242036,1.5072854,0.52175836,0.028121322,0.015022713,0.070678691,0.010052278,0.54628567,2.4726313
0.81481794,1.7863523,0.50426961,0.048438289,0.013249044,0.089436646,0.010718356,0.56391337,2.3104735
0.80394318,2.2711391,0.58180822,0.025593675,0.020027293,0.082474572,0.010726379,0.7667807,2.6107263
0.7559766,1.6379609,0.58741128,0.038551915,0.013747561,0.045531584,0.010786174,0.57329394,2.3234831
0.81478421,2.2935846,0.59006129,0.029516782,0.026015273,0.085747086,0.010854355,0.60430144,2.637728
0.80508305,1.4200701,0.47711797,0.036264472,0.01117577,0.081623752,0.011051833,0.63882591,2.2534541
0.84514191,1.6680028,0.56621949,0.032710517,0.010356287,0.072982906,0.011032002,0.56768983,2.557922
0.87564951,1.7776695,0.36758319,0.03678189,0.010354444,0.099132792,0.011939235,0.53310064,2.2717809
0.77509254,1.7020037,0.59856613,0.036833902,0.013945831,0.065032054,0.01142939,0.64380607,2.4119344
0.77141011,1.49836,0.61118734,0.036006507,0.013702612,0.058300877,0.013754816,0.69340876,2.3951219
0.78499224,1.5601854,0.61593518,0.034395527,0.017147776,0.082997633,0.013044249,0.63232802,2.4587117
0.80246629,1.7039932,0.63105297,0.034756027,0.028414976,0.079624616,0.011520436,0.53091613,2.5552912
0.84391934,1.706536,0.47373694,0.047711608,0.015376686,0.084477452,0.010006727,0.46496794,2.3261557
0.83406198,1.5492201,0.48745295,0.035530881,0.016027895,0.096114414,0.010005346,0.49182066,2.3606427
0.82361047,1.8264618,0.46762843,0.039963198,0.017962788,0.077286205,0.010000393,0.67228634,2.3109611
0.83008522,1.6142371,0.47181697,0.04527936,0.025868848,0.077578058,0.013855,0.48919038,2.2897374
0.80403994,1.7864253,0.5322148,0.028772904,0.021162257,0.070805298,0.010200918,0.65240273,2.4241916
0.81374797,1.4940479,0.53352948,0.015919091,0.014244336,0.076315304,0.010099886,0.57906584,2.4810402
0.81445158,1.5804173,0.45201198,0.019660447,0.011060685,0.070198601,0.010177124,0.58552106,2.324284
0.80126013,2.164205,0.64123333,0.04161017,0.010602995,0.075472234,0.01462195,0.69118209,2.6115371
0.87242444,1.4010632,0.41958241,0.031943254,0.019233761,0.061830088,0.010703035,0.48117025,2.342192
0.80990244,1.8604726,0.59403586,0.033316724,0.024285122,0.086754691,0.011527765,0.61349924,2.5413063
0.78104346,1.9073422,0.58904846,0.039168497,0.021078404,0.095648219,0.014244362,0.66885832,2.4307804
0.86061772,1.7395906,0.45544465,0.036258801,0.020148138,0.097536533,0.010750801,0.52142272,2.3883118
0.8428566,1.6237305,0.46556402,0.0354514,0.011669533,0.095688115,0.012259603,0.54956183,2.3536664
0.83191558,1.6699389,0.53797118,0.039485558,0.012216406,0.093127112,0.012481814,0.53612594,2.4377926
0.81917155,1.7365721,0.43578755,0.044355142,0.014631311,0.042767177,0.013236316,0.41088547,2.2203554
0.80604101,1.8455297,0.54842894,0.03057797,0.039856707,0.090686424,0.01023003,0.5559954,2.4582796
0.81788917,1.7652159,0.5420787,0.032936533,0.014111207,0.089301754,0.012571916,0.68728702,2.4543693
0.82838519,1.5922501,0.56630866,0.043163795,0.021596232,0.076056597,0.010513094,0.56093497,2.4483057
0.83560428,1.6081573,0.58405172,0.034514314,0.020116815,0.079540982,0.011579676,0.59649552,2.5460558
0.80623963,1.6588336,0.4300105,0.028399354,0.011889963,0.087008762,0.012043594,0.64185564,2.2347517
0.8720806,1.5109467,0.50366855,0.035026958,0.015547391,0.092635824,0.011495015,0.54241356,2.4830661
0.88919429,1.7206802,0.39263592,0.047429076,0.010560327,0.095344681,0.010543336,0.54581204,2.3034169
0.82075707,1.6521934,0.56739654,0.03948253,0.010600054,0.09847111,0.010684684,0.7025533,2.4574772
0.83557261,1.8985991,0.44992962,0.02185534,0.013489485,0.071287488,0.014205542,0.5328702,2.3970196
0.8018517,1.8336185,0.46453777,0.039557221,0.011347022,0.074926669,0.011418549,0.5357767,2.2543389
0.86823855,1.7749082,0.42728315,0.021132504,0.029393373,0.085124238,0.010232096,0.57562892,2.42654
0.84194645,1.6255327,0.39447605,0.017208801,0.023139015,0.093339036,0.01023174,0.6036008,2.302876
0.84461414,1.5835073,0.40871353,0.017455081,0.019026655,0.095257367,0.01021691,0.60381889,2.3312381
0.75233155,1.9837747,0.58866249,0.038087387,0.016748233,0.052397773,0.013424704,0.60420146,2.3714832
0.83304072,1.5209078,0.50344228,0.037085855,0.01807103,0.094930033,0.011285325,0.64125726,2.3746819
0.83181555,1.4609196,0.49877263,0.047631644,0.043955282,0.088908334,0.012716856,0.62050697,2.3104737
0.82485999,1.3556509,0.4729109,0.045570382,0.04440049,0.091942845,0.013905449,0.6270641,2.2510447
0.83139861,1.6459555,0.53762374,0.028990483,0.015055455,0.078878803,0.010263074,0.5698469,2.4860796
0.81805185,1.5520181,0.53942035,0.050194272,0.014838801,0.081196213,0.014523814,0.55530533,2.3392994
0.82293214,1.6897871,0.42646011,0.027868229,0.018582729,0.070015992,0.011179637,0.51044897,2.2748926
0.82087056,2.128534,0.49861679,0.02523578,0.021610177,0.092751675,0.010643667,0.66043388,2.4653157
0.82260011,1.4824927,0.57197339,0.048746048,0.015205091,0.08634638,0.014665555,0.53951442,2.3997949
0.81908619,1.5341285,0.49589139,0.034361337,0.013808939,0.078546281,0.010431472,0.59185779,2.3405661
0.83702025,1.5337886,0.53142909,0.029705157,0.014048097,0.08570518,0.011360602,0.56552552,2.4710123
0.82286406,1.8668858,0.51215227,0.038892318,0.014760026,0.095489325,0.011730582,0.64246449,2.3968565
0.80360064,1.8302569,0.54817335,0.041755649,0.011977969,0.07594789,0.013062429,0.82838223,2.3929223
0.81413224,1.3340363,0.47973478,0.036281436,0.017999621,0.085315769,0.01091766,0.42997028,2.2710129
0.84489585,1.5444594,0.48473349,0.048844051,0.028416186,0.078871321,0.015325339,0.5556959,2.3246601
0.84498547,1.5572244,0.45765097,0.042592035,0.029678169,0.081699273,0.016729738,0.5325435,2.3086585
0.83109976,1.7979387,0.48434376,0.04135983,0.011087754,0.091193755,0.010129564,0.57851531,2.3493584
0.88378253,1.6739121,0.39475417,0.027899312,0.059436336,0.094560193,0.010576635,0.57548849,2.3655729
0.88979635,1.6341629,0.42024055,0.027497603,0.037727773,0.096222203,0.010669129,0.57974189,2.425287
0.82756824,1.5768836,0.50961782,0.049119565,0.013131794,0.084122736,0.020044649,0.41163521,2.3237261
0.82432599,1.6220304,0.59562624,0.037490958,0.034358184,0.092356418,0.010139854,0.73839443,2.5222642
0.87327989,1.4339136,0.55400174,0.033232585,0.030174096,0.094376862,0.011272763,0.59353734,2.5742419
0.82830997,1.5303673,0.50615879,0.043530082,0.014189152,0.087395959,0.012814161,0.49776932,2.3391389
0.83914029,1.3308257,0.49277061,0.044905686,0.014288814,0.081628319,0.012976551,0.50703045,2.3166637
0.80799792,1.497653,0.45045494,0.035070594,0.040057578,0.072888178,0.013672548,0.54674123,2.2308137
0.80505507,2.1284477,0.50877594,0.033510821,0.010411078,0.085388295,0.012681103,0.55324148,2.4031995
0.86004046,1.9183147,0.43442648,0.023336221,0.020552369,0.08361257,0.012409538,0.53326588,2.4234973
0.7989875,1.3839933,0.59406061,0.036004701,0.021697757,0.086787745,0.010704213,0.69461449,2.423003
0.8494384,1.8977891,0.4358831,0.034102154,0.021341199,0.081321613,0.010094966,0.55641178,2.3502285
0.79509641,1.6039341,0.57828662,0.039733922,0.017969749,0.07532049,0.010119969,0.61568267,2.4004924
0.80652724,2.0208099,0.49124656,0.035618213,0.017028362,0.081614287,0.012231667,0.51538941,2.3510566
0.79323664,2.0903344,0.55901269,0.02803652,0.031368423,0.076514575,0.011083581,0.4896091,2.4934881
0.86261928,1.4830605,0.50966951,0.030583627,0.0155752,0.091823019,0.010345781,0.64054625,2.4880792
0.84207462,1.3984294,0.44478358,0.045075794,0.030046106,0.092294519,0.010114243,0.61195709,2.2563452
0.81625613,1.5042487,0.51231401,0.027434417,0.018694904,0.060156841,0.01139631,0.4834638,2.3906777
0.8202471,1.9166323,0.49114609,0.041589753,0.028663594,0.097634787,0.017239152,0.56948789,2.346387
0.80629347,1.8729717,0.47048342,0.041024566,0.018786606,0.072345859,0.010645165,0.56516321,2.2734634
0.77566404,1.7364092,0.61268317,0.028224058,0.019760975,0.098004681,0.011865249,0.69374679,2.4914013
0.876401,1.7128455,0.33351812,0.049833103,0.010685607,0.081256387,0.010631733,0.47460553,2.1715794
0.86578921,1.8312186,0.51397271,0.030592176,0.014411467,0.096572224,0.017540114,0.55548321,2.5472186
0.83463146,1.2620594,0.53745345,0.03147229,0.051238732,0.091083562,0.010530216,0.58270262,2.4303455
0.81691342,1.308707,0.52502526,0.039070454,0.051218938,0.091608681,0.010326024,0.57129208,2.333875
0.83024153,1.8190337,0.5138314,0.034103796,0.012246902,0.090673705,0.011324559,0.63458695,2.4359378
0.83807476,1.6269145,0.47029972,0.02999832,0.033633055,0.099745664,0.012830407,0.54985324,2.3747316
0.82356499,1.7843508,0.51757901,0.04722064,0.010910145,0.079066073,0.01100262,0.48765409,2.3596211
0.83009697,1.7349696,0.42484864,0.030930155,0.01259039,0.085295029,0.013296012,0.64310585,2.2812189
0.85349243,1.6214847,0.51167338,0.036555419,0.031380752,0.093626135,0.011088507,0.60750865,2.4554031
0.8051955,1.7620571,0.49186434,0.045320033,0.013542497,0.059966079,0.013354894,0.46256606,2.276675
0.8263038,1.8319978,0.49863953,0.03689333,0.0214511,0.07348799,0.010151413,0.52651215,2.3865973
0.80700044,1.7865816,0.57053446,0.0279872,0.014421018,0.085832766,0.016995599,0.68262057,2.5076623
0.80548976,1.6058206,0.55160297,0.022965302,0.013618911,0.082664638,0.01031946,0.77079241,2.4693704
0.81792229,1.7786051,0.5330801,0.048702162,0.012554419,0.069533255,0.011406619,0.44138586,2.3640663
0.80705132,1.5726452,0.41878082,0.025834034,0.032205662,0.095114221,0.012497676,0.48704078,2.2200167
0.78524061,1.8519333,0.53193392,0.027589339,0.013275713,0.085697797,0.010117997,0.6993896,2.3890704
0.82235067,1.4466871,0.43868439,0.024033198,0.019261132,0.098386985,0.012831397,0.4886208,2.2880033
0.85452795,1.6281958,0.48404942,0.038353475,0.023370287,0.075195761,0.013937375,0.56316107,2.4022016
0.82834035,2.0054712,0.53639236,0.035421184,0.015234236,0.094650893,0.011137104,0.59523874,2.4905974
0.8029395,1.7476288,0.44684843,0.017310065,0.018137826,0.054803907,0.011854609,0.51455289,2.3134588
0.85170246,1.8997012,0.54622352,0.033080579,0.017544462,0.089326931,0.010547527,0.70281899,2.568365
0.82478255,1.6917898,0.41347483,0.036545472,0.024466593,0.087690168,0.01104764,0.54286619,2.2229215
0.84393759,1.4168258,0.53169576,0.038539938,0.014410245,0.083520857,0.010557768,0.5923506,2.4300554
0.85445326,1.4814377,0.48584713,0.043454899,0.02160619,0.071681174,0.010387109,0.5870337,2.3663507
0.79598799,1.9432817,0.53180073,0.028659006,0.017937421,0.098626021,0.01198631,0.69460614,2.4239357
0.8375121,1.849437,0.52259639,0.042253112,0.027844216,0.099113284,0.011101272,0.54248806,2.434521
0.80911341,1.5299347,0.52856051,0.050966021,0.015882392,0.062030794,0.013294533,0.56703204,2.2937937
0.8082777,1.9437342,0.52833682,0.024694253,0.026188986,0.097967706,0.011455424,0.61771313,2.4704006
0.79907873,2.0585461,0.54917574,0.02580923,0.023720093,0.096635953,0.015749927,0.64187126,2.4970991
0.79413944,1.5948878,0.5340924,0.020189699,0.024396571,0.091114453,0.014523551,0.57731873,2.4200092
0.79759116,1.8018901,0.54047537,0.020679448,0.046903364,0.081473545,0.011150257,0.57055599,2.467506
0.84885028,1.969336,0.4643418,0.027985899,0.010041911,0.091257494,0.014570681,0.63805582,2.437082
0.79494046,1.3216053,0.53505068,0.030677293,0.019884141,0.086081587,0.010894379,0.49839792,2.3340644
0.82483401,1.6140981,0.5211833,0.048244263,0.018781073,0.07269151,0.015807205,0.57928828,2.3436484
0.8380105,1.5365558,0.54330147,0.032509576,0.021531461,0.095666366,0.011051613,0.53630098,2.4804879
0.80855921,1.3578456,0.53186579,0.03448966,0.013215758,0.076587489,0.012234286,0.53627822,2.3508722
0.83487813,1.4140391,0.44400498,0.035910641,0.010507268,0.07997904,0.013596729,0.65659015,2.2753064
0.82394128,1.6247496,0.47578358,0.035724743,0.010202412,0.070372324,0.011912847,0.61644865,2.3227786
0.78191774,2.0658141,0.60389157,0.03719441,0.019906761,0.080358389,0.013015132,0.68237228,2.4961706
0.77719726,1.7007672,0.5714458,0.026742625,0.027757209,0.075400601,0.011849575,0.57670649,2.4228876
0.77411547,1.7570034,0.60192628,0.034904662,0.032193579,0.076405009,0.0108083,0.6095705,2.4341973
0.80215347,2.0756013,0.48308961,0.022547377,0.012921707,0.069757565,0.01162098,0.58659919,2.3928967
0.81105206,1.4916266,0.50707951,0.027155192,0.029723243,0.097124627,0.012458664,0.64235149,2.367824
0.78074478,2.1033428,0.55003794,0.01793577,0.011085958,0.098710617,0.011997214,0.59744413,2.5000137
0.8513134,1.997297,0.50755191,0.023752931,0.011220123,0.079559153,0.010964205,0.68409736,2.5541536
0.77324326,1.8643854,0.50518399,0.049157409,0.055769566,0.072237875,0.019347381,0.40187079,2.214924
0.82551721,1.8128923,0.53389168,0.021290572,0.01365428,0.066553871,0.011599246,0.6268519,2.5277585
0.82695944,1.7575158,0.50477318,0.035952313,0.019408467,0.098207535,0.010172925,0.57579461,2.3948081
0.82083663,1.547283,0.57012956,0.035915692,0.031165622,0.09386723,0.011778179,0.64236913,2.4657865
0.80454653,1.7163273,0.50481343,0.018094268,0.015920743,0.090226145,0.011443983,0.59692939,2.4199796
0.79694281,1.8214056,0.53698584,0.014235187,0.021585122,0.087633805,0.015257604,0.63153588,2.4975132
0.79527756,2.0311191,0.54410462,0.014836374,0.018196857,0.08644756,0.014007016,0.64210023,2.5344634
0.82074041,1.3176042,0.55049895,0.043140739,0.022890528,0.097381342,0.010735128,0.65252919,2.3656129
0.81510982,2.0526871,0.52991446,0.040030092,0.014548835,0.056932099,0.014451948,0.4888516,2.4274051
0.81696978,1.8532762,0.51538224,0.048249144,0.022792389,0.071405376,0.012454293,0.51430552,2.3430997
0.81256411,1.2140495,0.5108879,0.024375509,0.011832801,0.078900902,0.011908778,0.54572989,2.3575489
0.82515937,2.2935047,0.51811492,0.050625214,0.018246802,0.079055269,0.010209758,0.62143269,2.4108098
0.81102171,2.318962,0.53695485,0.044959977,0.025848998,0.067074861,0.01020487,0.65334192,2.4410453
0.81607793,1.5388245,0.50383283,0.027782189,0.022039562,0.094333525,0.010077931,0.46918346,2.3779322
0.80540686,1.999199,0.50110151,0.040729247,0.013497941,0.064167772,0.010046015,0.77639757,2.3403157
0.78606707,2.2385402,0.55708463,0.03444861,0.015927038,0.076565982,0.010060942,0.56249918,2.4579643
0.81585592,2.1455962,0.53661208,0.046276957,0.020770284,0.073530085,0.010063893,0.61464862,2.4234953
0.79241753,1.5849729,0.5184133,0.018432271,0.010211162,0.063465297,0.010111368,0.60284467,2.3944657
0.82944388,1.8629429,0.51987351,0.035820663,0.010125373,0.086454573,0.010041445,0.63044221,2.4419984
0.75646466,1.5199963,0.65062191,0.037557628,0.010273443,0.05925899,0.010104103,0.56068779,2.414857
0.79503647,2.103667,0.52497264,0.021640211,0.030027968,0.095147045,0.013817005,0.79296278,2.4666063
0.82297291,1.6751479,0.57643908,0.035914626,0.017368355,0.091471368,0.010780961,0.53584118,2.5012697
0.83420209,1.9705129,0.43446821,0.037398042,0.034194595,0.098859203,0.010524387,0.64394214,2.3034246
0.82866643,1.9718908,0.47505535,0.038238939,0.024199184,0.099015183,0.011070239,0.62396041,2.3596029
0.79530998,1.5603824,0.47894434,0.047927357,0.015882642,0.060247738,0.010521087,0.59579942,2.1994317
0.86573715,1.789468,0.52451196,0.033188165,0.021969252,0.096488288,0.014328222,0.61753359,2.5482542
0.80707966,1.782756,0.56844972,0.049914409,0.013088062,0.085809395,0.012235258,0.58034899,2.3906737
0.8299626,1.6650918,0.47548152,0.031706864,0.022382511,0.090630616,0.014428082,0.66545616,2.3597282
0.81012864,1.8555459,0.58645737,0.043130177,0.018993941,0.096453386,0.010663806,0.60640242,2.4741299
0.75705008,1.7130121,0.65109561,0.0338287,0.016618688,0.074193619,0.012011776,0.69496785,2.4730071
0.75424812,2.1763354,0.67092104,0.031559983,0.023988619,0.064801252,0.011497911,0.62695576,2.6035172
0.7943896,2.0649397,0.66838787,0.035282333,0.015153894,0.077166828,0.010681187,0.77611616,2.6660254
0.81790603,2.2068621,0.59738102,0.050881043,0.015526527,0.086387107,0.011714435,0.83583616,2.5272303
0.78315083,2.1489291,0.5341074,0.022395375,0.015603929,0.083104609,0.012683882,0.7357394,2.4557176
0.81532375,1.5088908,0.57493572,0.034421273,0.010870149,0.067978198,0.010527046,0.52112164,2.4616849
0.78451909,2.2188643,0.48334197,0.030672155,0.010623266,0.051760647,0.010022363,0.57641021,2.3261817
0.79150009,1.9004029,0.53870495,0.041409209,0.012069361,0.067819966,0.010028567,0.53854807,2.3562968
0.81240256,1.6984416,0.49193328,0.027353659,0.026882885,0.079213572,0.010018389,0.57936238,2.3683729
0.82253823,1.7733981,0.48187316,0.033664195,0.017810614,0.091748015,0.016716407,0.65701113,2.355329
0.79420085,1.7441578,0.48406108,0.0246912,0.030147552,0.071414479,0.010097529,0.42526327,2.3251592
0.81175831,2.2471839,0.52935419,0.039099312,0.022468214,0.084864224,0.010122463,0.49786674,2.4477229
0.82993646,1.4625804,0.47066985,0.035394691,0.016593104,0.0832108,0.017085775,0.59048311,2.3134664
0.79624762,1.8832042,0.48201318,0.040907946,0.030334782,0.092521024,0.011159534,0.55948366,2.2699511
0.90300413,1.8061358,0.4562969,0.037716987,0.020017106,0.099083668,0.012048416,0.51024327,2.4946781
0.76472681,1.5075105,0.46815674,0.023544224,0.015850136,0.055253203,0.012685562,0.59836384,2.2002796
0.77969337,1.6949192,0.64601823,0.027753349,0.021808011,0.097117167,0.01199543,0.6566852,2.5594116
0.87981194,1.7608815,0.32980648,0.03986584,0.012581117,0.077434417,0.011738527,0.4884806,2.2062902
0.88405322,1.69559,0.34573753,0.038295238,0.015029202,0.073130204,0.011947436,0.48911473,2.2437672
0.86828673,1.6053317,0.35056679,0.037834263,0.01616459,0.07734409,0.012128363,0.48483535,2.2112374
0.84553867,1.5787021,0.56587924,0.043130091,0.024618376,0.094396884,0.012462939,0.58051118,2.4903226
0.83590961,1.56443,0.48515021,0.034713525,0.015026568,0.077720117,0.010314497,0.46707349,2.3667904
0.77526282,2.0373465,0.57486659,0.035731817,0.020268483,0.081725929,0.019105819,0.74102719,2.4272081
0.81697192,1.7090245,0.61798114,0.020238438,0.012517538,0.096281932,0.010652128,0.60715941,2.6600256
0.79833889,1.7644854,0.58079288,0.051277011,0.036038367,0.07774247,0.01658793,0.68988814,2.3797075
0.78736478,1.7222025,0.56014547,0.031692755,0.026011298,0.089222683,0.01132788,0.6905553,2.4069136
0.79770284,1.6138037,0.54730677,0.023889343,0.033125471,0.090885821,0.016832815,0.6171206,2.4367402
0.79244993,1.9268132,0.55989798,0.039056024,0.012952003,0.059929957,0.010069245,0.60996277,2.4116118
0.82305627,1.6981922,0.49862267,0.026858314,0.026763738,0.087372271,0.016027769,0.53356914,2.4104067
0.7883942,1.7625198,0.49964509,0.048105282,0.017133036,0.054818967,0.012406467,0.53984181,2.2361463
0.8307995,1.7368382,0.49225308,0.04530902,0.031693783,0.099698878,0.011701611,0.59852764,2.3380543
0.83154768,1.7881087,0.47575613,0.037682672,0.024177233,0.099773215,0.014971433,0.61283888,2.3506873
0.82837775,1.5486472,0.53094444,0.025958222,0.019932361,0.098710369,0.011053039,0.55500852,2.4688404
0.82813554,2.3410068,0.5041619,0.045524425,0.027337577,0.09724072,0.010209439,0.75550774,2.42124
0.83589416,1.7582073,0.49871695,0.041255818,0.037098038,0.093131306,0.011673194,0.63115332,2.3822314
0.80549373,1.9978724,0.51780767,0.020112964,0.01452872,0.09483476,0.011186503,0.61362885,2.4738659
0.8139143,1.4738336,0.48962861,0.046501544,0.026709747,0.08837658,0.013725343,0.5456495,2.2581512
0.79792109,1.7470241,0.53442927,0.029846481,0.029698487,0.086106953,0.01651499,0.69166877,2.4014395
0.80986445,1.945286,0.60377318,0.028607355,0.028539477,0.086567528,0.013047967,0.65237694,2.6009127
0.79563422,2.1027622,0.57539539,0.038508574,0.013253245,0.08413168,0.010870824,0.64967488,2.4771255
0.79597142,1.6410709,0.48573579,0.031139301,0.066615924,0.090204282,0.015217803,0.58425596,2.2912851
0.77100513,1.3666451,0.58459824,0.021844273,0.014724003,0.068207502,0.01146892,0.59333273,2.4042256
0.84618066,1.9492858,0.43081216,0.018354277,0.027833954,0.095234832,0.012181564,0.5956086,2.4076769
0.8355723,1.4483905,0.59315226,0.030715348,0.015136459,0.076397237,0.012557109,0.6004925,2.5588591
0.83896341,1.4338763,0.58513682,0.047366313,0.019769438,0.074953686,0.01503647,0.58819453,2.4629175
0.82830082,1.5173698,0.41145031,0.026256223,0.017164854,0.095637819,0.01102466,0.52730591,2.2533194
0.80250267,2.2122296,0.53733771,0.019299167,0.034437283,0.092373853,0.012540057,0.64446745,2.5403369
0.86298506,2.2041496,0.4324418,0.024314464,0.024662568,0.090836338,0.01164734,0.50003761,2.4501261
0.88467951,1.8409292,0.39928254,0.032701663,0.034592749,0.095651359,0.017008858,0.50590547,2.3698673
0.81414042,1.4447364,0.5082857,0.041424096,0.012789755,0.073715419,0.010333874,0.48896129,2.3062295
0.84208901,1.8516491,0.48309231,0.040930552,0.027990831,0.096736102,0.014133576,0.59948436,2.3823105
0.83558637,1.560021,0.51829857,0.040090861,0.018182769,0.092921448,0.013012642,0.54248631,2.396771
0.77514643,1.985271,0.50795813,0.021226044,0.016019687,0.07692277,0.010536107,0.5668321,2.366742
0.79521305,1.9483673,0.46539003,0.024621528,0.032971105,0.064595917,0.010319132,0.60578565,2.3164967
0.82126635,2.0176473,0.58303527,0.043415584,0.014999729,0.097553674,0.010287826,0.67285615,2.5198699
0.82420724,2.2863846,0.53834768,0.025317082,0.017375271,0.092515529,0.012398602,0.7123543,2.5768206
0.82671619,1.5802366,0.47105657,0.0473037,0.023510735,0.073419189,0.011108665,0.68678633,2.2685647
0.82907098,1.5888951,0.54937247,0.030853398,0.015702176,0.09437767,0.010033956,0.63083548,2.4835701
0.80426174,1.5296546,0.55963932,0.03607436,0.023797842,0.085406382,0.010145561,0.469102,2.4009236
0.828088,2.0142512,0.41621226,0.039883919,0.01519812,0.074293934,0.010277088,0.59195628,2.2502335
0.81303763,1.7905,0.49740392,0.037080913,0.038579976,0.081659392,0.011227082,0.69323551,2.3451345
0.8446001,1.7260979,0.5199602,0.02430766,0.011997011,0.077083559,0.010552555,0.49183113,2.5232748
0.81309357,1.948418,0.56438163,0.034671933,0.013802225,0.086608162,0.014053019,0.55521432,2.4998384
0.82754768,1.611493,0.49765882,0.041011818,0.030437216,0.085498282,0.010992192,0.65359047,2.3437891
0.83928074,1.3724302,0.42891097,0.031479001,0.012576751,0.081339786,0.013810325,0.57026533,2.2757666
0.85404748,1.5059215,0.48851609,0.04582931,0.012692627,0.072110895,0.010759844,0.55912643,2.361971
0.80699423,2.1196912,0.48658545,0.038184714,0.02041869,0.085907945,0.01237356,0.69815091,2.3432671
0.81726806,2.0596645,0.49874573,0.035378389,0.029421146,0.075568517,0.011307484,0.64992358,2.3979042
0.81859787,1.7407276,0.50796183,0.037349172,0.012245532,0.088361353,0.012592842,0.51006182,2.3705793
0.80213975,1.7543281,0.50772706,0.03905339,0.023617146,0.075268338,0.010502794,0.57162651,2.3222049
0.8369793,1.8048181,0.5381219,0.033598871,0.015351438,0.093548155,0.010597022,0.53327341,2.4988731
0.81023425,1.5325226,0.4813909,0.034899445,0.030743707,0.070427636,0.014283949,0.49095352,2.2913522
0.83412604,1.2360946,0.50263409,0.03728678,0.012726915,0.07651563,0.012271844,0.51660387,2.3421356
0.80257854,2.2079305,0.56499039,0.032667935,0.027243932,0.080461805,0.011380508,0.72987469,2.5222476
0.79079223,2.0708546,0.50206363,0.03347011,0.014265131,0.071966907,0.01259756,0.69853635,2.3471299
0.8170563,1.7618288,0.59583065,0.040022079,0.022162213,0.08985078,0.01236451,0.61378718,2.5112528
0.76937688,1.6162363,0.58736826,0.029835732,0.036769783,0.085201668,0.01109758,0.62962095,2.4005804
0.80356363,1.4178373,0.50760048,0.045139644,0.012307202,0.073462511,0.016629653,0.5175094,2.2593896
0.82287473,1.762435,0.56620728,0.038124331,0.014030232,0.089558113,0.015695532,0.68555978,2.4837557
0.79775847,2.0576386,0.53330448,0.032499591,0.025648474,0.083972357,0.010112653,0.64385065,2.427221
0.792698,1.9062847,0.53679594,0.044113128,0.033864912,0.075742312,0.010291657,0.64723008,2.3440973
0.86888077,1.5872391,0.46189536,0.033778828,0.012462741,0.085797182,0.013788401,0.49053615,2.4159037
0.78925786,1.7943376,0.50234994,0.042562419,0.030592601,0.078610061,0.011113113,0.55145574,2.2698387
0.84802672,1.7684316,0.42779401,0.049048908,0.012146942,0.091759617,0.01083838,0.6016099,2.261543
0.86593205,1.3657486,0.48716561,0.029895027,0.010359128,0.063442271,0.010499488,0.50648573,2.4468508
0.79958444,2.1962224,0.59920336,0.030558874,0.024162147,0.083327439,0.010849731,0.69317002,2.5935386
0.80732097,2.2051656,0.51009428,0.044325976,0.016596423,0.093816735,0.019185855,0.7829523,2.3696974
0.8375068,1.6504856,0.51949949,0.02623783,0.023432033,0.096069121,0.010450793,0.4469813,2.4837651
0.84867192,1.7787751,0.49941386,0.027209841,0.024046171,0.098101285,0.013811018,0.7192963,2.4860998
0.83221802,1.62354,0.43236605,0.039217607,0.029711603,0.099054811,0.01034531,0.58445099,2.2559545
0.83505518,1.7943499,0.5105909,0.046000406,0.011792641,0.098562271,0.014011159,0.6140573,2.3832137
0.80641754,1.8019952,0.51490352,0.044229097,0.015553347,0.049014158,0.010319568,0.4998123,2.327641
0.80161974,1.4722471,0.48328741,0.033316931,0.010465034,0.068406998,0.021715651,0.50365813,2.2729907
0.81531866,1.3662602,0.4964555,0.03515719,0.011333994,0.070348281,0.014245204,0.59951154,2.309047
0.8436444,1.5075479,0.48473031,0.034501853,0.016563904,0.084339808,0.011285436,0.47224366,2.3802715
0.86811465,1.3193665,0.42419428,0.04458501,0.02564311,0.094279027,0.013256025,0.60384312,2.2824702
0.84946885,2.1008088,0.48779315,0.036195906,0.013896485,0.08862666,0.01102225,0.5423977,2.4593111
0.79483121,1.3647755,0.53472483,0.039020665,0.012610024,0.076978735,0.013817467,0.53570643,2.2996554
0.84325609,1.6463483,0.44744366,0.026784001,0.018571239,0.078962281,0.010786775,0.53950892,2.3634478
0.82148227,1.8980137,0.56087343,0.045547131,0.032389315,0.080890112,0.010214964,0.5814593,2.4519218
0.80697369,1.7362185,0.49146533,0.020159077,0.014063535,0.074141142,0.010261264,0.63267534,2.3930113
0.81406539,1.7754181,0.52697388,0.024886301,0.028627264,0.09648928,0.011147126,0.60770008,2.4594848
0.82474862,1.687896,0.5554132,0.029418764,0.022050241,0.092057219,0.011462372,0.5453173,2.5046738
0.83074376,1.4225002,0.4205622,0.042735842,0.024627648,0.080378126,0.012709928,0.69518491,2.2028992
0.81910237,1.2920986,0.46964558,0.02920679,0.017653227,0.086429465,0.014147059,0.70095973,2.2934887
0.81888541,1.3771701,0.57603034,0.041279458,0.038454322,0.082113545,0.01248409,0.42286131,2.4183987
0.83911845,1.9941786,0.48107207,0.030644975,0.01182093,0.085285659,0.012050881,0.69181404,2.4347556
0.80199988,1.9516601,0.4891434,0.032617404,0.050851902,0.094602999,0.012928027,0.5527638,2.3415352
0.80688687,1.75258,0.57765315,0.038597401,0.012209829,0.070654149,0.010867774,0.61590324,2.4582308
0.81434537,1.6452181,0.57663236,0.029853921,0.01129759,0.078440959,0.011157353,0.53116226,2.5070608
0.8303238,1.8758176,0.48120368,0.026098012,0.015697685,0.072452069,0.010486429,0.5776421,2.4211041
0.82213481,1.8122344,0.51659252,0.051575641,0.045522432,0.097365544,0.011734112,0.47179606,2.3384072
0.81475302,2.0163154,0.48770974,0.028918805,0.024495708,0.087479052,0.010856178,0.45034085,2.3962967
0.77896316,1.977213,0.53762784,0.044930143,0.015890799,0.064261789,0.010019032,0.7128386,2.3161167
0.823278,1.6962749,0.56200708,0.028562967,0.015052689,0.095551666,0.010307279,0.55944116,2.5188242
0.83256443,1.869406,0.48290799,0.039023658,0.020440427,0.077270022,0.010200139,0.58030506,2.3687444
0.81632098,1.4990173,0.52182665,0.042313196,0.015774255,0.091440353,0.022010903,0.58604531,2.3359063
0.76660774,1.4525822,0.5004411,0.029610964,0.024595639,0.081646249,0.013512085,0.57057217,2.2255825
0.8073157,1.6482773,0.525175,0.032801858,0.027518077,0.081097857,0.013966914,0.53582691,2.3818668
0.79389135,1.9348171,0.51505919,0.03785269,0.07009661,0.089411392,0.012437625,0.54711834,2.3415998
0.80288142,1.8346747,0.5075722,0.044681796,0.022852758,0.087845259,0.011949076,0.53937924,2.3082397
0.82087546,1.8964146,0.53225088,0.046409733,0.020781389,0.087448118,0.014427736,0.51265277,2.3956245
0.81933267,2.095659,0.50886049,0.048034707,0.022842109,0.074856469,0.013880616,0.45706311,2.3674535
0.80011022,1.3220361,0.48473327,0.029996583,0.017424271,0.084902372,0.011770118,0.59291446,2.2693652
0.83086877,2.1063991,0.48502374,0.040312225,0.016375462,0.09301352,0.012025768,0.55086751,2.3888682
0.81807686,1.647515,0.55268679,0.02847736,0.025644663,0.071220254,0.013748278,0.60621442,2.4812544
0.80539224,1.790401,0.50472849,0.032253921,0.01122858,0.075047374,0.010327666,0.55498675,2.3610731
0.83064184,2.0380206,0.50253659,0.036946469,0.011384172,0.082334696,0.012282712,0.62580498,2.4288828
0.82926754,1.4202332,0.47052705,0.040182647,0.010482936,0.077168538,0.011035594,0.5908828,2.2868518
0.85224376,1.3983019,0.505759,0.032254434,0.01080025,0.083098802,0.012005481,0.72894789,2.4360603
0.79755206,2.0522288,0.52550157,0.039306649,0.03543254,0.063470314,0.011594372,0.49699223,2.3778379
0.82935997,1.4514532,0.52920059,0.037344298,0.017840339,0.097220582,0.016350916,0.63410269,2.3985788
0.78310392,2.0113448,0.48641294,0.043210036,0.016848066,0.050684568,0.010109573,0.54679233,2.2493213
0.778558,1.6829076,0.59887152,0.033559373,0.021484393,0.071875443,0.010216203,0.56544793,2.4361356
0.82003472,1.8210374,0.5426126,0.032958216,0.016114634,0.093572304,0.010806195,0.68553628,2.4684562
0.85343498,1.55492,0.42012528,0.037415987,0.019375587,0.062769204,0.011255653,0.43701869,2.2882109
0.81977285,2.1111487,0.38399708,0.037541378,0.019335318,0.070481518,0.010114571,0.47716164,2.1900965
0.82311352,1.4611611,0.57907612,0.035156787,0.017619263,0.089856299,0.010202497,0.56853989,2.4785166
0.8055425,1.8426141,0.6052963,0.03801009,0.032113286,0.092558181,0.010246226,0.62506339,2.5214552
0.80564525,1.8960656,0.54886216,0.036165176,0.024602563,0.082872717,0.011924192,0.70012721,2.4362234
0.80440221,2.2539278,0.51733557,0.047245601,0.033818439,0.088021254,0.011106786,0.6753163,2.3683489
0.86452793,1.0807107,0.48319314,0.026903184,0.012096008,0.081417405,0.012695342,0.45024315,2.4190851
0.8320444,1.1149058,0.40024043,0.044191415,0.016023385,0.077892234,0.012634755,0.56116689,2.1467695
0.8071871,1.7779941,0.56817618,0.029274237,0.014526326,0.083333983,0.011284251,0.51146931,2.4953779
0.76106554,2.0146001,0.55186915,0.023557474,0.010528691,0.052181523,0.01173542,0.6596726,2.4064306
0.78871776,2.2761196,0.51413715,0.023455104,0.011221498,0.078849015,0.011105037,0.57239807,2.441192
0.77447035,2.1759226,0.55486991,0.017894412,0.010197171,0.065523672,0.010338733,0.63484216,2.5040903
0.88392688,1.2833637,0.46336853,0.038775347,0.010661658,0.089466945,0.012942029,0.48313523,2.4029208
0.84011184,1.2245025,0.4344606,0.042478154,0.012833129,0.074162161,0.01240504,0.64199247,2.2303608
0.83218737,1.2080307,0.4358014,0.031577562,0.016089109,0.076568539,0.011975647,0.67609028,2.2539947
0.84891013,1.9366336,0.57487094,0.04285653,0.018852194,0.091249097,0.011359391,0.47558458,2.5677421
0.84090247,1.4777306,0.52716893,0.03694484,0.019270432,0.072152083,0.011086634,0.58199882,2.43016
0.79063249,1.7347811,0.50766395,0.03928621,0.024481569,0.081885811,0.0117307,0.52011797,2.2895745
0.85058127,1.6944005,0.46512273,0.037125883,0.011217043,0.093192928,0.012333291,0.50493931,2.3720602
0.82975741,1.9344049,0.47794182,0.036268561,0.052419529,0.086057548,0.013767575,0.60336984,2.3723573
0.82609101,1.5679849,0.47535541,0.041425544,0.016091555,0.097455911,0.012061364,0.49583301,2.296873
0.82694605,2.0204814,0.46978013,0.038658198,0.012198894,0.095504855,0.012724815,0.49704809,2.3490771
0.83059892,1.551128,0.51080538,0.03392904,0.011282226,0.060980369,0.012490367,0.55381616,2.3994262
0.84554466,1.8333107,0.49248445,0.038439645,0.011015324,0.087497003,0.01094877,0.5817743,2.4170395
0.85725945,1.4397244,0.4016274,0.033644875,0.012082794,0.06669675,0.010879197,0.48439324,2.2719935
0.82118505,1.4083669,0.52048998,0.046339056,0.013770684,0.089373254,0.016506397,0.48518117,2.3171115
0.82722402,1.3395028,0.56619574,0.027972993,0.010676332,0.094979455,0.014185091,0.44539657,2.488131
0.81091995,2.0632595,0.46795789,0.035683027,0.01320049,0.053853926,0.01052607,0.53216183,2.3235545
0.80759548,1.7814022,0.48223221,0.035866961,0.028572028,0.0888231,0.011435666,0.49302842,2.3093263
0.83151561,1.6394339,0.48559784,0.02123991,0.015849917,0.093923174,0.013146775,0.55373553,2.4290832
0.83876487,1.3774534,0.45135756,0.035267056,0.019808902,0.07852466,0.012361903,0.70683091,2.2959057
0.83913614,1.6202352,0.3939347,0.053776707,0.015971199,0.06754987,0.013774411,0.67951477,2.1597761
0.826437,1.5050603,0.55895468,0.032331565,0.01353973,0.098958601,0.010397674,0.44568319,2.4739872
0.82705267,2.2647004,0.37853335,0.03816054,0.026318487,0.075142402,0.015591775,0.56587437,2.2067157
0.79734366,1.8234272,0.58679364,0.034453877,0.019332881,0.072650993,0.010740803,0.5933663,2.4821269
0.80307367,2.1605705,0.52231836,0.037378881,0.01306184,0.066492956,0.011996737,0.67036143,2.4092235
0.83058045,1.9276454,0.53343731,0.03485521,0.013701122,0.08172994,0.012114579,0.54956597,2.4833565
0.82240196,1.9401898,0.53404094,0.04247554,0.018968122,0.096375628,0.01103992,0.55148237,2.4270614
0.83069547,1.572881,0.48493175,0.030033626,0.028827399,0.099523079,0.01091992,0.67117467,2.3756847
0.78961446,1.9363683,0.49940098,0.051878318,0.013507869,0.062720706,0.011842569,0.52880384,2.2428789
0.79303977,1.9678571,0.52004523,0.042327301,0.017934408,0.048458262,0.01280105,0.51391573,2.3317466
0.83158998,1.8219575,0.44209282,0.03673046,0.016349753,0.086045666,0.013128353,0.44327901,2.2993165
0.85068809,1.6228043,0.50163713,0.040343549,0.012402099,0.076562356,0.011187511,0.65761207,2.4130338
0.80755921,1.3954307,0.51757921,0.030794205,0.010709282,0.07174915,0.017302606,0.49904869,2.3472145
0.78378189,1.4523379,0.52375881,0.01877051,0.010394653,0.061707982,0.011656477,0.63139694,2.3617304
0.81812027,1.7034772,0.56580552,0.045927022,0.01041567,0.079386786,0.012418561,0.66822584,2.4227988
0.79296698,1.8349325,0.53303452,0.046699607,0.019600908,0.084014375,0.016781034,0.45270893,2.3173104
0.82156843,1.759353,0.47308715,0.044781232,0.023886843,0.060655324,0.016560119,0.43800736,2.287954
0.81839874,1.3629722,0.50939245,0.038656772,0.03239806,0.09495662,0.010737423,0.50602125,2.3214692
0.79409392,1.2912948,0.49987617,0.032189936,0.034079927,0.074532528,0.015886946,0.53793163,2.2648821
0.81425726,1.2271046,0.4696759,0.03187773,0.014318435,0.061730924,0.012189385,0.53122749,2.2629576
0.81345945,1.4959558,0.51829351,0.042190994,0.013560575,0.07686878,0.011187373,0.57187595,2.3231525
0.77122452,1.6898918,0.41239946,0.02320025,0.021266995,0.060843919,0.013173009,0.57423372,2.1413406
0.82603059,1.4730592,0.62952463,0.014206264,0.01708803,0.09264256,0.011128829,0.61470187,2.7059372
0.73288836,1.8490188,0.57022724,0.017007492,0.017591252,0.062444394,0.013251683,0.67277302,2.3752957
0.89543213,1.5886069,0.45650482,0.049509111,0.021875536,0.087383389,0.011743221,0.49654645,2.4038684
0.85211447,1.3336939,0.43093019,0.031064261,0.024495354,0.087188826,0.013605574,0.49420305,2.3088819
0.8560386,1.4352041,0.38866096,0.032092579,0.034241906,0.09495143,0.01769441,0.49446147,2.2532341
0.85406411,1.5682745,0.51420921,0.04810416,0.013446908,0.076254343,0.010228949,0.54313722,2.4006016
0.77337757,1.7070684,0.56050144,0.030151765,0.015589923,0.076024074,0.010115167,0.54271366,2.3761222
0.86495224,1.8008165,0.45033543,0.04654951,0.011953513,0.095349364,0.010723983,0.61007819,2.3522909
0.85086935,1.634397,0.46599978,0.031714179,0.016966386,0.083887419,0.01478691,0.60723021,2.3923061
0.84854911,1.9261316,0.49653593,0.035155189,0.014693509,0.090197699,0.015295032,0.61352685,2.4584121
0.81217371,1.7963027,0.4582538,0.039738302,0.01085215,0.092430782,0.013856889,0.49076936,2.2645522
0.82124524,2.0322469,0.524538,0.032949,0.010115607,0.086410723,0.016954036,0.64328361,2.4657356
0.81709064,1.6347451,0.48916567,0.038644628,0.010059788,0.057365198,0.01036825,0.47833015,2.3164521
0.83845691,1.798409,0.50337873,0.035926997,0.010166397,0.080762175,0.01413154,0.65019126,2.4265644
0.83538246,1.7423643,0.51616658,0.033079174,0.019589945,0.096841142,0.011266162,0.57691738,2.4489416
0.80648929,1.7920886,0.50114158,0.034086557,0.02268693,0.062203542,0.01145594,0.57759306,2.3490777
0.81865577,1.7403769,0.53191929,0.034323041,0.018254309,0.090376738,0.010288828,0.52861345,2.4276711
0.85515177,1.8868302,0.43544392,0.035871369,0.024923649,0.090103771,0.013391263,0.6175625,2.3548995
0.84626925,1.6633227,0.4849553,0.047842556,0.025937698,0.085708445,0.010684418,0.56422325,2.345254
0.82625745,1.5918037,0.48948858,0.028687958,0.011275439,0.067161598,0.012935083,0.62368219,2.3808446
0.79766165,1.8051773,0.46159844,0.022344831,0.0115691,0.073010684,0.011387389,0.57450305,2.3105118
0.8225089,1.8369392,0.59644588,0.046996991,0.010588144,0.07230679,0.010101338,0.59379903,2.5011452
0.80893067,2.0623486,0.48067495,0.028937958,0.038619544,0.095439536,0.01621135,0.53707419,2.3731725
0.86484105,1.7888546,0.50336561,0.045194112,0.010886507,0.081549016,0.010900398,0.61118486,2.4481769
0.85061674,1.706143,0.50418494,0.040742066,0.010943952,0.08808754,0.011345859,0.58700401,2.4250889
0.79651307,1.9765175,0.5244018,0.036022733,0.013562302,0.062202618,0.011760329,0.54822067,2.3791962
0.77884693,1.9472085,0.5562904,0.036976288,0.043159248,0.095016821,0.012958644,0.55035687,2.3829204
0.83860095,2.0278958,0.57468806,0.03264036,0.0225999,0.08980387,0.011952098,0.59569528,2.6104599
0.81760985,1.5262727,0.54523983,0.043558224,0.01677694,0.091506183,0.011841288,0.68916204,2.3747717
0.8235737,1.5656008,0.48837217,0.044795151,0.022898548,0.076090132,0.011084031,0.6608633,2.2971678
0.80042104,1.789539,0.58373878,0.027825511,0.015809318,0.088941483,0.010244952,0.61653848,2.5161082
0.79740977,1.91023,0.57023916,0.02243976,0.019330491,0.081203372,0.010428882,0.61005558,2.5312402
0.82605328,1.7262311,0.44118828,0.041431997,0.017641998,0.089994611,0.013281933,0.59445521,2.2562406
0.77963802,1.748526,0.65536915,0.03270055,0.014609034,0.081122631,0.010717235,0.78318374,2.5565425
0.78878443,1.7663896,0.65363957,0.027196434,0.013218718,0.082247882,0.010501925,0.79803745,2.615931
0.79449297,1.5649994,0.62500858,0.026633381,0.011103097,0.075969716,0.010228613,0.66264623,2.5459516
0.80093419,1.9189149,0.48137956,0.040843949,0.03316185,0.073822553,0.012079646,0.82069484,2.2846959
0.86832883,1.5427032,0.49370269,0.036155121,0.011812033,0.095066122,0.012138644,0.38819257,2.4543636
0.8237274,1.6084155,0.4758414,0.038156453,0.030129191,0.097430926,0.012944623,0.68855869,2.3100142
0.84671597,1.7056651,0.5123375,0.036754348,0.018695167,0.096557725,0.010599768,0.48885829,2.4485268
0.81595091,1.6127345,0.43604646,0.035086739,0.027119765,0.098162044,0.016265233,0.6066204,2.2376753
0.85085432,1.6674906,0.54677759,0.041432937,0.022885544,0.065274796,0.011206186,0.44715472,2.491866
0.84824466,1.5252437,0.60128919,0.04007049,0.01818385,0.075495293,0.012259397,0.49505688,2.5666051
0.77675275,1.5030398,0.51334586,0.036638802,0.014911265,0.091352059,0.01961246,0.62636483,2.2474141
0.82808607,1.3866524,0.56402558,0.041264982,0.023465096,0.07304804,0.01409085,0.48646427,2.4245073
0.78322136,1.9057092,0.62179853,0.038256791,0.014290356,0.077821547,0.01089276,0.49014505,2.5007034
0.79245836,1.5567798,0.49580134,0.03145255,0.020883285,0.085822353,0.012730283,0.66116113,2.2883237
0.80231132,1.9624859,0.59566109,0.035732623,0.015024872,0.076006162,0.01194427,0.61249253,2.5266621
0.78509921,2.1359415,0.5909976,0.034517319,0.018194237,0.075286377,0.011803874,0.61830493,2.5058972
0.8035568,1.9668423,0.55710698,0.038442208,0.032835925,0.088673831,0.014117395,0.70387121,2.4442188
0.85833548,1.7149685,0.48717394,0.026094718,0.013214489,0.091240874,0.011133974,0.52207732,2.485905
0.85061046,1.6405108,0.4401681,0.029827708,0.026419413,0.074226564,0.011209686,0.51011556,2.3547868
0.79121242,1.4151057,0.55795859,0.030923837,0.023837105,0.07365487,0.010651318,0.69764564,2.3734209
0.81219358,1.4856997,0.51354281,0.032751245,0.013496301,0.068306898,0.010760902,0.62988256,2.3543481
0.82558631,1.6245955,0.49363451,0.04149249,0.020275133,0.07584281,0.011609179,0.5816019,2.3315331
0.81137353,1.6118475,0.57832914,0.034111114,0.016525241,0.088571959,0.019125908,0.62673281,2.4740179
0.86416279,1.7481062,0.44390751,0.03470871,0.024368142,0.09200774,0.010078518,0.51725185,2.3841071
0.81461043,1.6120207,0.50223639,0.043140239,0.015031616,0.068464715,0.010028756,0.59605601,2.3095604
0.83471449,1.6635015,0.54735834,0.042358933,0.011866174,0.069914144,0.010027542,0.52894851,2.446184
0.80757258,1.928912,0.5163829,0.037356771,0.024831722,0.078650373,0.010134604,0.55576314,2.3804755
0.74610574,1.811741,0.62834377,0.019490851,0.015094321,0.066039651,0.015438586,0.69499936,2.5025759
0.76177368,1.7581714,0.59623501,0.021765878,0.015238238,0.080445396,0.0160585,0.63095577,2.4630414
0.84784403,1.616273,0.48113842,0.041135898,0.018768797,0.077841615,0.012106526,0.64430884,2.3668144
0.84411343,1.7237308,0.46025698,0.041309035,0.02268477,0.090056106,0.011679132,0.64882393,2.3326604
0.81782117,1.5342454,0.45917156,0.034088399,0.01567189,0.061752182,0.012582907,0.7253929,2.2771688
0.80786121,2.0902427,0.61023757,0.028870213,0.017854239,0.098320163,0.010730758,0.51702777,2.6310002
0.80556459,1.7794622,0.62367092,0.026676009,0.023677478,0.098660578,0.010888073,0.59245931,2.6112676
0.87697049,1.745771,0.41259624,0.041741204,0.027318866,0.099744537,0.011528616,0.57692314,2.3312495
0.8518398,1.9157665,0.4349319,0.044287855,0.034979191,0.099925041,0.010215137,0.46565414,2.3140472
0.83186677,1.4732351,0.52678375,0.03179998,0.010828233,0.090656083,0.010038112,0.69590098,2.430917
0.78206576,1.7923053,0.51497959,0.038770957,0.021143395,0.071311996,0.018027402,0.56273379,2.2895292
0.83465848,1.9471624,0.54831912,0.033827056,0.022044052,0.093952156,0.010198866,0.65211446,2.5302873
0.80889968,2.1782247,0.54338737,0.030447829,0.023284952,0.09663349,0.01036727,0.58904751,2.5033761
0.83725662,1.3462586,0.42228614,0.036983551,0.010679839,0.073759153,0.010509959,0.57529424,2.2363014
0.84784897,1.7953743,0.50369138,0.03952511,0.010144156,0.084263189,0.010101311,0.49607302,2.4334345
0.79979041,1.2534964,0.47175196,0.029525097,0.01015618,0.07851772,0.010048732,0.53310357,2.2424612
0.86036729,1.7547359,0.54081121,0.048655937,0.010143182,0.088160959,0.011000548,0.75604531,2.4814168
0.81952521,1.4684912,0.48918261,0.026657308,0.010110918,0.095073168,0.010476774,0.63239175,2.3583849
0.83911748,1.3671943,0.53596799,0.040018863,0.010204002,0.060335616,0.011559175,0.55882677,2.4111725
0.80419192,2.1074543,0.44588254,0.030312036,0.065963181,0.097896489,0.014038946,0.53246653,2.2936526
0.84497994,1.7138333,0.53189359,0.038168086,0.010441475,0.099852231,0.012950476,0.60069214,2.4729657
0.7819009,1.6937612,0.51454448,0.045597419,0.027401786,0.089657832,0.012491308,0.54838011,2.2464659
0.80936315,1.589352,0.49461031,0.037634077,0.028694888,0.069969171,0.012229623,0.56847561,2.3054244
0.80666414,1.6318164,0.47523617,0.039094582,0.029634809,0.06979218,0.011583969,0.6059798,2.2649971
0.80894446,1.8565474,0.51505603,0.041625283,0.015795474,0.08152252,0.014406445,0.61844979,2.3527171
0.83160274,1.6051183,0.47059609,0.04564384,0.03258963,0.09207011,0.010833752,0.67108628,2.289064
0.82969464,1.9338213,0.51285383,0.02869447,0.01682807,0.088800801,0.016127422,0.5359102,2.4742519
0.84903896,1.6828653,0.40787196,0.050066151,0.012114049,0.066235907,0.010162602,0.48010112,2.2214562
0.84161198,1.8140427,0.4901202,0.030862895,0.016156256,0.083868304,0.023593369,0.48778409,2.4365257
0.8458048,1.6313119,0.487996,0.034904963,0.029230183,0.083049482,0.019320964,0.47803571,2.4033133
0.7980312,1.8365098,0.45072556,0.041936663,0.01168353,0.048930043,0.010276325,0.41987458,2.2123827
0.82966053,1.6102926,0.55167478,0.037956863,0.018269247,0.098024742,0.010794459,0.73218406,2.455388
0.82318617,1.6905795,0.52587379,0.031098028,0.016783805,0.098620289,0.017965655,0.66924498,2.4382587
0.81365959,1.9093299,0.50217217,0.033081744,0.013603978,0.054482922,0.010126442,0.54099239,2.3880339
0.82079352,1.4051447,0.53144839,0.037003273,0.010948382,0.096134985,0.014395517,0.58302508,2.3759329
0.83044139,2.1470729,0.51694542,0.033254006,0.012143559,0.060618891,0.0101081,0.52634246,2.4879235
0.81317614,1.2265461,0.49006138,0.02702883,0.013370686,0.09892008,0.012085415,0.61408158,2.3140181
0.85720072,2.0277114,0.5085088,0.040044011,0.021643739,0.087972562,0.012522148,0.54579305,2.4910914
0.83477571,1.6539308,0.4711518,0.037604959,0.020820928,0.099834478,0.014129316,0.57986485,2.336839
0.82927565,1.6949638,0.52311235,0.042678254,0.016799454,0.087440996,0.010692795,0.62196512,2.3933344
0.80898348,1.7526258,0.54069765,0.027757362,0.024920737,0.09388343,0.016196494,0.43499026,2.4535775
0.80125547,1.4480862,0.52842201,0.039139028,0.015628132,0.045755468,0.010351369,0.46225441,2.3162326
0.7825887,1.627755,0.54666038,0.033344029,0.017154903,0.07644085,0.01114425,0.52492847,2.3491801
0.82068715,2.0334273,0.49965402,0.037930448,0.012233826,0.082579342,0.012773367,0.60220954,2.3930995
0.81098829,1.4360355,0.49159099,0.032991651,0.030554402,0.080130622,0.01048886,0.53912172,2.3077657
0.81516931,1.9271511,0.50864461,0.033564408,0.01242875,0.074636053,0.012123535,0.67196061,2.4037093
0.79889716,1.6150897,0.57395863,0.032559486,0.016550997,0.076464258,0.010035526,0.66139852,2.4418061
0.85530233,1.679115,0.40945796,0.034515008,0.014556068,0.089710003,0.010017585,0.55227931,2.2965834
0.86265562,1.7541524,0.46624982,0.049121349,0.018210216,0.071625111,0.010028706,0.54109698,2.3583494
0.80453071,1.836937,0.56417258,0.034340946,0.018742699,0.072034618,0.016397261,0.63506902,2.4624064
0.83014003,1.6509066,0.457228,0.031505109,0.036251011,0.099746324,0.010144944,0.60727619,2.3275412
0.84511628,1.6686003,0.48927312,0.049309838,0.013793681,0.069497115,0.020640905,0.5114308,2.343794
0.84148887,1.7419355,0.44762922,0.043505765,0.017076527,0.093854242,0.012709769,0.52547384,2.2976648
0.81721632,1.9100453,0.55332428,0.032385372,0.016351969,0.089780827,0.010885721,0.67033823,2.4964892
0.80847162,1.7135054,0.55624326,0.019206281,0.010731813,0.0743538,0.010254986,0.65889246,2.5228578
0.83903661,1.5621883,0.40492196,0.021981834,0.01271598,0.06596774,0.010077217,0.53583463,2.2895486
0.85273293,1.5947194,0.40726271,0.017425533,0.01453003,0.080562854,0.010134258,0.51089904,2.3499018
0.83993103,1.4623426,0.48269738,0.019754197,0.017120793,0.075705949,0.010323466,0.53112902,2.4324684
0.85106261,1.6118313,0.46209939,0.02511449,0.019243734,0.078367603,0.01018441,0.54367905,2.4139383
0.86892584,1.3363066,0.40386752,0.023600266,0.017562376,0.086174028,0.010123708,0.49146253,2.3356628
0.84273905,1.7320994,0.44365101,0.03323405,0.016111506,0.085839273,0.010232795,0.57220751,2.3355878
0.84951164,1.6287066,0.40048634,0.032697658,0.027217082,0.091630195,0.010257735,0.53599403,2.2701667
0.85553136,1.5221575,0.43025037,0.033623697,0.02411285,0.085057627,0.010305962,0.52026376,2.3226417
0.75066984,1.9881612,0.55435116,0.044070495,0.017670939,0.058784587,0.019900783,0.57165092,2.2782712
0.83870856,1.5444582,0.45252615,0.041397746,0.01249034,0.094438789,0.010137869,0.70869242,2.2886194
0.85219019,1.7878049,0.54524411,0.035503033,0.011811929,0.088124288,0.010183461,0.69960602,2.5394516
0.81106823,1.8108259,0.4450379,0.029741307,0.024067766,0.072505089,0.010538928,0.52269277,2.2820838
0.7979559,1.3946667,0.56806565,0.040817715,0.029241917,0.080206082,0.015239486,0.45224702,2.355761
0.80955771,1.3054028,0.55418752,0.038168891,0.029491925,0.071739473,0.01502869,0.45757146,2.3645513
0.81378974,1.2635372,0.56944628,0.03915079,0.032602683,0.079924019,0.016794937,0.47743976,2.388992
0.82865891,1.3023924,0.56042907,0.02962923,0.03046504,0.077904995,0.01588013,0.52067522,2.4679329
0.80040608,2.1986881,0.48844923,0.03096825,0.014360636,0.091894175,0.010241783,0.44795206,2.3727207
0.8401656,1.5211678,0.52679393,0.043616167,0.023623876,0.077675786,0.011088859,0.74579599,2.4012049
0.83306793,1.5341351,0.47453289,0.033064616,0.029249704,0.085939874,0.01072529,0.76001383,2.3456251
0.80180258,1.9916516,0.57486467,0.045492883,0.019833389,0.085345003,0.011420424,0.54298694,2.4397798
0.7984787,1.8636262,0.59275781,0.042953821,0.031724728,0.05841733,0.012159924,0.55967411,2.4569225
0.79607878,1.8906368,0.58518499,0.049872051,0.024480273,0.050380169,0.01238305,0.54664737,2.4065281
0.81143136,1.5735424,0.4899016,0.01613734,0.012084362,0.072376862,0.011715461,0.56160613,2.4023996
0.80146072,1.9745429,0.53690077,0.019033484,0.030989045,0.088645789,0.010687721,0.67350959,2.5043386
0.81028432,2.1160851,0.55508335,0.027181553,0.018988567,0.083603174,0.011525874,0.67016998,2.5396113
0.78269721,1.8443719,0.53300119,0.026835351,0.020924008,0.080251123,0.012819851,0.60882071,2.3871508
0.78597869,1.8127164,0.52400039,0.024072448,0.02020147,0.062185904,0.013538221,0.61391285,2.3888682
0.8466388,1.7884164,0.5120243,0.0435315,0.015171254,0.092419891,0.011754622,0.54771651,2.4254204
0.81687774,1.9006759,0.51752669,0.030199511,0.023809399,0.088563259,0.010817485,0.72918775,2.438024
0.84078855,2.0771479,0.47622771,0.028596898,0.012823558,0.089737615,0.013723279,0.75427708,2.4488378
0.81112967,2.1066332,0.48784812,0.029064068,0.014252252,0.074959625,0.011384599,0.57428352,2.3971881
0.78171377,1.5313739,0.51828892,0.03058567,0.0143649,0.075470672,0.012712429,0.49671794,2.299327
0.86572559,1.913974,0.50424314,0.038652952,0.01666489,0.097086308,0.010519644,0.61080284,2.4978468
0.81349597,1.6312189,0.55170234,0.044783213,0.029982371,0.066507947,0.011773407,0.55525744,2.3829559
0.81717869,1.6905007,0.51738284,0.033071772,0.010384564,0.081478271,0.012986827,0.61382504,2.3977144
0.80348574,2.2867974,0.58614622,0.02598651,0.011682756,0.082299359,0.012469751,0.49063614,2.6188378
0.77360435,1.6634439,0.48315204,0.040202151,0.010756449,0.050726784,0.011792628,0.60020028,2.194347
0.7863908,1.650789,0.51158976,0.040738346,0.011843256,0.050111847,0.011953608,0.61598771,2.2688801
0.78923207,1.5491801,0.53165172,0.034450384,0.01194417,0.076209298,0.011190057,0.62063462,2.3253027
0.80438252,1.2839879,0.55209693,0.033557641,0.018015616,0.084250367,0.014933503,0.51280502,2.3672639
0.86883289,2.4977049,0.38396955,0.041484109,0.020560064,0.088601665,0.010112569,0.52984098,2.3202428
0.85263226,2.0156068,0.47891437,0.024720214,0.028856555,0.09546994,0.010196537,0.46883755,2.4967029
0.81181246,1.5165816,0.5782352,0.020945174,0.019929256,0.081834442,0.011272003,0.55934383,2.5337371
0.79490074,1.6250027,0.50736213,0.030816312,0.032224951,0.086607156,0.01028356,0.68116187,2.3253761
0.83045699,2.303911,0.57393874,0.042477665,0.014190228,0.085632363,0.01030856,0.55678655,2.5739741
0.8270157,2.3112408,0.57411537,0.050682215,0.013937274,0.079499683,0.010376133,0.53543598,2.5231706
0.85651949,1.1276447,0.54948968,0.029479989,0.018935592,0.094062283,0.014077783,0.54483856,2.5002331
0.80288044,1.5091584,0.476596,0.035335025,0.026791302,0.087527411,0.011039317,0.59078001,2.2605702
0.83399099,1.5809309,0.56705346,0.032711336,0.019663914,0.096873046,0.010971894,0.48631105,2.5171654
0.79884871,2.1238021,0.50256122,0.037079153,0.020396589,0.073417971,0.010534763,0.78575309,2.3580483
0.78495521,1.9235465,0.63263736,0.027944208,0.01446761,0.07078798,0.016906233,0.5613364,2.5889368
0.81150235,1.4502614,0.41149028,0.039358384,0.018517542,0.041554247,0.010444819,0.50755073,2.1573743
0.82138068,1.5123251,0.39488278,0.038551613,0.018531794,0.056804995,0.01020681,0.53408437,2.1629911
0.83622456,1.7767267,0.52897646,0.034578238,0.013554615,0.080094609,0.01305885,0.60826036,2.4713252
0.79949897,1.3566987,0.46534541,0.036091344,0.019799915,0.077685117,0.013165881,0.52561102,2.2151056
0.81643256,1.2825882,0.54389468,0.039813896,0.013291622,0.071027477,0.020619106,0.52961051,2.3553357
0.80663944,1.3295688,0.4904565,0.036458187,0.015601026,0.067731163,0.010331406,0.46478181,2.2677098
0.81902669,1.552896,0.49454128,0.03534276,0.027828186,0.070892401,0.010301444,0.54517978,2.3358396
0.81354353,1.5748474,0.52542331,0.039385916,0.040967701,0.08223887,0.010668294,0.56696862,2.3575986
0.79296916,1.7443982,0.42574139,0.049961195,0.032498591,0.087000414,0.010244558,0.51792871,2.1222181
0.80640598,1.6765403,0.4462518,0.04550805,0.02715982,0.082856629,0.010265838,0.50915398,2.1964228
0.8230363,1.7925594,0.44917002,0.035478008,0.039060497,0.076247932,0.010222762,0.54943341,2.2930065
0.83441383,1.6604511,0.5533449,0.035718444,0.018965253,0.092027419,0.020079932,0.51946821,2.4891395
0.81928667,1.6076405,0.47046692,0.044634307,0.01817623,0.085735202,0.011921576,0.54567551,2.2630276
0.82995869,1.4683398,0.49052545,0.047646832,0.01857624,0.086009702,0.01349469,0.52524246,2.2938315
0.7871798,2.0373995,0.53035951,0.025264685,0.013328063,0.073774548,0.011470729,0.61258165,2.4282994
0.78631895,1.9342326,0.54129236,0.040587098,0.023246206,0.075842218,0.013750096,0.52924545,2.3559795
0.83401299,1.6195097,0.45733484,0.026512598,0.011729702,0.084238059,0.010535994,0.58419042,2.3564505
0.83843429,1.6058339,0.51500216,0.041900896,0.014560762,0.075462332,0.010905105,0.71880041,2.3955483
0.81322573,2.1800081,0.50686311,0.02753572,0.01065376,0.078308285,0.012648458,0.52876882,2.4567706
0.82849399,1.2930213,0.52075379,0.032559862,0.019671259,0.096742564,0.011533069,0.60497266,2.3855252
0.857701,1.5011231,0.44876689,0.045385986,0.020395188,0.095047529,0.01171177,0.53472387,2.3086713
0.81367334,1.9462731,0.52024007,0.036922433,0.024845235,0.098994033,0.012297801,0.56910445,2.4073734
0.80696662,1.2558682,0.51995357,0.037279157,0.011698529,0.07350399,0.010536681,0.55722615,2.3021662
0.81348795,1.2313979,0.54817028,0.048160873,0.013382612,0.053702391,0.011318071,0.59842152,2.3091894
0.76771503,1.8537853,0.58882982,0.029018795,0.027006443,0.069580088,0.018603452,0.52818062,2.4404685
0.81640373,1.9744118,0.55767926,0.0355841,0.020291779,0.070020255,0.010874137,0.54428078,2.4947679
0.83453195,1.4105205,0.46098479,0.035261291,0.025236906,0.093898351,0.013438396,0.55329933,2.3043021
0.79081267,1.5559742,0.59202321,0.03643231,0.024803494,0.084749592,0.014196828,0.64645043,2.4220477
0.81305609,2.0252289,0.56904017,0.034544466,0.023314642,0.081914348,0.011043418,0.58507065,2.5205935
0.79958885,2.1620573,0.45229254,0.031121662,0.012091221,0.072277952,0.011018841,0.71508649,2.2963685
0.82767111,1.7755039,0.53329006,0.046253013,0.010321562,0.056257274,0.010351924,0.56317588,2.3999652
0.81992846,2.0700114,0.51272647,0.027487213,0.010250516,0.090595022,0.012495534,0.69176093,2.4721689
0.81417955,1.3818147,0.52957865,0.039154803,0.012990594,0.067889552,0.010348248,0.63132067,2.3428047
0.80267533,2.1137773,0.51357571,0.028846562,0.030177727,0.093010994,0.016645183,0.56830124,2.4276689
0.84021095,1.4747285,0.4942337,0.03839943,0.016485974,0.067514426,0.010711382,0.51828737,2.3661724
0.80969963,1.6980262,0.49880255,0.037728483,0.029259625,0.089764976,0.018993721,0.6044335,2.3254224
0.81368715,1.7453426,0.59809699,0.034227436,0.014276451,0.096017771,0.011223128,0.53782183,2.5356463
0.83593144,2.1102167,0.42985153,0.036160797,0.012498628,0.082261739,0.014215899,0.66548964,2.3172517
0.83290165,1.7828434,0.45672515,0.038730071,0.010479788,0.078242462,0.014243622,0.45094415,2.3158124
0.79508816,1.7532123,0.55177979,0.029638346,0.039672917,0.080805096,0.010392224,0.62839922,2.4273869
0.8462021,1.9018241,0.43787901,0.043549766,0.012896596,0.079302831,0.015293595,0.49750597,2.3072356
0.78576516,1.642681,0.55912464,0.028835711,0.026483067,0.085503478,0.010570078,0.60929913,2.4041604
0.8377011,1.9566255,0.47351243,0.041861341,0.01466394,0.08583472,0.01175358,0.59739582,2.3615961
0.80923464,1.655139,0.52369864,0.029592747,0.012881278,0.07094953,0.014792841,0.46624629,2.4009349
0.8241278,1.8438913,0.54637724,0.029223064,0.012553948,0.084120475,0.01176476,0.56767037,2.5091772
0.83274545,1.6011441,0.492325,0.042645692,0.032935615,0.089227445,0.010017399,0.69153052,2.3395654
0.82717708,1.7969443,0.53723727,0.027388681,0.01704074,0.094764491,0.01012258,0.53603368,2.5032199
0.83758611,1.7363932,0.47319034,0.03770198,0.035297018,0.097127575,0.011369368,0.53488082,2.3556431
0.86025416,1.7583852,0.48117405,0.037047273,0.012636509,0.095500031,0.012705194,0.57321887,2.4317474
0.81711492,1.5422158,0.41843676,0.039045746,0.02153983,0.099454739,0.019782169,0.48794772,2.190493
0.85241378,1.6134371,0.51799579,0.026099594,0.01396485,0.099832077,0.011251476,0.5441465,2.5160435
0.84712633,1.6068215,0.51456805,0.026016167,0.016670898,0.099888578,0.011247289,0.5169192,2.4954165
0.84766266,1.628321,0.51422449,0.02754148,0.022972033,0.099834271,0.011157226,0.54938978,2.4909844
0.86279064,1.6336547,0.41113896,0.042974892,0.017338428,0.099596217,0.014508473,0.49018345,2.2810926
0.8016546,1.5235988,0.52154764,0.034536454,0.01908075,0.092441326,0.010328942,0.66547055,2.3368871
0.84732572,1.9022537,0.54264357,0.038541599,0.012020031,0.070721109,0.010080214,0.62751069,2.5215338
0.82779537,1.6475957,0.47378801,0.037550388,0.012705454,0.089385027,0.01075688,0.58421062,2.3234947
0.78254068,1.8406336,0.58284089,0.034879741,0.030719269,0.068835653,0.010060773,0.58882051,2.4358125
0.8493703,1.9050547,0.49197616,0.027726906,0.015808831,0.091698269,0.010116459,0.69666862,2.4860739
0.83082501,1.7791809,0.49113502,0.0466204,0.022435778,0.063036693,0.010208923,0.45022215,2.3352482
0.81964242,1.7821507,0.54516254,0.027772796,0.019548793,0.08706798,0.014923916,0.73509872,2.4941716
0.81434168,1.5458032,0.45108134,0.023392835,0.015813403,0.069133011,0.010739347,0.4806447,2.3019832
0.8380016,1.8589695,0.51457001,0.034786344,0.016983185,0.088073339,0.013802016,0.67120383,2.4588075
0.81418458,1.6968371,0.48781019,0.038024317,0.021884653,0.074906502,0.010486452,0.52284905,2.3165386
0.77208855,2.3428474,0.55169771,0.02771936,0.024085992,0.086261427,0.011079667,0.53196936,2.4612304
0.80686697,1.8832826,0.45998457,0.025364611,0.017811191,0.075835741,0.013460716,0.72254951,2.3255329
0.81934233,1.5758003,0.6135495,0.044942531,0.028916894,0.088031806,0.011257398,0.68152572,2.4923033
0.80287665,2.0914989,0.45082545,0.030348342,0.013189328,0.073963482,0.010455396,0.47560866,2.2979114
0.84804611,1.4282465,0.51936219,0.036002914,0.024575996,0.093672307,0.015798243,0.48412789,2.4337721
0.83451105,1.8574459,0.50251123,0.03289531,0.018993201,0.091415366,0.013804804,0.60388269,2.4366372
0.80217211,1.9562461,0.57690729,0.031927921,0.026414942,0.091772029,0.01035812,0.63415291,2.5107153
0.83585287,2.0360901,0.47981034,0.026335041,0.017685259,0.075768766,0.010414125,0.48625406,2.4497609
0.84417126,2.1866761,0.45810657,0.026129932,0.018225365,0.095257606,0.014684199,0.60876116,2.4450469
0.84085356,1.3939351,0.55065482,0.041383925,0.014934238,0.07652877,0.010713202,0.50926051,2.4363363
0.79056667,1.7785169,0.4134418,0.034608143,0.038322339,0.064835504,0.011276658,0.55756773,2.1548172
0.81041073,1.7419796,0.58343266,0.030572784,0.022141412,0.087370359,0.010073732,0.53130339,2.5197428
0.80987069,1.7378448,0.47691327,0.038164755,0.022136798,0.064062176,0.016821535,0.57111861,2.2910908
0.8158317,1.7987184,0.46552378,0.043110956,0.016278672,0.081667179,0.012801045,0.57596401,2.2721905
0.8512514,1.5556294,0.49536717,0.042467826,0.033192379,0.094224555,0.012516964,0.58114486,2.3865263
0.83882683,1.8382587,0.48316166,0.03542237,0.016224759,0.090265986,0.010798058,0.55145641,2.3978634
0.80740957,1.6329262,0.50181494,0.040978943,0.024569057,0.079599739,0.012467662,0.64376216,2.3026826
0.84479107,1.4492681,0.45640897,0.034198836,0.017329613,0.079264588,0.011499956,0.3892083,2.3307048
0.86058063,2.0103846,0.47513474,0.044725543,0.019308525,0.080991016,0.012058565,0.45665382,2.4139579
0.78621779,1.4920109,0.54014682,0.028516729,0.011406245,0.063156695,0.011238032,0.68719939,2.3529049
0.83247007,1.9513265,0.5207039,0.034877274,0.01121856,0.083364459,0.012732447,0.67645187,2.4672202
0.84028015,1.9114524,0.47236624,0.032590551,0.010494045,0.072724558,0.014486847,0.5828684,2.4028428
0.80909928,1.5515332,0.50354656,0.032519703,0.012085663,0.081782616,0.012029336,0.61395577,2.338539
0.84734347,1.7730001,0.45695985,0.048673547,0.029174029,0.094502587,0.010723197,0.46987819,2.3095178
0.82190916,1.6712633,0.55319201,0.037807666,0.030538372,0.07918121,0.012191804,0.62065338,2.4469754
0.84006553,1.6392861,0.48645569,0.037197655,0.012726754,0.086589368,0.01064724,0.67407368,2.3765324
0.81748948,1.7244291,0.52138243,0.039328532,0.02495105,0.085029504,0.012829151,0.545067,2.3797958
0.82401542,1.2375362,0.46532208,0.03192349,0.012876082,0.083806219,0.011381731,0.57268514,2.2815447
0.80677746,1.4173763,0.49170259,0.025934063,0.015058999,0.080975641,0.010002496,0.51156406,2.3272917
0.83860828,2.0327528,0.47435039,0.037133207,0.010399883,0.088439849,0.017419803,0.63746147,2.3946508
0.82135022,1.7176219,0.54221172,0.0337117,0.059310009,0.09576902,0.010329881,0.55165936,2.4532272
0.82493618,1.9325371,0.54805688,0.041924421,0.037993425,0.098119504,0.010296716,0.57400139,2.4606233
0.83470925,1.4555683,0.50509507,0.030136371,0.013126877,0.074870323,0.014267722,0.60524605,2.406878
0.79022506,1.886712,0.58068722,0.041405642,0.020517228,0.077229378,0.011817969,0.62045812,2.4253104
0.8386443,1.6904548,0.47002483,0.032878851,0.012297748,0.073096487,0.013200442,0.53304915,2.3693777
0.79504787,1.9077896,0.54791011,0.02435529,0.024364683,0.088028324,0.011358545,0.64745732,2.4701129
0.81701273,1.7226486,0.47676101,0.035521661,0.013665984,0.076891093,0.010363849,0.60733568,2.31855
0.8142128,1.7152383,0.47241256,0.032087972,0.021715196,0.095533672,0.014284614,0.50723617,2.3183243
0.82867868,2.1931041,0.48615908,0.04561107,0.026603167,0.090822295,0.010749342,0.57896356,2.3714024
0.8061852,2.1516517,0.49630365,0.032000856,0.022892564,0.082935779,0.01083395,0.56267559,2.3921812
0.80525141,1.6036439,0.5382818,0.039364078,0.012334489,0.074120436,0.010077276,0.60530947,2.3615816
0.83759914,1.7958872,0.51650681,0.032307123,0.011931908,0.089470432,0.010406902,0.55541585,2.4658604
0.79444554,1.6442329,0.47399202,0.030907409,0.024422819,0.08815778,0.013146607,0.54282726,2.2686715
0.81539392,2.0184639,0.53460586,0.036756492,0.0217775,0.078613416,0.011776236,0.61233672,2.4486538
0.81870355,2.0648745,0.53360894,0.032288189,0.01264223,0.0891361,0.012955121,0.56323256,2.4844146
0.79920919,1.4628411,0.51607362,0.037715419,0.029348214,0.079640991,0.011120455,0.62359574,2.2994752
0.86175948,1.9149897,0.44795065,0.033793799,0.01408554,0.079946323,0.010379259,0.69268102,2.4058325
0.81330108,1.7105354,0.54086975,0.040082456,0.02981513,0.080774009,0.010092674,0.62328835,2.3973154
0.79652451,1.7415131,0.53298782,0.028935921,0.012160913,0.07929786,0.018087857,0.61797388,2.3990193
0.83739719,1.8063144,0.50869921,0.033923636,0.034227,0.087150549,0.010237326,0.5734044,2.4442127
0.80485607,1.4339615,0.54507106,0.039104712,0.014495012,0.061451196,0.01283402,0.5673896,2.3505838
0.80764423,1.741473,0.47077076,0.038033026,0.030516134,0.073788293,0.013587334,0.51559798,2.2760596
0.8072296,1.7778642,0.49245555,0.034028986,0.024272475,0.076083943,0.015917887,0.5237023,2.3341816
0.80005213,1.2395922,0.50644294,0.03803457,0.019248621,0.072652504,0.011548213,0.58048995,2.258566
0.81923122,1.3367966,0.48476285,0.028908312,0.014670138,0.096924869,0.013773294,0.47083562,2.3247724
0.83118645,1.7860088,0.49467206,0.031852969,0.01538226,0.094993023,0.011987415,0.50127122,2.4102708
0.81713932,1.7009304,0.47983453,0.042457506,0.022627307,0.092857154,0.017222583,0.55853542,2.2917979
0.82426596,1.6352525,0.5086651,0.040726752,0.022741382,0.087714449,0.015197159,0.55168637,2.35799
0.84069989,1.7366614,0.42432576,0.038854352,0.01878353,0.072643809,0.011646978,0.63873641,2.2745538
0.79155799,2.199151,0.54507429,0.047473463,0.017935554,0.059532039,0.011471001,0.64742613,2.3788834
0.796449,1.3987298,0.5448568,0.020123373,0.020171143,0.098937627,0.011534105,0.59158029,2.4186675
0.81383516,1.6673912,0.42842697,0.051390933,0.022978414,0.066186218,0.013257864,0.68939812,2.1642115
0.83581901,1.8103667,0.53608042,0.030146529,0.014793001,0.072390482,0.010966421,0.41093339,2.510905
0.83854585,1.8006667,0.62613271,0.039544777,0.010576257,0.089239012,0.010673671,0.63054125,2.632826
0.8045567,1.9768273,0.46471036,0.030020745,0.010951368,0.075888004,0.010760618,0.62686002,2.3174942
0.82962833,1.6465053,0.54567796,0.036714641,0.010012188,0.078329071,0.010435614,0.4377448,2.4560626
0.8107781,1.0285713,0.49264973,0.041327901,0.010161307,0.074190546,0.020001058,0.65641453,2.2277844
0.81887291,1.7537438,0.4987273,0.037685062,0.01096075,0.092460547,0.010080193,0.55731234,2.3551615
0.8334129,1.9806856,0.50628448,0.032321841,0.011010616,0.073653439,0.010316365,0.62131312,2.4587287
0.79876503,1.5527723,0.5820994,0.034698438,0.030350607,0.084723348,0.01055114,0.56641091,2.4349722
0.8164555,1.9066497,0.49125047,0.036637153,0.027353092,0.088507965,0.010151247,0.51154197,2.3582791
0.80956262,1.8637728,0.50243604,0.033598403,0.026094687,0.071030174,0.012182309,0.5185896,2.3701105
0.80447448,1.8123027,0.51116306,0.031646965,0.01913494,0.07126309,0.01143261,0.53614208,2.3759027
0.77962546,1.4754973,0.53769423,0.027587598,0.027708021,0.092114779,0.011827032,0.62870888,2.333673
0.85270289,1.5355231,0.44591015,0.046412252,0.011140428,0.080782531,0.011801391,0.52565425,2.2911729
0.85789389,1.3847988,0.44557338,0.035084977,0.011252224,0.071565081,0.011175352,0.60206285,2.3352186
0.81342668,1.434701,0.55261464,0.022318415,0.012975701,0.091248844,0.012202719,0.63100648,2.4716078
0.8237182,1.3284309,0.47507402,0.024655692,0.027536442,0.087464723,0.014389649,0.6473744,2.3385889
0.81546266,1.582943,0.50017454,0.026411393,0.022272275,0.095344704,0.013174915,0.58118813,2.3818463
0.87663875,1.8624034,0.41805785,0.046685194,0.015067185,0.068045644,0.011154878,0.5772155,2.3302867
0.88198697,1.9277899,0.42782276,0.046264971,0.01586306,0.081776081,0.010522298,0.59013533,2.367129
0.79155238,1.7571769,0.52635847,0.02653598,0.019183936,0.080705924,0.015311208,0.54476013,2.3880679
0.82838519,1.7030958,0.59199088,0.048226088,0.023554943,0.075373004,0.010084599,0.67636132,2.4821174
0.81417056,1.6957941,0.44015631,0.032885399,0.016015941,0.078832502,0.010059219,0.63593013,2.2569266
0.81631743,1.5125951,0.56763719,0.034221656,0.032251569,0.082193094,0.010280617,0.63662124,2.4533776
0.81915607,1.5032032,0.50011959,0.035986496,0.019828837,0.096636874,0.012290484,0.59564548,2.3368369
0.81090435,1.7927796,0.60003655,0.032102473,0.026776323,0.092311094,0.011457447,0.53488607,2.5513256
0.76128626,1.7034283,0.5142503,0.034264243,0.022694423,0.086158124,0.023800208,0.58790151,2.2444578
0.80626796,1.9421392,0.53519966,0.033033762,0.011257434,0.07728027,0.010023393,0.52839069,2.4347339
0.81661233,1.7464007,0.50376744,0.021157713,0.012204332,0.07651303,0.010160448,0.61502898,2.4377917
0.83133962,1.9406563,0.52237397,0.040216059,0.019388547,0.089896811,0.010122051,0.57538508,2.4396909
0.82160125,1.8387497,0.48366042,0.044849764,0.024962281,0.086711032,0.010129085,0.62832141,2.3139488
0.8370019,1.8520518,0.5034568,0.046961283,0.031238904,0.085300298,0.010044156,0.61123221,2.378228
0.84946026,1.8081681,0.5262931,0.038320568,0.017338823,0.084131297,0.010354444,0.5127968,2.4857115
0.8039309,1.7191308,0.54742645,0.026294572,0.011685091,0.070311942,0.011015594,0.60459881,2.4556857
0.86216097,1.647783,0.47970788,0.029930883,0.014738741,0.091848715,0.010770512,0.63252572,2.4553248
0.84956204,1.7333678,0.502957,0.038980001,0.016357452,0.082132052,0.015086866,0.63186778,2.43175
0.78338245,1.8344556,0.56587169,0.022636189,0.011176047,0.071480683,0.010091091,0.56492771,2.4719048
0.81112725,2.0311789,0.51263448,0.039940306,0.03136967,0.079493398,0.010120659,0.72903592,2.3831232
0.80506863,1.6982252,0.53927041,0.027481286,0.010341545,0.07405693,0.010268113,0.57445399,2.4345669
0.82939644,1.7469944,0.46376428,0.035799032,0.034318422,0.091743354,0.015590065,0.58796374,2.3282623
0.85434155,1.8636045,0.45017435,0.037623932,0.037537185,0.094971057,0.012232743,0.64158011,2.3697508
0.86269265,2.0605606,0.44604264,0.034463528,0.017864409,0.097280566,0.013896484,0.64025228,2.4159006
0.78668387,1.7823782,0.56080867,0.032152021,0.010763178,0.068020855,0.012791751,0.55876471,2.412611
0.82802077,1.6134349,0.4780209,0.04039867,0.036598922,0.08135788,0.011557046,0.58512873,2.3152192
0.8000861,1.7326361,0.53314683,0.037905334,0.013453641,0.071302615,0.016378436,0.58168226,2.3633332
0.77583417,1.5810233,0.45386879,0.034082312,0.019315129,0.066545905,0.020418122,0.64090468,2.168799
0.77963049,1.7221949,0.45245341,0.027319692,0.01518351,0.082116838,0.015440848,0.63356728,2.2178407
0.82698623,1.8508403,0.62481782,0.044084591,0.026808621,0.0967802,0.010046806,0.61553195,2.5817393
0.83070994,1.6908776,0.62873422,0.043959919,0.019652833,0.089653421,0.010179582,0.63442095,2.5727358
0.81480444,1.7731071,0.58346818,0.043254143,0.015653474,0.09066546,0.010401041,0.72023672,2.4681018
0.84428545,1.6039182,0.49730988,0.03013624,0.028286167,0.088311916,0.013471711,0.45164975,2.4354877
0.85017574,1.7659238,0.39958627,0.049612266,0.01852815,0.091098686,0.01278042,0.49216465,2.219035
0.81435409,1.815723,0.49404744,0.0248097,0.018551276,0.070513632,0.012203604,0.63661362,2.4035795
0.78763173,1.4056537,0.53106267,0.023623926,0.02540892,0.086322437,0.011047147,0.56483123,2.3539321
0.83201251,1.9530616,0.51555715,0.055317198,0.01508177,0.071576307,0.010963409,0.6815934,2.3613492
0.78550594,1.6494566,0.51977652,0.012652035,0.028894354,0.076478302,0.015032744,0.49558511,2.4175822
0.78113893,1.7459604,0.49666921,0.012953678,0.029605193,0.079526541,0.013030768,0.49448816,2.3724554
0.78243078,1.7400239,0.5340864,0.013342989,0.046698938,0.095742498,0.013296105,0.45464018,2.4456428
0.7744386,1.7325856,0.53076414,0.013654993,0.033472454,0.096438774,0.010716005,0.40717453,2.4146751
0.78939582,1.8460805,0.4992767,0.012982106,0.061740837,0.098243395,0.010596391,0.43666051,2.4121361
0.77870795,1.6293267,0.54864739,0.011175941,0.015854647,0.091244606,0.015537888,0.47644267,2.4597829
0.8484793,1.7370338,0.39472118,0.012714764,0.012989668,0.073771728,0.013012043,0.53501947,2.3481758
0.7588528,1.8879518,0.61576432,0.010374368,0.02377297,0.083915762,0.011471363,0.73824991,2.5847684
0.77043141,1.8009514,0.53600964,0.01228343,0.013297804,0.077948206,0.011424694,0.52411429,2.4311954
0.8273962,1.8793675,0.45717892,0.015934988,0.020070112,0.096629863,0.011171186,0.65279415,2.416881
0.83587471,2.0043257,0.51326251,0.027935772,0.019374055,0.075382437,0.014843178,0.50547483,2.5039961
0.83003058,1.8686341,0.5161942,0.0278899,0.019675522,0.070330044,0.016421305,0.52405626,2.4773954
0.80298826,1.70274,0.50023557,0.0213258,0.018752327,0.081269171,0.011558352,0.53396351,2.3891008
0.82440067,1.8163876,0.53015648,0.030581369,0.012084811,0.089648103,0.012186268,0.55285927,2.4684031
0.82364189,1.9727369,0.50745732,0.044828536,0.014571081,0.07944351,0.014138791,0.50863355,2.3756346
0.84995875,1.883585,0.51012726,0.040367605,0.017578317,0.073789278,0.011087182,0.48180316,2.456845
0.85508084,2.0235133,0.48922225,0.04276772,0.016490084,0.082272526,0.010973153,0.47137537,2.4363743
0.79977354,1.5294945,0.56061928,0.032840767,0.011774495,0.059452261,0.013307504,0.6782432,2.4071111
0.80117661,1.5567247,0.56715905,0.028845306,0.012391791,0.072530882,0.012945151,0.70095838,2.447007
0.80125278,1.7999763,0.55273887,0.032979797,0.013169254,0.081203653,0.013136133,0.71655406,2.4346992
0.84825428,1.4819393,0.46150636,0.033622855,0.010342365,0.082380573,0.010963107,0.4854365,2.353674
0.78799054,1.8539183,0.53196614,0.025908324,0.035974404,0.094603118,0.012369557,0.68181533,2.4052316
0.83299153,1.5907026,0.47174959,0.051375871,0.011272403,0.083062084,0.010661484,0.46679458,2.2697075
0.83202284,1.6148868,0.45755115,0.047134922,0.011552861,0.079056332,0.010667563,0.46997831,2.2642223
0.82696878,1.541776,0.35534102,0.02979273,0.020744147,0.060120922,0.011399188,0.60523691,2.1451529
0.85349167,1.678782,0.444284,0.037572994,0.027139388,0.093606037,0.018295759,0.64608381,2.3396864
0.86901202,1.5382423,0.47620094,0.040027673,0.013186444,0.079264465,0.010426788,0.49103993,2.4077323
0.8669187,1.4714494,0.51334067,0.036037287,0.022840534,0.083092802,0.010281862,0.47202074,2.4770148
0.78595723,1.8000714,0.57559747,0.035329312,0.023259344,0.085654737,0.010056695,0.52902946,2.4233682
0.79797355,2.0975521,0.57373749,0.031769674,0.019098338,0.070174916,0.010282986,0.6761233,2.5157327
0.82861667,1.7621816,0.50563006,0.036549277,0.02184691,0.091943873,0.010579444,0.56046908,2.3982822
0.81893215,1.5853765,0.50891002,0.035068429,0.026257915,0.085746126,0.011896854,0.48229608,2.3650293
0.82376776,2.3085809,0.50386301,0.037197996,0.027245933,0.090270911,0.011934699,0.59799287,2.4454635
0.81337482,1.7872157,0.55484538,0.041475288,0.016984003,0.08130155,0.014050088,0.58195125,2.4253091
0.80158647,1.7899957,0.5944403,0.033462425,0.026274658,0.087694486,0.013169011,0.52987469,2.5077261
0.79798006,2.0077527,0.4924966,0.034392178,0.018429345,0.057867233,0.011389878,0.65116422,2.3358534
0.83472249,1.5576413,0.52666675,0.036641914,0.015259734,0.080484507,0.010074516,0.51328574,2.4249852
0.8210834,1.6674189,0.49562937,0.0380311,0.019395634,0.091215704,0.010136294,0.48534495,2.3438588
0.86829404,1.4068725,0.51069509,0.03638302,0.013948145,0.084673861,0.010532773,0.78163026,2.4665565
0.81855812,1.3406802,0.53231738,0.033248448,0.020223184,0.084558034,0.010585994,0.73884524,2.3813647
0.81492819,1.3706867,0.52425907,0.036523543,0.03335318,0.080721018,0.010305022,0.57872543,2.3470692
0.82997843,2.1003786,0.49479735,0.029963154,0.012301613,0.067920032,0.010412587,0.55233611,2.4538677
0.80865791,1.6661199,0.4943632,0.044836831,0.032352782,0.096035634,0.016113006,0.56360654,2.2807146
0.81410529,1.7832252,0.54924531,0.02645083,0.01403039,0.074495322,0.010544155,0.66824254,2.4944454
0.82213771,1.772781,0.49675584,0.044872607,0.020409077,0.070901666,0.01722479,0.46757082,2.3300329
0.81878127,1.7707455,0.49897064,0.034173161,0.011317607,0.086013222,0.01062011,0.70363012,2.3736062
0.8158403,1.8915714,0.56702343,0.030255006,0.019241764,0.086786023,0.011005339,0.67478274,2.5278138
0.83556237,1.7480425,0.4969773,0.036857276,0.01987309,0.081604763,0.01284872,0.51987688,2.3974546
0.79926471,1.7628221,0.54193913,0.040504282,0.018807349,0.073391704,0.011746695,0.64698557,2.3679358
0.79538984,2.0914779,0.57590155,0.030747427,0.016768654,0.078484874,0.012839699,0.63609542,2.5178249
0.80085215,1.9801315,0.47089556,0.019831847,0.013119821,0.080857142,0.012063656,0.71167902,2.3676739
0.84509952,1.6047637,0.56354131,0.031982349,0.027036683,0.095644586,0.010175226,0.46073991,2.5477613
0.82617242,1.6592523,0.42331304,0.046816583,0.014436278,0.098248702,0.02298391,0.52040795,2.2012993
0.85103583,1.6874091,0.51477676,0.029940964,0.019690261,0.074099662,0.011267629,0.53565404,2.4958493
0.82716458,1.6413649,0.42681126,0.023673694,0.011103952,0.084977699,0.010226338,0.51997397,2.2991898
0.8151409,1.7863383,0.50601088,0.031157899,0.028634045,0.093926837,0.010631482,0.58864121,2.3931899
0.79650178,1.8879649,0.53516389,0.043719383,0.013525881,0.072465565,0.011136171,0.64334647,2.3503954
0.82885316,1.48703,0.52707944,0.039540442,0.016717765,0.085359097,0.012600504,0.63528158,2.3877771
0.82808709,1.6877102,0.49623865,0.038660603,0.038221073,0.085794895,0.013094586,0.56889688,2.3620346
0.79992244,1.5181812,0.53083506,0.036535954,0.012308907,0.066046157,0.011309967,0.57872354,2.3377553
0.79537932,2.3064083,0.55775795,0.035776216,0.027275916,0.09509197,0.011840151,0.74924948,2.4865142
0.83412193,1.5548294,0.48954748,0.03333389,0.01081935,0.074789018,0.010632632,0.53533474,2.3750556
0.82227447,2.2373925,0.4857522,0.028571077,0.012956494,0.087161233,0.015739128,0.58946827,2.4392542
0.81484312,2.2748968,0.46138795,0.029335091,0.012342963,0.08055033,0.014526525,0.60326635,2.372122
0.86959276,1.7932373,0.47450259,0.052262809,0.023657191,0.080823861,0.010660783,0.50511362,2.379755
0.79579125,1.7358632,0.61002001,0.019439086,0.013193388,0.084363393,0.010586786,0.59347629,2.5944532
0.85430424,1.5427004,0.50807548,0.026632069,0.027480768,0.098513071,0.010211022,0.53468829,2.4910325
0.83208024,1.8353371,0.45905095,0.047542083,0.012250097,0.069870168,0.010318418,0.52237739,2.286656
0.84757815,1.5127323,0.50249904,0.027507973,0.019641692,0.086205242,0.011979446,0.7392431,2.4553887
0.78172381,1.8588307,0.56115886,0.039733111,0.018427985,0.063722552,0.011324937,0.68930282,2.3729178
0.81635569,1.6382671,0.51648512,0.034762687,0.018257892,0.080146291,0.012398336,0.60327873,2.3793649
0.79212256,1.6973789,0.55141523,0.041805456,0.022201573,0.073028222,0.014773081,0.55028181,2.3506526
0.84771423,2.1108459,0.49423796,0.044473628,0.024961489,0.082011135,0.011782534,0.59771133,2.4293262
0.78413044,1.3829798,0.52541766,0.024675902,0.012245732,0.08491834,0.013182353,0.52279538,2.3268725
0.8036697,1.3382872,0.54636323,0.024227258,0.012866419,0.072746163,0.014085383,0.56684774,2.4106445
0.83100049,1.9411693,0.4406972,0.023452703,0.018756961,0.088999303,0.01049594,0.62509429,2.3645296
0.79167673,1.4775416,0.51855054,0.051358879,0.020499105,0.069231734,0.014190405,0.54198793,2.2272083
0.79244732,2.3364985,0.55922943,0.020625105,0.01696177,0.090587714,0.010463002,0.6346549,2.5707816
0.82994359,1.9288221,0.51291246,0.028715882,0.026814432,0.090408157,0.010937063,0.60881487,2.4742687
0.81050129,1.276552,0.57435199,0.04780054,0.027954607,0.081185393,0.010592886,0.68220363,2.3479978
0.81981899,1.4797169,0.53969744,0.04272986,0.022052656,0.073438853,0.010816779,0.59823313,2.3692855
0.81324077,1.5136593,0.49154889,0.037377522,0.025511225,0.082311632,0.010434345,0.64530001,2.3027158
0.79927649,1.5326483,0.57402593,0.036732805,0.026694157,0.077796996,0.015491696,0.52246113,2.40911
0.7852136,1.9473841,0.49862697,0.02133311,0.018446696,0.059824891,0.011614247,0.66904654,2.3697658
0.82054471,1.5276279,0.52845438,0.032619511,0.017962285,0.088144872,0.012622353,0.54237411,2.4072709
0.84375739,1.801664,0.47900173,0.040321821,0.022744914,0.097852514,0.011394971,0.55962978,2.3765396
0.82845862,1.5930098,0.48631654,0.039738969,0.012779481,0.069416786,0.012144488,0.65137036,2.3307457
0.82991345,1.8058409,0.49231353,0.035042997,0.014826063,0.076547208,0.01287897,0.45609611,2.3899787
0.81580583,1.6580665,0.50684817,0.024889689,0.032636297,0.087861825,0.011256754,0.71808226,2.4114814
0.8449413,1.8163874,0.44555292,0.025407413,0.019321459,0.08777738,0.010749271,0.49341358,2.3874274
0.82639915,1.611437,0.49816818,0.054888553,0.032639752,0.086599259,0.016947036,0.49959172,2.282577
0.79659531,2.1732455,0.54280954,0.031274403,0.014881788,0.076346349,0.010447313,0.60551586,2.4648255
0.79384063,1.9774625,0.58814425,0.034563502,0.01706428,0.082178,0.010402504,0.59497999,2.4986121
0.82108277,1.344911,0.53426447,0.048568548,0.018790458,0.072910316,0.013596676,0.52837736,2.3202939
0.82156033,2.0957455,0.45916902,0.036268268,0.027289906,0.085622809,0.01137885,0.64491837,2.3345548
0.81848027,1.9629756,0.48620543,0.020990555,0.019677144,0.079156288,0.01150699,0.50000397,2.4358154
0.8087606,1.6254226,0.50624841,0.026234177,0.030818562,0.095059589,0.014422575,0.62445378,2.3813257
0.84852085,1.7356925,0.49870197,0.044372085,0.014446477,0.0670153,0.010744786,0.56911998,2.3970718
0.8521661,1.6490441,0.50306087,0.0413765,0.012756563,0.066905227,0.010722715,0.59063682,2.4174415
0.83459959,1.6826202,0.43589372,0.028494742,0.012838944,0.096286004,0.014222504,0.74759784,2.3171916
0.81853625,1.5612087,0.49971624,0.022053288,0.02504288,0.094460056,0.010494388,0.41851998,2.4078725
0.83320623,1.6203553,0.4900908,0.027115405,0.055185,0.096781997,0.010513749,0.43230973,2.4106088
0.81820849,1.8215119,0.47293654,0.024643821,0.010695098,0.070134561,0.012795045,0.71048218,2.3752677
0.79410113,2.2142035,0.55329476,0.046045399,0.010383467,0.078390279,0.012954789,0.56967175,2.4094019
0.78485748,1.731522,0.5591392,0.037393518,0.018815083,0.074245344,0.01465829,0.45835114,2.3710962
0.82453219,1.9163501,0.54851656,0.036035358,0.021109085,0.098078641,0.013422719,0.58575458,2.488281
0.83538518,1.1997271,0.43101276,0.034662551,0.023728288,0.099791678,0.013049116,0.47450283,2.2414547
0.86262755,1.7266259,0.46114268,0.037574225,0.023303819,0.099642281,0.015197151,0.53669822,2.3962683
0.74573472,1.766021,0.56565101,0.040634188,0.015419101,0.057798821,0.012923424,0.5524961,2.2693559
0.76927515,1.7152819,0.53946958,0.03317548,0.033463067,0.083822582,0.010841031,0.55478924,2.3147088
0.83406198,1.6924205,0.47130089,0.041422581,0.011241786,0.087069161,0.013869978,0.51011571,2.322904
0.86689881,1.6812867,0.41801037,0.03519892,0.010621904,0.071183306,0.012431137,0.54514502,2.3369262
0.85730887,1.6880065,0.47240443,0.04042732,0.010300964,0.090386421,0.012636141,0.55453777,2.3861598
0.83053738,1.96442,0.51416928,0.038097824,0.010724879,0.090818401,0.010684116,0.65442766,2.4358118
0.82379379,2.0640962,0.53678838,0.0259401,0.016610333,0.082351389,0.010088214,0.52299488,2.5379862
0.82488323,1.4880603,0.52239363,0.03091695,0.025146475,0.097501531,0.023044377,0.53523696,2.4114483
0.82043888,1.629443,0.50372472,0.038826563,0.025348011,0.091197689,0.010158963,0.67068843,2.3479586
0.84014288,1.9696933,0.50513297,0.038459146,0.013152429,0.069916306,0.010191909,0.56628349,2.4423529
0.8332552,1.4597782,0.54997533,0.034397051,0.029086515,0.087973976,0.015772696,0.54311829,2.459426
0.80987283,1.892783,0.50239941,0.03398411,0.019054459,0.096423316,0.012249999,0.50488317,2.3725005
0.8024816,2.0146673,0.49839655,0.027978459,0.019806106,0.08515385,0.011446921,0.56042428,2.3896557
0.83060112,1.7202178,0.51182402,0.026340799,0.013768596,0.071213447,0.011531537,0.52831969,2.4597466
0.82392358,1.7090615,0.46176366,0.024507711,0.013629812,0.079947472,0.012798162,0.54331082,2.3574823
0.81019252,1.8670652,0.43777783,0.021491106,0.034992629,0.079498745,0.014855986,0.52290792,2.3080286
0.80707226,1.7566434,0.59538085,0.049252983,0.014761073,0.064339491,0.010913416,0.60065486,2.4353679
0.77092148,1.6246965,0.51673251,0.03156876,0.012766148,0.066354279,0.016034781,0.54098121,2.275908
0.80854748,2.1211234,0.58467689,0.040555847,0.014640933,0.078705507,0.01128736,0.59016191,2.5205974
0.80731581,1.9523449,0.57473765,0.052642882,0.025481115,0.076151954,0.011374783,0.55787245,2.4127774
0.82510353,2.0697732,0.5352742,0.045724604,0.023054944,0.068293957,0.012710152,0.56567087,2.4372445
0.81829442,1.7089526,0.51844395,0.026429623,0.017710358,0.084971449,0.010520833,0.6924759,2.4379702
0.80912347,1.6089606,0.56730028,0.025115661,0.016370451,0.089776653,0.011394143,0.58508302,2.4966861
0.78449171,1.5947414,0.60597688,0.024789457,0.034502232,0.091172203,0.012712813,0.54007325,2.4995225
0.79614751,1.6370818,0.58668198,0.031323985,0.015589852,0.088029801,0.012636203,0.71133849,2.4668689
0.83186947,2.2254817,0.47290247,0.044356218,0.019258475,0.076613622,0.010636215,0.54585557,2.3637868
0.82001548,1.5715176,0.51560532,0.03542916,0.015334623,0.069255906,0.010159574,0.54151675,2.3758373
0.7923019,1.5887581,0.5423957,0.03399518,0.017436828,0.062633961,0.010169216,0.68095226,2.3588331
0.83473839,1.6578176,0.55419603,0.040545053,0.011267768,0.081825287,0.010880496,0.59188045,2.4663479
0.8278099,2.0333157,0.46852893,0.032505413,0.011697964,0.087657099,0.010231363,0.63115091,2.3779042
0.81280186,1.2310995,0.46688586,0.039300746,0.037996983,0.082744905,0.016825466,0.48817563,2.2248029
0.85751786,2.2278253,0.50362981,0.035891452,0.017284159,0.07506138,0.011011334,0.54764403,2.527286
0.81752105,1.4938071,0.46794563,0.033208847,0.013598207,0.074903966,0.018267442,0.51656426,2.2905623
0.83367246,1.9561529,0.49682035,0.034851992,0.022917023,0.087369499,0.010688918,0.635922,2.4261812
0.81522615,1.9941829,0.53613225,0.044512627,0.016864664,0.071702158,0.011484521,0.59565793,2.4097578
0.79386257,2.0901862,0.52679824,0.043309363,0.025646801,0.077419095,0.013156051,0.54663248,2.3567887
0.7878529,1.8289499,0.54688323,0.043557613,0.0391387,0.0830155,0.011304762,0.50861528,2.3414739
0.79578335,1.7430962,0.54936727,0.02295285,0.012650743,0.082172855,0.015099397,0.64343675,2.4588549
0.80193677,1.7508313,0.52242091,0.018633691,0.012570284,0.081492176,0.015194561,0.6772338,2.4484102
0.79466932,1.6744339,0.4958715,0.016870736,0.012272619,0.084898646,0.017302423,0.70524641,2.3779471
0.80905255,1.6120491,0.4727336,0.020142936,0.012774446,0.094431951,0.013249384,0.67321633,2.3492754
0.81127462,1.8592412,0.48411467,0.03082698,0.035371123,0.07564609,0.010726301,0.4450458,2.3535504
0.82521181,1.699393,0.51319104,0.033867154,0.037861897,0.087699562,0.011394536,0.44958825,2.4082105
0.81591189,1.5706794,0.5273585,0.034343253,0.04357811,0.094163522,0.012172314,0.52493742,2.3904642
0.82495732,1.8865726,0.50737709,0.03354569,0.017872482,0.073882954,0.01062018,0.56525305,2.421556
0.85286098,1.8435878,0.51746142,0.045572517,0.013932947,0.093459791,0.010111566,0.58528829,2.4476419
0.83683881,1.9103336,0.41808811,0.034678403,0.011713906,0.059209022,0.013130206,0.56004966,2.2861107
0.81624677,1.9746623,0.47429851,0.037242326,0.013625168,0.076837721,0.010399392,0.54229152,2.3320065
0.83241611,1.4985582,0.51140946,0.031899696,0.011034377,0.086980486,0.013919582,0.61787993,2.4085161
0.81081411,1.5335633,0.53788953,0.034065801,0.011686584,0.07727263,0.011131762,0.57364713,2.3917425
0.84384757,1.3915561,0.46196519,0.045448467,0.012011426,0.089202421,0.012374015,0.62286907,2.2849214
0.80829123,1.865234,0.50973535,0.032923632,0.013429528,0.074503643,0.012275862,0.64934259,2.3835327
0.81736751,1.9692918,0.50344652,0.043250087,0.022690507,0.079760227,0.01046611,0.53805855,2.3595736
0.82421037,1.852563,0.51951502,0.04183096,0.021375383,0.075887844,0.010332565,0.60019313,2.3977349
0.80350626,2.0163249,0.55969865,0.030976047,0.011431168,0.069157191,0.010321726,0.70076289,2.4953017
0.79384581,2.0266319,0.53917847,0.028534575,0.012078866,0.064306788,0.010248657,0.67180367,2.4444774
0.82288592,2.2035337,0.4874029,0.045010897,0.015685496,0.080153428,0.010253043,0.63049434,2.3632154
0.83034841,1.9432237,0.50839295,0.043946723,0.014011001,0.070291375,0.010343766,0.57611336,2.3946255
0.82661572,1.509565,0.53415925,0.042972697,0.027494073,0.086343864,0.010391855,0.64393557,2.3803511
0.81067535,1.360243,0.53933751,0.040781713,0.01859702,0.082600711,0.010231068,0.59809617,2.338929
0.80945037,1.2769818,0.53193199,0.035624953,0.016605667,0.084773174,0.010802085,0.59496349,2.3375399
0.83457404,1.5024614,0.4900726,0.037319325,0.017378574,0.081303808,0.01018342,0.59228807,2.3530467
0.83140281,1.436213,0.49264616,0.034708634,0.019931392,0.073276047,0.010157679,0.5661672,2.353648
0.81824149,1.7531118,0.57678443,0.036075825,0.013299254,0.093672848,0.012001766,0.53901681,2.5000853
0.82610572,1.6017381,0.38891859,0.04179903,0.022480748,0.076725954,0.010395914,0.55856641,2.1603214
0.82499511,1.6028346,0.39554372,0.038927124,0.024107088,0.081626796,0.010508287,0.56722466,2.1782502
0.83380683,1.7862952,0.59447495,0.036575599,0.010741157,0.078717796,0.012569639,0.65371966,2.5761776
0.79028912,1.9296121,0.52589094,0.037413535,0.013940233,0.082324932,0.011852877,0.69527709,2.3532078
0.78292403,2.0029418,0.54233801,0.032159524,0.013474149,0.072977086,0.011288932,0.71680063,2.3998631
0.78509335,2.114292,0.63209536,0.033550614,0.011262675,0.068203205,0.013699398,0.58356144,2.5884028
0.78172073,1.2648595,0.5609466,0.028074001,0.012474602,0.078099628,0.012901414,0.6440141,2.3460009
0.820247,1.6839486,0.60170452,0.037496139,0.013054966,0.082212506,0.011531693,0.56138403,2.5318268
0.81632042,1.8578742,0.5148166,0.032739639,0.018438159,0.077586702,0.011126956,0.68617806,2.4134793
0.81650473,1.6547291,0.50141516,0.050011989,0.013292992,0.065168192,0.012298415,0.61189913,2.288357
0.80799766,1.7676439,0.55429696,0.020569,0.033910129,0.091431834,0.012310193,0.56066903,2.5180373
0.80790809,1.1956941,0.47783845,0.037401827,0.02019773,0.073893549,0.017482692,0.52628352,2.2330931
0.82171405,1.3305545,0.47809171,0.036017281,0.019990245,0.089248677,0.018324529,0.51476909,2.2882103
0.83852717,2.2728686,0.48729483,0.032412706,0.018738395,0.076478501,0.010875556,0.51212037,2.468936
0.7718815,1.9685567,0.49115843,0.043543629,0.011066989,0.062537218,0.017666089,0.42953522,2.2234125
0.8530258,1.6706554,0.46497713,0.043346544,0.026741806,0.099645338,0.010219106,0.706616,2.3485773
0.86418489,1.8647665,0.47253285,0.036477657,0.01685074,0.092660784,0.010227295,0.63235773,2.4400232
0.84617496,1.825575,0.50272267,0.039923779,0.017896903,0.095759488,0.01033548,0.56707583,2.4291465
0.80339881,1.5127044,0.51615803,0.040156873,0.013201488,0.069724863,0.01180528,0.52623517,2.3053545
0.82731042,1.1895606,0.56274562,0.030742796,0.027880003,0.085838701,0.012522901,0.57417273,2.4462957
0.80962714,1.5038506,0.5871489,0.045058141,0.024321142,0.093515491,0.015325376,0.51983717,2.4116624
0.83494278,1.6032984,0.56219067,0.045305558,0.034947215,0.097608219,0.012329545,0.57813625,2.4491873
0.79195274,1.5501614,0.57379228,0.033370143,0.026909726,0.089626784,0.01122445,0.60287854,2.4091452
0.77831677,1.922954,0.56311639,0.025578637,0.013286186,0.061028501,0.014449851,0.58477119,2.4500613
0.79268809,2.1479225,0.49878472,0.039168047,0.014308038,0.073237268,0.013347058,0.55648658,2.3287531
0.84265469,1.598721,0.56305708,0.03817444,0.01258189,0.077959129,0.010796231,0.55887654,2.5064003
0.83993944,1.6821935,0.56052731,0.039227335,0.013367527,0.077853099,0.010754054,0.59906405,2.5011013
0.81309212,1.6502156,0.46155107,0.040123764,0.026028628,0.074342955,0.011643515,0.63396327,2.2560476
0.80965481,2.0837603,0.50162627,0.024888708,0.023393174,0.08161991,0.010474315,0.60612336,2.4384584
0.80856606,1.7253795,0.6254658,0.037714863,0.014005121,0.0745003,0.015565772,0.58083522,2.5484742
0.81405934,1.7786851,0.46770267,0.031330369,0.014624558,0.070196926,0.010724934,0.54707916,2.3197946
0.80220223,1.4047368,0.53558192,0.031705959,0.017678773,0.067405756,0.012098202,0.60990524,2.3599173
0.82083641,1.4505397,0.57734615,0.037306074,0.021600543,0.098934636,0.011567923,0.56115567,2.4566773
0.86314936,1.9782086,0.44089834,0.043719559,0.023454005,0.091835614,0.0103306,0.49148655,2.3598469
0.77896624,1.7186316,0.51946869,0.031621711,0.011402496,0.085702289,0.011464673,0.55527422,2.3130739
0.83949008,1.5240689,0.54762401,0.041179278,0.010053922,0.067541243,0.022362466,0.59282382,2.4461727
0.83909275,1.5389513,0.47309935,0.05148249,0.010338731,0.084439983,0.011360536,0.49167821,2.2809746
0.86787886,1.8621987,0.50501626,0.031585361,0.011763813,0.092074397,0.010814034,0.64685502,2.5340576
0.81144154,1.9473301,0.52214287,0.035001229,0.019303658,0.093261076,0.01183495,0.54041993,2.4146658
0.81769415,1.4720996,0.51093661,0.039538894,0.020636134,0.073932134,0.012616297,0.63762946,2.3311155
0.79828336,2.0729458,0.55414893,0.032442181,0.015648418,0.084813556,0.01197368,0.53952005,2.4710942
0.76518341,1.9475898,0.50684667,0.029518162,0.02810273,0.06886501,0.014517407,0.56387666,2.2936273
0.76751206,1.8245256,0.53065398,0.040707394,0.017496861,0.069362697,0.01278724,0.50511524,2.2743869
0.8402473,1.70917,0.53739746,0.02568905,0.017091817,0.09769985,0.012633765,0.64861758,2.5353458
0.83755789,1.851347,0.42636665,0.031675148,0.010334257,0.084064182,0.012456141,0.65478363,2.3097212
0.83384319,1.9989915,0.57600012,0.035842126,0.011475469,0.09957441,0.010247924,0.55629043,2.5779669
0.86061789,1.5866088,0.41467389,0.040293834,0.013761911,0.099746375,0.010592162,0.65033236,2.2880211
0.82314416,2.0582261,0.60772807,0.028141384,0.01866847,0.099119438,0.010162974,0.60864894,2.6668525
0.82370256,1.4927401,0.51330081,0.028764789,0.03370553,0.096557254,0.01050881,0.71654279,2.4038141
0.80675759,1.6301217,0.61266957,0.03265667,0.019175801,0.09802521,0.011088761,0.56436412,2.5334883
0.83389618,1.3030986,0.56207699,0.033591393,0.023009644,0.096866418,0.010458007,0.63512631,2.4638992
0.83355795,2.2296844,0.52064982,0.038965838,0.020140545,0.092396401,0.010659965,0.50504838,2.4848141
0.83363065,1.527096,0.54763316,0.034197593,0.022898216,0.091611546,0.010193097,0.65895724,2.4665818
0.81770286,1.465874,0.46040886,0.041277812,0.014956762,0.074518874,0.011007173,0.54044328,2.2424877
0.84310444,1.9559324,0.52552309,0.030021086,0.019285389,0.098158781,0.013186023,0.55980375,2.5296902
0.77598169,1.5815757,0.55250929,0.032005755,0.024032315,0.063288283,0.012536307,0.61014281,2.3419641
0.81038993,1.825414,0.53294118,0.033183976,0.012027801,0.072529154,0.014258087,0.57387008,2.4249585
0.84387499,1.9329317,0.45730501,0.039617817,0.010983579,0.075770998,0.011814277,0.61481649,2.355098
0.81899914,1.4010483,0.50597795,0.038901729,0.041948065,0.08287363,0.011193999,0.51866956,2.3209354
0.84485507,1.3134109,0.45177551,0.037903194,0.011452342,0.074277231,0.013431719,0.54729426,2.294556
0.84273474,2.0768684,0.44235761,0.038527534,0.04001285,0.096713729,0.010526589,0.52360489,2.343923
0.82199352,1.2745951,0.52126197,0.041257348,0.013330482,0.091728217,0.013354302,0.58189338,2.3268682
0.8258171,1.2392781,0.49235298,0.037667152,0.014065045,0.078025518,0.013822293,0.61139156,2.3037817
0.82701632,2.2106987,0.56328671,0.033475904,0.011418472,0.093828171,0.011893298,0.54418838,2.5793551
0.83571919,2.0650494,0.62389194,0.055925117,0.011393385,0.077480206,0.01228768,0.41622472,2.5730033
0.79124568,1.7336532,0.45559681,0.021353515,0.010474136,0.071324776,0.011268045,0.64493321,2.2799643
0.84722012,1.7649217,0.52853863,0.055189555,0.010407399,0.097940639,0.011129291,0.53477411,2.3985941
0.80175348,1.6336454,0.47310075,0.040004356,0.054228985,0.093407035,0.01288864,0.55764602,2.2456978
0.81104916,1.8306569,0.51302366,0.042683858,0.010844868,0.087047405,0.011111456,0.60484124,2.3465246
0.82179262,1.5922865,0.5438452,0.030980427,0.0105673,0.061442553,0.01051672,0.58324259,2.4543235
0.80853135,1.3829546,0.5066463,0.036501732,0.010835906,0.076822614,0.010302909,0.56256754,2.3040255
0.85485175,1.1646156,0.52857651,0.03402304,0.010080993,0.093281135,0.017925827,0.6482338,2.4433434
0.80125773,1.0005003,0.46028421,0.041778946,0.010018341,0.044605097,0.010306609,0.5417859,2.1545026
0.84329012,2.2178974,0.49063471,0.040391111,0.076516092,0.095773349,0.010324795,0.43853977,2.4427407
0.8287771,2.0884803,0.46851124,0.05112645,0.023755336,0.095996142,0.010698794,0.47334746,2.3055286
0.8459672,1.3905638,0.4829668,0.029676774,0.014220644,0.090717451,0.023285395,0.64349073,2.3924857
0.84563082,1.4206803,0.47953223,0.032376474,0.02048889,0.088150225,0.010298533,0.63104861,2.3766549
0.80217675,2.1967088,0.50979879,0.029573318,0.017872967,0.084301045,0.010079182,0.65516695,2.4258318
0.81759633,1.6909526,0.55349996,0.024354364,0.030255613,0.094734817,0.010318699,0.61579297,2.5101084
0.81691031,1.9265278,0.51250377,0.054998818,0.024966842,0.099202137,0.020704291,0.68374664,2.3173868
0.80792506,1.9949889,0.53835086,0.030897296,0.042577113,0.099175815,0.011240661,0.62719862,2.4631907
0.8655808,1.4626146,0.48335464,0.040647099,0.014296203,0.096454763,0.013982061,0.6421041,2.4003348
0.7950422,2.0201903,0.52960102,0.029160979,0.030954133,0.080626041,0.010723324,0.59303367,2.4250251
0.85076649,2.0333164,0.43777379,0.035677452,0.020000475,0.091564052,0.011777495,0.53496329,2.3630473
0.8063231,1.6870494,0.51743048,0.041629666,0.020715105,0.071660431,0.01309729,0.51384317,2.3294254
0.86451726,1.6223908,0.39384907,0.036598394,0.015979249,0.081787059,0.011584574,0.74220787,2.279578
0.77684395,1.8049311,0.63922327,0.034955218,0.025694561,0.081930299,0.012427915,0.48966793,2.5163955
0.8055793,1.8895899,0.61182804,0.052203196,0.027817942,0.087415032,0.011858043,0.42548883,2.4650687
0.78157457,1.1736286,0.58779722,0.03128569,0.013667759,0.075000605,0.014413188,0.62606927,2.3584151
0.79810663,1.3328141,0.43426669,0.038322174,0.026511307,0.057253682,0.011690131,0.61491277,2.1532835
0.8829814,1.8172541,0.53679805,0.036577264,0.015451692,0.096404938,0.011105167,0.56006361,2.6017895
0.8090659,1.7115048,0.51598495,0.030691574,0.048807149,0.099857838,0.011823699,0.62412952,2.3884837
0.82175168,1.8536917,0.4550191,0.034924369,0.01642022,0.099777186,0.011860175,0.58974848,2.3085597
0.81974861,1.8388214,0.45531573,0.039030081,0.018653365,0.099765438,0.012101497,0.59773213,2.2853335
0.84592374,1.9758132,0.519177,0.02371547,0.023269653,0.099222792,0.011767479,0.57760949,2.5610814
0.82531585,2.101186,0.52318031,0.033432507,0.033154815,0.09391559,0.01230992,0.58712603,2.480126
0.81499931,1.9361348,0.46702401,0.030068769,0.024732966,0.095717696,0.010206739,0.62846752,2.3434922
0.8100293,1.5778953,0.52220477,0.044712654,0.010532083,0.064132262,0.017691838,0.5296985,2.3194307
0.8274157,1.6287248,0.53347529,0.041128932,0.017263632,0.085232117,0.01021556,0.53343256,2.4052045
0.83030175,2.2893225,0.46371818,0.03438686,0.02605008,0.091143647,0.016912522,0.63894158,2.393706
0.84738959,1.6455437,0.48796521,0.036822082,0.021744059,0.092794358,0.011505785,0.5633663,2.3999866
0.83336734,1.9113875,0.42507994,0.030860632,0.017898946,0.081717059,0.010442524,0.59610716,2.3059705
0.81466363,2.1109003,0.46197936,0.030280504,0.032431858,0.078558991,0.010327133,0.4634556,2.3509155
0.81695903,2.0193427,0.41563548,0.036508271,0.023749879,0.06216542,0.010863707,0.46638828,2.2359073
0.80832097,1.7664533,0.45620201,0.032305331,0.019224724,0.061817681,0.011385605,0.45634417,2.2795887
0.79034347,2.0894614,0.55836012,0.047689933,0.018588325,0.073636429,0.012207227,0.51852486,2.3838441
0.80238246,1.9598457,0.53706524,0.054615459,0.022059183,0.064668835,0.012833768,0.4922794,2.3281591
0.81376167,1.6660963,0.52353542,0.015589975,0.018127559,0.078160227,0.0114425,0.72752053,2.4874086
0.80401643,1.8949263,0.56694147,0.025302227,0.017358153,0.084734782,0.012560757,0.46791554,2.5240633
0.76373043,1.7582163,0.42863388,0.029595212,0.029258416,0.066200225,0.013052854,0.48962501,2.1318811
0.84342226,1.7736085,0.61455012,0.044614613,0.011301709,0.091712637,0.011819617,0.7325783,2.5912557
0.7772572,1.5790016,0.3977294,0.032660765,0.043639645,0.060264848,0.011342823,0.43920565,2.0877067
0.82224872,1.8971269,0.58060466,0.040542648,0.012589939,0.077351889,0.014340771,0.54435215,2.5152024
0.8069658,1.5579097,0.44915356,0.035670184,0.01692076,0.063348683,0.011204878,0.52676059,2.2295935
0.80453092,1.4726893,0.43145239,0.038576344,0.016842018,0.061370338,0.010930369,0.47618931,2.1761802
0.8034977,1.4423961,0.45850722,0.039893294,0.016922252,0.042083248,0.012064969,0.43805184,2.2077645
0.81112675,2.0239943,0.55321516,0.031483483,0.021843909,0.096158859,0.013470046,0.59236896,2.501261
0.81540396,1.575823,0.55486242,0.034734289,0.023956894,0.099660713,0.010653206,0.66374651,2.4352718
0.82224604,2.0813285,0.48167948,0.037178225,0.018776021,0.066094869,0.015046271,0.51303559,2.3725768
0.83888308,1.3739859,0.47309796,0.040541897,0.033193844,0.09531532,0.010575415,0.56937633,2.3084806
0.85256908,1.5794008,0.46508545,0.045515793,0.017143768,0.077576175,0.016291056,0.49962852,2.3294115
0.84584387,1.7386225,0.49486657,0.039492419,0.024686123,0.088429543,0.011845173,0.53584856,2.40635
0.83848726,1.5859815,0.51551067,0.053644363,0.02126923,0.090183845,0.013404811,0.65176533,2.3415935
0.85302624,1.5296671,0.53397331,0.045496494,0.012325582,0.090127109,0.014642489,0.58756612,2.4378368
0.82332743,1.3547385,0.44402248,0.036482613,0.011207082,0.076514983,0.013698616,0.42323554,2.2390489
0.83897454,2.1201886,0.4743713,0.045298572,0.028528128,0.092441157,0.011107051,0.59603853,2.3686278
0.86203851,1.9423663,0.48299067,0.04190453,0.016778506,0.076832584,0.01124501,0.56708538,2.4372376
0.80442739,1.5141827,0.53601579,0.030147113,0.023032651,0.071482143,0.012577879,0.55578985,2.3886725
0.84505905,2.0667535,0.46344363,0.043926332,0.017852993,0.096738639,0.011256502,0.53710383,2.3640883
0.77775284,1.487595,0.57691397,0.02888577,0.01554777,0.073935783,0.010316223,0.6220374,2.3904336
0.80116899,1.6789011,0.51547725,0.036611443,0.034794251,0.075730361,0.010210056,0.64194629,2.33502
0.83638576,1.7428314,0.47700871,0.037048785,0.017890303,0.086164188,0.010248805,0.69609039,2.3629069
0.82327154,1.4897541,0.51455796,0.037149951,0.01016121,0.085562818,0.013801734,0.492682,2.3643368
0.82227331,1.4052448,0.49874434,0.042721841,0.010162695,0.082755569,0.015445295,0.51916141,2.3014528
0.84295495,2.0664087,0.48449665,0.030359964,0.010784086,0.066516896,0.012216186,0.55790457,2.4607865
0.84672978,1.3694868,0.52198785,0.042849953,0.025142863,0.061669267,0.010424546,0.50716157,2.39505
0.81611621,2.0603682,0.51515671,0.027894963,0.015075245,0.072221024,0.010294018,0.62446068,2.4637097
0.83031765,1.793422,0.53456796,0.035297861,0.011034322,0.08436276,0.010384168,0.60276648,2.464769
0.80727099,1.7011813,0.53300576,0.035730096,0.028627791,0.07641439,0.010210188,0.42048725,2.3880269
0.83024132,1.9158102,0.46748395,0.036424209,0.012845426,0.075336863,0.011019226,0.71731673,2.3518706
0.80239606,1.5680173,0.58169287,0.032267533,0.031035186,0.09077751,0.014006609,0.78533285,2.4591819
0.80936233,1.6352271,0.60073575,0.036881649,0.034533636,0.087001887,0.015014744,0.70435017,2.4966361
0.80857189,1.8145657,0.5841682,0.040176436,0.028016529,0.091971599,0.014019362,0.64075265,2.4752502
0.81605482,1.7014482,0.48635892,0.023784765,0.014652752,0.067122935,0.010911357,0.6032385,2.3851343
0.7714075,1.7831878,0.60828704,0.039553036,0.033772915,0.083361064,0.017610593,0.5821535,2.4176539
0.84823713,1.9073524,0.41830908,0.023719945,0.018152125,0.071958032,0.01043646,0.52954691,2.3600649
0.83403743,1.8252484,0.54812695,0.054917921,0.016153923,0.08828909,0.016629,0.59185963,2.407042
0.8414492,1.7559775,0.52734296,0.031011581,0.016159393,0.088994342,0.010761275,0.54125469,2.4974827
0.78977614,1.7901082,0.48246697,0.044681848,0.015006475,0.06967269,0.018159318,0.63619214,2.2287987
0.78842201,1.724513,0.63776115,0.030867969,0.015745262,0.065319055,0.010411767,0.46989735,2.5552438
0.79842454,1.9735669,0.52094604,0.034015435,0.021033394,0.087420969,0.01289333,0.78604262,2.3871083
0.82836369,1.8026834,0.5144727,0.029427993,0.017464347,0.076160483,0.011188453,0.80989215,2.453554
0.82857133,1.7105134,0.5132019,0.025955839,0.014366842,0.079414768,0.010956335,0.79762335,2.4577625
0.80799862,1.8636921,0.52697959,0.028691161,0.015260436,0.063115801,0.013503218,0.43318054,2.4355274
0.80749602,1.8740429,0.46897836,0.040812962,0.056455712,0.092158235,0.010370305,0.5084134,2.2748466
0.81887675,1.4122008,0.45673864,0.033563292,0.021875103,0.063082671,0.010506352,0.49276528,2.2657379
0.79597041,2.3053858,0.6097246,0.037099917,0.024081196,0.081801374,0.012619309,0.69288617,2.5851092
0.77863015,1.9385661,0.61168077,0.027160485,0.016430819,0.080488709,0.010376867,0.79409384,2.538029
0.8052275,1.5681854,0.56431987,0.032142171,0.043471832,0.086282723,0.010057573,0.7356556,2.4371163
0.78438253,1.4918078,0.57307693,0.034828755,0.013307452,0.064274733,0.010400589,0.60229879,2.3717731
0.8119293,1.9300493,0.55354568,0.039283312,0.02472671,0.076806708,0.010403735,0.57439094,2.4500103
0.82232985,1.1449866,0.4768598,0.03333612,0.018140655,0.094522968,0.01347246,0.60382811,2.2795853
0.8235998,1.3555685,0.49564426,0.036492082,0.037920143,0.089416646,0.012543085,0.58246894,2.3215848
0.78231528,2.0102055,0.53073702,0.029902987,0.017962149,0.060257916,0.011532021,0.53095001,2.3887878
0.7964182,1.9836924,0.5237108,0.037748847,0.0140947,0.056189944,0.014981505,0.53085353,2.3703191
0.78498508,1.7385864,0.57531208,0.021096967,0.015297805,0.086244359,0.014032139,0.55411494,2.488223
0.84140001,1.8299512,0.46776509,0.050258989,0.032639906,0.078878141,0.013278485,0.5462367,2.3122121
0.84941613,1.461827,0.43395354,0.031695939,0.011577577,0.089821621,0.011007426,0.50173067,2.3163435
0.84184839,1.6636261,0.46991715,0.058235439,0.01052999,0.068900115,0.013241351,0.48214291,2.2686619
0.84018,1.6964477,0.50023861,0.030197966,0.011911623,0.088812724,0.011607748,0.59472253,2.4409095
0.79257599,1.6399706,0.53290992,0.042395436,0.013939232,0.096865218,0.017071927,0.53380876,2.3107709
0.83219636,2.0491887,0.53406768,0.027608957,0.012273646,0.095098918,0.011568098,0.68874526,2.5434988
0.7913507,2.0181839,0.51105434,0.023718143,0.024820335,0.093559683,0.01670234,0.59311848,2.4069398
0.76577506,2.027968,0.64234242,0.04576008,0.012992039,0.079394404,0.010070747,0.73291592,2.470971
0.80511776,1.8729914,0.49297331,0.028017909,0.022376836,0.098483537,0.019131302,0.60324769,2.3689785
0.80190813,1.6734352,0.57897017,0.021780259,0.024354537,0.087600079,0.010935732,0.58696018,2.5275147
0.81435716,1.7320077,0.54782912,0.051441471,0.028264614,0.09758242,0.016317964,0.60681012,2.3609852
0.83374941,1.3393916,0.55205101,0.029277357,0.019897348,0.092386322,0.012097085,0.61186912,2.4743139
0.80528215,2.2461474,0.5321579,0.045421286,0.017388306,0.077215394,0.01045111,0.51665368,2.4056604
0.84171977,1.5996609,0.50300834,0.027940908,0.018786331,0.085972773,0.012934517,0.60135669,2.4494609
0.79577782,1.8929122,0.58908626,0.033289488,0.012848378,0.082151384,0.011550137,0.66276144,2.4993476
0.83096393,1.3830211,0.63585302,0.044416139,0.016907242,0.089100812,0.011866559,0.73438239,2.5313832
0.81102821,1.8118506,0.64048562,0.02943585,0.018334403,0.089769221,0.01235939,0.55943303,2.6475297
0.81343801,1.4522235,0.43414418,0.038209033,0.010085904,0.080585244,0.013719309,0.59140438,2.201609
0.8139544,1.9794602,0.53263538,0.035324576,0.010028511,0.058589937,0.011772808,0.57734592,2.4432735
0.82132604,1.5014081,0.53268886,0.033279322,0.018782487,0.064783717,0.014169558,0.55487325,2.409907
0.82142278,2.0856557,0.5149313,0.036145145,0.026910356,0.076820572,0.012940824,0.55173095,2.4386171
0.82057144,1.9386383,0.5084201,0.039794907,0.034958795,0.082110978,0.011527939,0.56109834,2.3887899
0.78786249,1.4316054,0.52642332,0.035186704,0.031583286,0.080872558,0.010837673,0.42396886,2.2946448
0.85022014,2.0281702,0.44030615,0.040004077,0.01389314,0.096754495,0.010952531,0.64157359,2.3475677
0.81688239,1.6317576,0.51519607,0.039488074,0.017191923,0.083612461,0.011780972,0.58513572,2.355532
0.82243991,1.7916624,0.54988723,0.034097934,0.022008664,0.088714615,0.014271096,0.65824998,2.4781755
0.80125828,1.8333407,0.57770719,0.035110182,0.011775456,0.092361853,0.011740756,0.80204793,2.4739132
0.80583999,1.7788749,0.56853251,0.040365206,0.011828382,0.084253357,0.011046516,0.69773123,2.434147
0.84307022,1.3915685,0.51245623,0.037850929,0.019821979,0.084844645,0.011451263,0.4868276,2.3962904
0.79296213,2.0879729,0.49185089,0.037005745,0.022491329,0.068746136,0.012336261,0.59738738,2.3194287
0.82350387,1.5252093,0.56383048,0.033810831,0.015704389,0.093253185,0.010138995,0.61680425,2.4697943
0.79597439,1.9477711,0.488713,0.023294242,0.033372897,0.063430406,0.010155122,0.58746338,2.3690582
0.80694372,1.7871725,0.55488268,0.022773565,0.015256165,0.090485821,0.010426994,0.55243711,2.5067958
0.83219628,1.5699763,0.54689193,0.026399145,0.016907232,0.091027763,0.012626901,0.67639466,2.508561
0.80209834,1.5008016,0.47027072,0.036393677,0.035600847,0.072252728,0.012981683,0.49908515,2.2430209
0.87204112,1.5290891,0.46982001,0.04067684,0.010540442,0.085615057,0.011633751,0.5524901,2.4006675
0.83213306,1.3694161,0.46981164,0.03429177,0.011417781,0.08441606,0.013327804,0.7297342,2.312596
0.80608651,1.4875969,0.52300196,0.039536048,0.027070718,0.063787159,0.011669984,0.54791142,2.3229923
0.7959247,1.9795255,0.56755041,0.03085434,0.018651404,0.07600518,0.010939989,0.63119097,2.4855092
0.80482604,1.661465,0.54159222,0.027243414,0.0171413,0.077033103,0.011755505,0.59169894,2.4343412
0.76793686,1.7697007,0.52062335,0.021786413,0.013346071,0.088743608,0.022152573,0.69759752,2.340709
0.81015477,1.5695012,0.60167609,0.034363287,0.026911654,0.077721465,0.010340975,0.54745749,2.5038047
0.78775175,1.9790706,0.53789629,0.034334371,0.040684083,0.092029066,0.013555345,0.58800217,2.3900134
0.78507826,1.9232667,0.56143575,0.037406159,0.023910475,0.086608012,0.013929688,0.64984903,2.4029566
0.79907222,2.0676871,0.56577686,0.032840098,0.017425659,0.084601286,0.010810029,0.68522688,2.4927981
0.83217055,1.6314477,0.51959791,0.03493619,0.030472364,0.083470503,0.010207699,0.68356949,2.4237767
0.80716178,1.5355412,0.50057314,0.042998314,0.018988107,0.071615658,0.010287001,0.61300071,2.2800747
0.8081078,2.0162017,0.53808775,0.029963518,0.01926901,0.090647671,0.01740619,0.57975736,2.4709555
0.84173551,1.3889475,0.46935713,0.037056733,0.016808767,0.067527275,0.010040328,0.56368746,2.3259676
0.81093239,2.0961971,0.53498388,0.039584593,0.025808972,0.097164212,0.013822048,0.5910034,2.4340697
0.82680402,2.2941018,0.53776742,0.036311206,0.026511145,0.098280203,0.010605435,0.58717573,2.5235811
0.86615187,1.9217204,0.44528383,0.035441281,0.026036064,0.068266077,0.01017344,0.62093067,2.4050819
0.84957054,1.588242,0.45219576,0.046763749,0.013534708,0.098798397,0.016590043,0.46284693,2.297138
0.84712238,1.8444515,0.46980929,0.026502152,0.014146303,0.099506348,0.011601451,0.56915289,2.4367791
0.83850529,2.1321658,0.44934097,0.030669116,0.013046163,0.099130841,0.016385507,0.66188873,2.3865479
0.81997618,1.8463054,0.57095174,0.035805139,0.02152104,0.099753311,0.010572438,0.58800852,2.5092574
0.8271322,1.6147243,0.54582683,0.036356736,0.020008412,0.099054626,0.010922919,0.5439317,2.4473461
0.80692688,1.712078,0.467375,0.040728782,0.019940714,0.078987643,0.010704163,0.62788357,2.2542696
0.79816852,1.9353818,0.55235863,0.023977458,0.016857526,0.090808127,0.012545226,0.55328399,2.4931997
0.79340364,1.7130155,0.54560238,0.035062976,0.020311142,0.076678178,0.010333164,0.68936971,2.3788458
0.82227892,1.5800201,0.53756925,0.035403937,0.02014979,0.070280573,0.010478673,0.66284566,2.4205469
0.83830586,1.8634044,0.48722853,0.033711468,0.011151436,0.090496269,0.011913916,0.52146772,2.4148124
0.85412868,1.8084891,0.37885415,0.031398701,0.012881519,0.085034191,0.011978578,0.50751252,2.2624163
0.78854013,1.7941596,0.64942199,0.040608254,0.010258501,0.067029394,0.010069542,0.61729448,2.5324612
0.76331268,2.0342276,0.5326517,0.01737866,0.013588861,0.058777256,0.011392811,0.6779951,2.4105427
0.85671973,1.295994,0.44531299,0.05330206,0.041838291,0.096402028,0.010628188,0.53541493,2.251974
0.85566001,1.3027734,0.42979621,0.05099948,0.040550619,0.095429066,0.010543376,0.52727999,2.2360124
0.78803762,2.1823331,0.55452133,0.028211718,0.011088834,0.073992715,0.010583366,0.58478907,2.483224
0.84580409,1.1598531,0.46111793,0.047224601,0.012868906,0.089638398,0.015529439,0.59695549,2.2590243
0.84939521,2.1865338,0.46247474,0.03372721,0.012119345,0.074343998,0.010530114,0.49003006,2.430957
0.83389775,1.0978519,0.47308688,0.035502241,0.027151574,0.084653371,0.012012224,0.64808809,2.2887507
0.80695528,1.7633761,0.58155654,0.035143647,0.026065408,0.095462164,0.01323096,0.63855426,2.4853084
0.81090729,2.0742415,0.43887028,0.029263885,0.010449877,0.070677893,0.010559008,0.51020245,2.2983271
0.77578154,1.2109474,0.60334156,0.044611838,0.012087942,0.056933011,0.012610142,0.49980171,2.3058741
0.81002302,2.4000664,0.60418345,0.028039836,0.019762579,0.094566361,0.011215371,0.76206288,2.6815423
0.79486435,1.3974221,0.42548495,0.047866349,0.019433263,0.05095174,0.013608384,0.42126571,2.1041903
0.81417259,2.1683388,0.58257848,0.026913129,0.016474946,0.09615361,0.011753753,0.84234146,2.6159346
0.78414941,1.4088611,0.48201774,0.035227075,0.019427961,0.06399617,0.012337444,0.42112003,2.2117336
0.79169764,1.8591149,0.52393047,0.034346271,0.013729026,0.073379669,0.012766231,0.57353621,2.3588953
0.81635406,1.7180533,0.55051917,0.036556557,0.025024648,0.088489967,0.010337394,0.63349172,2.440581
0.8277323,1.7037147,0.52233328,0.028348412,0.016866208,0.074969572,0.010476139,0.59826842,2.4593532
0.84087458,1.7832158,0.55305125,0.040474104,0.015344155,0.080865393,0.014744173,0.63158287,2.4977673
0.83759352,1.6488075,0.50387004,0.036011798,0.011786293,0.08058997,0.012258358,0.56759196,2.4070746
0.84329893,1.7961364,0.55054765,0.03139066,0.019939535,0.091705494,0.011687648,0.51213371,2.5493165
0.83063958,1.4377195,0.44985016,0.043502615,0.017260002,0.093629517,0.013146234,0.54428377,2.246155
0.81225556,1.6389383,0.58450759,0.026077742,0.017948285,0.073818317,0.011520134,0.61202382,2.5360989
0.82379596,1.8654156,0.48152162,0.040231042,0.030628553,0.081493046,0.013735067,0.57916817,2.3386212
0.79672288,2.0095865,0.59800826,0.030201092,0.010438636,0.085035294,0.011133568,0.69869009,2.554997
0.76859791,1.6950378,0.60822858,0.023993553,0.041498353,0.077815509,0.012939933,0.63147973,2.4809699
0.7867347,1.7277621,0.56985382,0.02521825,0.013567725,0.084273388,0.01163772,0.62370178,2.4580954
0.80680689,1.5231002,0.45442998,0.048975009,0.02468672,0.070376402,0.013019771,0.45221762,2.1825296
0.81267186,1.891359,0.56136727,0.025632353,0.019519195,0.083420017,0.010195744,0.62413457,2.5341245
0.83770371,1.4520595,0.42950156,0.032119566,0.020276272,0.067296554,0.013585291,0.53768308,2.2774442
0.843723,1.807399,0.4719827,0.039753121,0.012695487,0.085021086,0.011575715,0.65552854,2.3672604
0.8210028,1.9550823,0.49309026,0.01858032,0.010638082,0.078046877,0.010322602,0.65537759,2.4676399
0.83630335,1.618407,0.49136087,0.021985082,0.011032551,0.086632839,0.010385364,0.65427837,2.4460936
0.83398681,1.7625528,0.48035437,0.019599356,0.011641289,0.074780875,0.010648701,0.64800433,2.4481067
0.82070645,1.5341261,0.46442263,0.019388568,0.018722806,0.089310959,0.016969194,0.48937322,2.3591883
0.82916577,1.9002428,0.42821122,0.031303384,0.038802118,0.087171702,0.011041878,0.52254283,2.2984927
0.82814132,1.8911837,0.45483157,0.029926492,0.035687634,0.080721409,0.010700667,0.5342877,2.3498079
0.8209358,1.3908869,0.52755061,0.033414468,0.018729986,0.086058907,0.014073134,0.4671066,2.3853259
0.79027304,1.1781949,0.56784905,0.036200556,0.018901052,0.079709091,0.014823531,0.51288736,2.327026
0.80198021,1.2010357,0.56691612,0.037433727,0.017908017,0.083887357,0.012902955,0.58729066,2.3536652
0.80139441,1.2008557,0.57510128,0.035327211,0.020480329,0.079280457,0.01219718,0.56625315,2.3751975
0.84274599,2.351069,0.44426923,0.028574459,0.019969294,0.080768374,0.01158583,0.63489328,2.4187668
0.79629043,1.5033397,0.64011969,0.037819475,0.020068459,0.082805138,0.016750126,0.51389231,2.5019858
0.763586,1.9937602,0.62147286,0.034610238,0.027587122,0.08587908,0.010626275,0.6528536,2.4822079
0.85930421,1.5794187,0.3711395,0.041507718,0.010555912,0.063868967,0.017085672,0.5867517,2.209511
0.85454317,1.6739986,0.44342302,0.033563919,0.010869057,0.084945888,0.01076005,0.55958553,2.3573441
0.84058372,1.9921714,0.51122502,0.0469122,0.031660711,0.080092489,0.010051783,0.55498743,2.4174186
0.8479664,2.0155921,0.50549959,0.042809285,0.024786037,0.077175151,0.010039795,0.60983841,2.4474638
0.81098826,1.6749104,0.53929021,0.028967911,0.01055649,0.073968318,0.010515345,0.64151268,2.4393532
0.82193117,1.5476372,0.49737771,0.030238987,0.02113094,0.079251422,0.010503873,0.57326115,2.3710899
0.82002826,2.1224558,0.4578934,0.023145236,0.023686083,0.093468826,0.010513519,0.58637375,2.3908462
0.81592357,1.3699687,0.50422818,0.019639933,0.02314332,0.070786466,0.011723445,0.50185083,2.3977168
0.81628309,1.2454511,0.50597023,0.019776777,0.02190979,0.073211097,0.011551646,0.51150019,2.3856107
0.7961015,2.3495009,0.53284961,0.031644891,0.021570836,0.073323136,0.012182531,0.63243524,2.4659193
0.86426859,1.1236603,0.44234602,0.038355982,0.018170726,0.078876921,0.013359319,0.52239795,2.3080253
0.80108265,2.3998223,0.55488296,0.033242969,0.018491366,0.06691316,0.010119794,0.61178723,2.5227441
0.8236276,1.414022,0.48356552,0.035365916,0.031961513,0.067852595,0.010543247,0.49073293,2.3136544
0.82266102,1.4279903,0.57996195,0.025971581,0.015417881,0.086662822,0.011576449,0.47301523,2.5241515
0.81955855,1.531085,0.54855506,0.027094741,0.01388868,0.088109559,0.010874592,0.48055881,2.4687264
0.82652934,1.8580544,0.43956259,0.042660107,0.025533671,0.071247157,0.01255441,0.73066832,2.2620604
0.83909927,2.0036915,0.47646483,0.043636665,0.014371634,0.074526918,0.010613509,0.72056519,2.3675661
0.8369265,1.7567496,0.51531823,0.036570491,0.017382729,0.081906408,0.010402781,0.58368568,2.435992
0.83411271,1.9066813,0.48603838,0.033311873,0.024392019,0.081716352,0.010316692,0.66485196,2.4088085
0.82025114,2.0442447,0.48691411,0.041844129,0.016080867,0.072530854,0.010042215,0.54615303,2.3520495
0.82418372,2.0393221,0.4698122,0.05179424,0.014609718,0.069608009,0.010028113,0.56760212,2.2889365
0.8281799,1.6616198,0.46577625,0.044487325,0.019688658,0.061618628,0.010126846,0.5142909,2.2833388
0.79685316,1.9178697,0.53917663,0.031631307,0.018707226,0.093435825,0.010348169,0.56872391,2.421429
0.82489455,2.0018086,0.56171248,0.032462633,0.020478414,0.066697733,0.011945018,0.4841788,2.5456528
0.797389,2.0764091,0.54404062,0.044905037,0.015459695,0.097505161,0.014697383,0.4923094,2.3876066
0.82847606,1.6210794,0.45944818,0.02641494,0.015904923,0.067471753,0.011931381,0.54044209,2.3468361
0.80874594,1.8501748,0.57080125,0.049393726,0.022983577,0.085267097,0.01243023,0.64355781,2.4109121
0.80268457,1.7766226,0.56507611,0.040102818,0.016613477,0.081016719,0.013928467,0.67529223,2.4208561
0.78200646,1.8877897,0.54969646,0.029395028,0.014462889,0.070565843,0.010930779,0.56642911,2.4092253
0.81467009,1.6531596,0.57114401,0.037024544,0.018423638,0.088835352,0.010790977,0.70675764,2.4608731
0.78418721,2.1023213,0.55935224,0.036258512,0.015627997,0.088845929,0.014649503,0.58341338,2.4283445
0.83399341,1.4878725,0.53020408,0.030372677,0.011112721,0.091385282,0.010462684,0.62769078,2.4514906
0.80613383,1.936667,0.46058226,0.046485763,0.036866811,0.086401905,0.012269181,0.54910216,2.2404862
0.81750793,1.9227661,0.44411705,0.039576779,0.048082338,0.09033592,0.01215526,0.54543038,2.2663802
0.79591105,1.5288474,0.5648466,0.027887351,0.01073712,0.074388952,0.011749884,0.57836495,2.4298137
0.8044274,1.9357709,0.49217989,0.032167415,0.030977329,0.077717161,0.01211538,0.62348587,2.353531
0.82547471,1.9484677,0.42245101,0.035928907,0.013918317,0.066091191,0.012246909,0.58766256,2.2646805
0.81515038,1.6784222,0.54021827,0.03934322,0.016517749,0.076368079,0.010571179,0.59487923,2.400303
0.82839304,1.9260382,0.44633618,0.046611509,0.012964023,0.08446494,0.016900523,0.50402173,2.2688141
0.83134795,1.7588522,0.438527,0.048114138,0.01578286,0.055076272,0.015480319,0.49195599,2.2417827
0.81716699,1.9260269,0.55914944,0.05232252,0.016589892,0.085847858,0.016063716,0.55537896,2.4088158
0.8235363,1.910422,0.48105535,0.030667629,0.01849779,0.075819893,0.010835577,0.55210116,2.3855963
0.80368916,1.578099,0.52257216,0.035163451,0.013011679,0.075473881,0.010812243,0.60074605,2.3477588
0.83639019,1.8383099,0.50172617,0.04180429,0.016565433,0.06807905,0.01071673,0.56798102,2.395494
0.84757626,1.7668872,0.48979929,0.037135411,0.017053811,0.095724561,0.011835025,0.66714969,2.4158762
0.8154122,1.6926415,0.52801263,0.034661956,0.010212496,0.065879623,0.012323682,0.4642681,2.4044419
0.80154957,1.643836,0.51628738,0.037830941,0.010248172,0.064092309,0.011294436,0.47169515,2.3274211
0.79950324,1.7480033,0.46515108,0.040066982,0.025216633,0.095538873,0.010296719,0.65262202,2.2386645
0.82589523,1.4931438,0.41914085,0.04500465,0.012942435,0.071773159,0.01001733,0.48307685,2.1868043
0.81381712,1.9342068,0.46287603,0.033790355,0.029945349,0.098498386,0.014473176,0.68423561,2.3161257
0.83165409,1.6279493,0.52482376,0.031208431,0.036122535,0.094111922,0.010550032,0.5917096,2.4497709
0.8322288,1.6331619,0.52843684,0.030898607,0.038386121,0.089835242,0.011104618,0.56899557,2.4600037
0.79487913,1.8477635,0.48151502,0.030980587,0.0116701,0.039831719,0.01091983,0.5085576,2.305196
0.83965741,1.8672762,0.5142613,0.041131291,0.011791504,0.094547676,0.012278819,0.52232612,2.4326221
0.8185322,1.6997435,0.46942667,0.034613455,0.056273395,0.099705975,0.01104287,0.54982324,2.3111991
0.84672509,2.0350756,0.48560098,0.038298954,0.011085021,0.070887227,0.013108273,0.64023304,2.4308449
0.83489023,2.0979584,0.4528947,0.038088704,0.010442092,0.076468032,0.010694792,0.58707353,2.3481196
0.8381187,1.9471018,0.50599571,0.038166483,0.010796304,0.080204167,0.010548265,0.54225276,2.4375207
0.83722676,1.6513708,0.57637996,0.028205653,0.021223408,0.096361519,0.011012911,0.51265919,2.5784174
0.83497874,1.6608104,0.58510961,0.024431974,0.019292249,0.093474988,0.011047081,0.5668756,2.6123251
0.79929777,2.2140179,0.53180458,0.044904696,0.031761938,0.061336563,0.011102528,0.72387318,2.3881589
0.84390515,1.5439598,0.52947198,0.022728374,0.013053647,0.07801997,0.012252198,0.47180139,2.5239399
0.79398807,1.4539704,0.46121651,0.044001117,0.013112495,0.079266541,0.012704585,0.53010738,2.1737294
0.80319719,1.7529383,0.48233131,0.033439273,0.011412445,0.055879844,0.01512744,0.57739152,2.3060219
0.82128459,1.4889094,0.43869187,0.035640052,0.01273873,0.085409157,0.01598194,0.56742886,2.2414094
0.82189877,1.4841843,0.461176,0.031658634,0.012907359,0.086832708,0.013232925,0.56917648,2.2959423
0.81044257,1.6319871,0.49570942,0.025346436,0.022611965,0.088015797,0.016691958,0.58153125,2.3718836
0.82258986,1.4999216,0.52922,0.028789632,0.023195887,0.073449453,0.013826891,0.56301361,2.4294997
0.82185066,1.3585347,0.52325905,0.029026707,0.03393263,0.089996851,0.013590079,0.66300526,2.3978722
0.79881545,1.6293084,0.47490783,0.023704606,0.014798231,0.060852077,0.010309616,0.53390307,2.3120758
0.79934511,1.4255444,0.56952671,0.029445745,0.031351824,0.079609988,0.010313832,0.4473275,2.4237199
0.85036385,1.9021159,0.47493967,0.035742202,0.012068119,0.092462071,0.010098244,0.58293465,2.4173269
0.81793982,1.3541792,0.49170683,0.037985557,0.020740499,0.081612107,0.012214743,0.69439594,2.2943079
0.81386122,1.9319699,0.52327888,0.040991196,0.013112245,0.079992991,0.013050205,0.47224271,2.3920424
0.81226369,1.6087694,0.52764647,0.028561961,0.031683626,0.079863209,0.010244808,0.66067532,2.4150307
0.80116451,2.1313241,0.53255186,0.03877664,0.011716128,0.081876912,0.010507769,0.56594301,2.4130629
0.80496204,2.2541811,0.53333152,0.037100502,0.010525372,0.056664582,0.010201394,0.60973927,2.4489748
0.83545455,1.4679592,0.56935656,0.039022137,0.023467474,0.092899805,0.016035888,0.66979567,2.475374
0.82352483,1.3922008,0.53719392,0.037955314,0.029981249,0.098704469,0.012505112,0.68700106,2.3861231
0.83334743,1.5506246,0.45288716,0.036097026,0.012292185,0.056945314,0.010777654,0.46889442,2.2984537
0.83025773,1.9180519,0.53456426,0.041679287,0.032645149,0.096219866,0.01219322,0.67211256,2.449069
0.8129242,1.743891,0.47134423,0.026132401,0.017546468,0.065072418,0.010269273,0.47692199,2.3432589
0.8109131,1.8464401,0.58814731,0.044544993,0.019682743,0.073690806,0.011159233,0.78944013,2.4704569
0.80406219,2.0657951,0.54263809,0.028839277,0.036555661,0.095062777,0.014326831,0.53329785,2.4820152
0.81818685,2.0494653,0.44742383,0.041233492,0.026801314,0.098527674,0.013285985,0.58694293,2.2793301
0.83250045,2.0251338,0.49727452,0.036941389,0.02928643,0.097494053,0.016250306,0.62430251,2.4222012
0.80482764,1.398541,0.48016042,0.039191117,0.011558411,0.061998366,0.010193955,0.50389468,2.2430537
0.81210471,2.1091272,0.54965653,0.036420959,0.014722547,0.098828427,0.016132968,0.68482195,2.4828384
0.76773248,1.7918408,0.59975024,0.014853374,0.031011178,0.098063399,0.010607928,0.61413487,2.5329256
0.76503474,1.77931,0.60044312,0.014737736,0.029230136,0.098500048,0.010606024,0.61453454,2.5252297
0.84084183,1.6260194,0.53682203,0.015990138,0.020984084,0.099267595,0.011699316,0.79345468,2.5788841
0.81158108,1.2933777,0.48551201,0.044785857,0.017722034,0.096445071,0.011123986,0.56057051,2.233814
0.82585055,1.3885057,0.47393584,0.027091919,0.014369542,0.089094677,0.012270416,0.43344848,2.3375221
0.81960595,1.8927343,0.50553819,0.046832129,0.019281083,0.087997222,0.010670358,0.65179125,2.3438286
0.82154995,1.5985513,0.46151221,0.030541299,0.01729309,0.088316264,0.014365055,0.49363204,2.3122848
0.81959778,1.8184428,0.51680914,0.051308388,0.020063525,0.083849582,0.010717302,0.62962298,2.3343793
0.82304235,1.7824556,0.45542357,0.023466441,0.02002252,0.072286276,0.010901896,0.58233921,2.3560701
0.81077232,1.7521975,0.60643118,0.044972312,0.022290737,0.07834713,0.012598992,0.59447459,2.4853318
0.85611718,1.9258672,0.50397682,0.023150995,0.014955277,0.092421306,0.014034108,0.4859873,2.5537263
0.82614662,1.9590647,0.47570298,0.02341053,0.015977336,0.088474094,0.01243195,0.44633845,2.4223853
0.85695017,1.6002397,0.47927047,0.049189524,0.021373813,0.064033944,0.012698166,0.59905344,2.3498587
0.82416541,1.795845,0.54300131,0.022729741,0.011640641,0.072249085,0.013607413,0.55766391,2.5315969
0.84700367,1.6947531,0.4965066,0.047307458,0.016167989,0.058176408,0.013186137,0.54740886,2.371898
0.8334903,1.8151853,0.56192145,0.025307369,0.027056631,0.092556908,0.011324545,0.56756531,2.5818169
0.83252152,1.6618887,0.54794583,0.025542048,0.030597949,0.091120972,0.011736902,0.56203149,2.5289585
0.83126333,1.6342859,0.46328906,0.023851565,0.016782438,0.098658352,0.011677535,0.63519591,2.3740242
0.79874897,2.1406374,0.57701817,0.023495835,0.022094186,0.098944484,0.010107494,0.7807672,2.5783254
0.79034324,2.4301701,0.58554445,0.023566554,0.019666576,0.093349513,0.010269036,0.76658847,2.6195259
0.79622823,2.4155897,0.53610117,0.021865578,0.024465142,0.087558641,0.010314449,0.80771793,2.5353354
0.80034027,1.2664393,0.64290355,0.026204308,0.017805328,0.098921956,0.012442226,0.51217177,2.5435925
0.80527739,1.3269973,0.60681157,0.01499731,0.023777609,0.097277076,0.012152385,0.80798394,2.5728322
0.79191098,2.3019443,0.48617405,0.012533474,0.02488919,0.067812399,0.013102811,0.47299871,2.4514964
0.84022885,1.0756564,0.49540556,0.033484217,0.015115546,0.098645558,0.011282128,0.6929277,2.3453095
0.82674623,1.4159301,0.50319007,0.031671556,0.020406624,0.096633176,0.010358724,0.64082492,2.3710717
0.81706958,1.4110369,0.50560042,0.035784793,0.017050263,0.097175226,0.010374992,0.6364128,2.3306575
0.85369886,1.9366768,0.49625538,0.026253973,0.011931554,0.074418834,0.014802976,0.65752711,2.5169318
0.80915901,1.8115764,0.5033473,0.03542933,0.015335352,0.087310099,0.011096271,0.54470779,2.3558743
0.81586215,1.8330514,0.45142966,0.034232011,0.018263187,0.086273976,0.025781882,0.55792709,2.2884866
0.82499559,1.8334872,0.46923101,0.026270038,0.022635617,0.082582926,0.010661222,0.55191705,2.3792908
0.80448302,1.7303537,0.46773865,0.036736723,0.020551733,0.062731499,0.013382196,0.48864715,2.2673643
0.80892653,1.7379179,0.55905589,0.039811089,0.015489914,0.064521142,0.010554817,0.53321831,2.422586
0.80384604,1.8774197,0.56493793,0.038008348,0.011419711,0.079078362,0.010666288,0.58635361,2.4487634
0.79345542,1.9266942,0.51301118,0.024903488,0.012701918,0.081579606,0.014888017,0.62480324,2.3984499
0.7952164,1.7666885,0.57594286,0.0481512,0.027329495,0.083586848,0.010322856,0.58004521,2.3789859
0.846132,1.7519426,0.47531331,0.028667478,0.014050302,0.092355951,0.01517751,0.5476621,2.4240736
0.80495343,1.790658,0.54539327,0.032377243,0.021589214,0.08441908,0.010348364,0.57469741,2.4328599
0.79581802,1.9184629,0.55685769,0.037559847,0.015920867,0.077280395,0.013465431,0.68762703,2.4212465
0.79637991,1.63017,0.54751784,0.029212192,0.025845443,0.085852786,0.010795997,0.53603836,2.4080763
0.83382684,1.9722286,0.54243233,0.036526885,0.011361167,0.07975421,0.011828874,0.61243723,2.5060963
0.86359125,1.2213818,0.47534006,0.029836639,0.029074379,0.085274414,0.010208128,0.56248423,2.4052981
0.85097194,1.3884044,0.47096632,0.035186693,0.024452846,0.087612706,0.010349849,0.61493798,2.3597516
0.86815154,1.3227475,0.4729524,0.037452215,0.027709885,0.083864375,0.010384392,0.59979493,2.3890974
0.85109097,1.2081335,0.45047478,0.042173464,0.021014848,0.082387261,0.010281325,0.66504354,2.280659
0.80748747,1.5836176,0.45290876,0.03709085,0.015770727,0.056711735,0.014241366,0.54627138,2.2337844
0.80209023,1.2911754,0.45640698,0.037541495,0.012672949,0.065702024,0.011580382,0.45312288,2.1954939
0.80555276,2.1417468,0.52991927,0.037774109,0.029451422,0.092512265,0.010065689,0.76571857,2.4256556
0.78254451,1.8084125,0.60338979,0.033729291,0.011623318,0.0768253,0.025584981,0.56738836,2.4742321
0.77730094,2.0018431,0.53331027,0.032200651,0.027297572,0.069480445,0.010053002,0.62241196,2.3679509
0.79947934,1.7119968,0.60748699,0.048131946,0.0298889,0.080937793,0.010176132,0.64217182,2.4347476
0.81291894,1.5602753,0.61312599,0.030928245,0.026762151,0.097001942,0.013824806,0.65008021,2.549482
0.82928394,2.0048843,0.44935414,0.038183126,0.021980524,0.06899778,0.011254384,0.55713309,2.3182197
0.80982256,1.585854,0.54759365,0.057552221,0.024798362,0.086812166,0.02015432,0.57230852,2.3031617
0.81767121,1.7979747,0.48982852,0.036417698,0.019494539,0.098896114,0.017509459,0.46379045,2.3473952
0.83821571,1.4301266,0.52236667,0.036725103,0.018909424,0.087907201,0.010585019,0.72902414,2.4102942
0.82114288,2.0379787,0.51857511,0.038271062,0.011499021,0.061862575,0.012167603,0.43372623,2.4283906
0.85587886,1.2307938,0.40013077,0.033108395,0.023887454,0.096990397,0.011585422,0.58775895,2.2517707
0.77625356,1.9145379,0.56109332,0.034271546,0.01067831,0.072520342,0.010957442,0.57974712,2.3938073
0.84280323,1.8387702,0.48923288,0.038363628,0.015425736,0.089159616,0.014403065,0.58769035,2.4052808
0.84365806,2.3210322,0.43797703,0.043621638,0.015434662,0.078975087,0.010263776,0.5872475,2.3399056
0.84128239,2.1404723,0.4705257,0.043078479,0.02181409,0.077012779,0.010201545,0.67205764,2.379101
0.80090234,1.3779801,0.48053713,0.032208783,0.017819784,0.082102741,0.010230428,0.61854942,2.261157
0.85997704,1.3598883,0.50173758,0.033257103,0.043350668,0.095713962,0.010022065,0.63960203,2.4396865
0.84527455,1.7657102,0.51412059,0.048033179,0.014983263,0.099596842,0.010076381,0.64015864,2.4021252
0.84746946,1.8241661,0.5130736,0.039077541,0.013310577,0.099802118,0.010596349,0.60697824,2.4549149
0.83408796,1.8381487,0.49950288,0.032578166,0.013335967,0.099763896,0.01032998,0.57500485,2.4292195
0.83248649,1.6024292,0.50406202,0.029197387,0.013355854,0.099666833,0.010392576,0.59695638,2.4216005
0.86276914,1.897697,0.52511891,0.034712725,0.012764293,0.099237498,0.010161504,0.66362102,2.5476607
0.79775862,1.68934,0.5763324,0.040316025,0.015586055,0.098918069,0.020214955,0.6761013,2.4137775
0.82418356,1.9350105,0.42205714,0.039508342,0.010565632,0.061935243,0.010152524,0.44779145,2.2456313
0.8321925,1.7712071,0.44511382,0.04097811,0.012861719,0.064968848,0.010829377,0.43732416,2.283794
0.79355202,1.7070337,0.56687562,0.029487939,0.020874372,0.091341632,0.014344839,0.78087096,2.4448213
0.79812537,2.1231618,0.56975925,0.026616885,0.016375415,0.09548357,0.010834178,0.7081012,2.5409777
0.78764495,1.9316857,0.57029508,0.025606677,0.042123207,0.094118362,0.011699327,0.77637193,2.490217
0.83647323,1.6859007,0.45359289,0.045209602,0.022781743,0.088374003,0.011178967,0.65789921,2.2831494
0.81560558,1.5563373,0.49964152,0.033711624,0.014430562,0.087247375,0.011834688,0.49260142,2.3436033
0.82642858,1.4371686,0.52043976,0.043617126,0.011712735,0.053727825,0.010989988,0.55085386,2.3458634
0.7944691,1.0647565,0.49863983,0.037169311,0.011966393,0.078131903,0.01163689,0.6368213,2.2165155
0.82149897,1.7590883,0.55475472,0.039237593,0.02323549,0.097022227,0.011777767,0.62314053,2.4535449
0.82540645,1.8288219,0.45994845,0.034494055,0.012245737,0.055516591,0.012966427,0.55270166,2.3257214
0.80062616,1.705541,0.49158722,0.035472013,0.011847222,0.072528731,0.010591642,0.57146804,2.3011155
0.83185519,1.7609304,0.48959225,0.030369413,0.010633836,0.095591058,0.014511489,0.56336824,2.4068764
0.82641507,1.6640165,0.47380967,0.049297166,0.032704771,0.069106858,0.010565713,0.54938671,2.272695
0.79931932,1.5003404,0.49662257,0.050069189,0.023470211,0.082934086,0.012620444,0.4801471,2.2211472
0.8295529,1.8181163,0.48692533,0.030900143,0.015859776,0.069731164,0.010014699,0.8441431,2.4001676
0.83042028,1.718159,0.46884434,0.032514481,0.021409484,0.087663669,0.0157983,0.48023919,2.3512161
0.81270335,1.5903821,0.51281219,0.043892051,0.019307737,0.07970926,0.010351102,0.64293922,2.3161395
0.84846966,1.7659434,0.44793684,0.034702477,0.012365912,0.093793842,0.014934153,0.53109959,2.3543253
0.78810769,1.9726683,0.56056228,0.035038437,0.01035256,0.061559144,0.011054754,0.65475908,2.4284899
0.86849537,1.3882191,0.44093829,0.045481499,0.03506987,0.083699384,0.011298385,0.49013052,2.3117416
0.86983777,1.3807634,0.44055464,0.045333655,0.035728743,0.078022694,0.011403283,0.48979971,2.3142957
0.84569947,1.6229637,0.50412131,0.034567801,0.010901816,0.086504282,0.013138891,0.46477023,2.4320056
0.78932064,2.0364302,0.55906312,0.025034838,0.035535895,0.087803531,0.010435049,0.66773599,2.4916566
0.82014982,1.6148036,0.51581647,0.03800679,0.012546963,0.083100989,0.014485564,0.54630514,2.3697172
0.86415775,1.6500196,0.4176924,0.041884206,0.022877356,0.078873535,0.010903884,0.55575274,2.3006656
0.85999039,1.8733526,0.48003438,0.045130593,0.019893808,0.09384602,0.012951362,0.70464866,2.4048846
0.79211901,1.493256,0.50606697,0.035868599,0.021435271,0.060335357,0.011153658,0.46919139,2.277145
0.84290384,1.8681724,0.5005362,0.028500952,0.017553109,0.092172867,0.011585985,0.68923798,2.4776067
0.79033427,1.733943,0.55706936,0.037016038,0.026802407,0.065820136,0.013264681,0.49825073,2.3840382
0.84636976,1.5950098,0.46671865,0.03181941,0.017167618,0.081403639,0.01095561,0.66825999,2.3776522
0.80273619,1.7636425,0.54353654,0.037966842,0.026248851,0.095378707,0.014028654,0.50878795,2.3920679
0.79769696,1.7501576,0.56932085,0.052119801,0.027031606,0.074929046,0.012535744,0.51818529,2.3532171
0.82651789,1.8343124,0.54567132,0.032685793,0.019596464,0.097841694,0.015921317,0.6141133,2.4943693
0.80796533,1.7545591,0.45231698,0.032983301,0.01493424,0.079728158,0.01061651,0.57421067,2.2678596
0.80993581,1.3793067,0.52587575,0.026626856,0.022814478,0.084169684,0.014651404,0.53573162,2.3856208
0.82719175,1.263587,0.52068247,0.031104353,0.01532966,0.090140053,0.012320388,0.5916179,2.385381
0.81207226,2.2531047,0.48705288,0.041927261,0.01929987,0.066805375,0.012964777,0.56454198,2.3550926
0.83937396,1.2191318,0.51937137,0.027704164,0.021233814,0.094770851,0.012433594,0.61177565,2.4261354
0.76887628,2.1811994,0.45868485,0.021419509,0.015983832,0.059006593,0.011422471,0.42777416,2.2766352
0.77693663,1.5756588,0.61558821,0.021952082,0.017487183,0.080738186,0.013024223,0.71785038,2.5093329
0.78781333,2.1182949,0.47145797,0.039566141,0.011618741,0.056542606,0.012131737,0.57748967,2.2616695
0.81726727,1.4569674,0.59686485,0.032535977,0.020283523,0.099620579,0.011226894,0.61704466,2.5069364
0.80351578,1.7200073,0.54752066,0.040207049,0.042652757,0.0998697,0.011233596,0.74947589,2.3841896
0.83890218,1.7797245,0.40446288,0.035825168,0.010677516,0.063484452,0.012464456,0.46695525,2.2516934
0.8331965,1.9520844,0.53589562,0.037414366,0.010128919,0.089346851,0.013056261,0.58515719,2.4848822
0.83700262,1.9518715,0.54754403,0.036524329,0.010160174,0.087983818,0.013512186,0.57024422,2.5212662
0.83658078,1.5884597,0.45214868,0.03851866,0.016180517,0.072724032,0.01127711,0.57434188,2.2988301
0.77958456,1.9264931,0.56258497,0.036839038,0.022912179,0.076642617,0.014632441,0.66563479,2.3939779
0.77704123,1.936495,0.49264597,0.025287124,0.021813463,0.061548604,0.011567371,0.48874296,2.3165962
0.83505045,1.5504526,0.57174029,0.045079617,0.022102448,0.08776108,0.014782579,0.6411105,2.4591409
0.78057681,1.5470025,0.55723851,0.031910536,0.011960768,0.064997633,0.010564286,0.53835556,2.3577384
0.84572575,1.7610911,0.47668891,0.044189801,0.021232857,0.080291103,0.010600979,0.60868924,2.3561399
0.80580685,1.7576832,0.54539928,0.033548824,0.014394424,0.077949172,0.010894754,0.61712733,2.4245964
0.79568544,1.7524117,0.53894833,0.033778553,0.015387026,0.06855716,0.01084047,0.63847119,2.3847698
0.83635603,1.5926503,0.47792346,0.039180748,0.015481179,0.082150713,0.013315386,0.50435002,2.3388564
0.83847301,1.4952684,0.51424167,0.037921219,0.019746694,0.083151279,0.01068223,0.5860706,2.3996685
0.78901527,1.587024,0.55179099,0.027569097,0.02823637,0.083145598,0.012028715,0.5534751,2.3984681
0.8689948,1.7897691,0.45435035,0.048873013,0.012064312,0.08383721,0.01020497,0.55989314,2.358266
0.77347539,1.8022107,0.54480322,0.028034269,0.01170342,0.080958043,0.022314256,0.56647698,2.3725534
0.82855942,1.8366569,0.51412517,0.043174224,0.021326776,0.096286897,0.010000284,0.63957899,2.3910378
0.83331141,1.5079737,0.48006858,0.029909388,0.021358015,0.099204625,0.010067175,0.56258857,2.3672096
0.81649583,2.1077618,0.51262602,0.043797577,0.025964326,0.088817774,0.017184095,0.57669526,2.3879867
0.83632557,1.1253274,0.49738174,0.034976788,0.01090267,0.080265685,0.010189202,0.5515189,2.3373035
0.7923889,2.4826743,0.54371204,0.03196823,0.030505415,0.091719866,0.016835432,0.60334882,2.4954535
0.80408012,1.6007697,0.56236294,0.025746698,0.017581247,0.06661209,0.010355664,0.72672025,2.469382
0.79420709,2.3109308,0.62111478,0.03996804,0.023204811,0.080720738,0.010735123,0.59382133,2.5877329
0.82588097,1.5243952,0.46963828,0.029929819,0.017283496,0.083778075,0.011443353,0.54863849,2.3320934
0.82123536,2.0412025,0.58411935,0.039300601,0.019053117,0.083355388,0.010763529,0.60137525,2.5475603
0.81266934,1.8370178,0.53731835,0.038348449,0.031758738,0.093368671,0.01110884,0.594806,2.4146388
0.79250986,2.1372444,0.56077512,0.040747294,0.042650569,0.098392472,0.012871899,0.66414362,2.4348067
0.82132682,1.6509023,0.53114061,0.026677168,0.024860269,0.099389045,0.012051526,0.65679354,2.4604365
0.82755987,1.6339447,0.4831807,0.04947591,0.036497541,0.090982425,0.014898678,0.48310718,2.2865364
0.83121072,1.8438151,0.54403399,0.022920797,0.015531162,0.081334553,0.011680322,0.64519609,2.558218
0.75763266,1.6161649,0.57013436,0.047129793,0.038228766,0.054796271,0.011034582,0.53371951,2.2561565
0.81664759,2.0962124,0.58943123,0.022708126,0.010730768,0.095245562,0.010130628,0.69106645,2.6508439
0.80416738,1.5094792,0.44840044,0.051079283,0.031604379,0.083505282,0.015212705,0.5071667,2.1582111
0.79146877,2.044784,0.620101,0.026193082,0.012015894,0.089194873,0.010274048,0.68105088,2.6142796
0.76872385,1.7208826,0.57574479,0.033503488,0.04352133,0.085534977,0.010268873,0.71449925,2.3754179
0.83299238,1.7851039,0.51592342,0.03397629,0.010312312,0.081451089,0.012165036,0.59171149,2.4432351
0.79343743,1.5880374,0.50738084,0.037444006,0.011977776,0.069664936,0.011291379,0.55714611,2.2869095
0.80886684,2.0509257,0.49008111,0.04361779,0.011883706,0.080912126,0.01150563,0.49117384,2.3223662
0.83697806,1.7330057,0.41231887,0.02727774,0.01513004,0.060155986,0.014756717,0.51908815,2.2906393
0.8157499,1.5975453,0.50988861,0.035565337,0.012318207,0.08847459,0.011424838,0.46947887,2.3577068
0.86136531,1.7667347,0.46546058,0.041171693,0.032930605,0.094223284,0.011625525,0.69917216,2.3890066
0.86038342,1.5846472,0.46197637,0.038860639,0.012997325,0.084419411,0.01100858,0.61248411,2.3721774
0.86407952,1.5251624,0.47825639,0.040767111,0.012498768,0.0785112,0.010788373,0.61636427,2.3942553
0.79558231,1.9145216,0.55260436,0.032101494,0.017714135,0.082497021,0.012888039,0.46405587,2.4402512
0.82017599,1.8408492,0.56786638,0.029068198,0.018745248,0.086638052,0.01086192,0.67862412,2.540072
0.85565847,1.6381386,0.45639516,0.040436112,0.015982102,0.081848747,0.014148585,0.47192523,2.3496661
0.79259604,1.4798369,0.51587652,0.027842027,0.027787345,0.083923318,0.011178559,0.5438287,2.3300762
0.83753036,1.7649654,0.47927652,0.044327616,0.013303801,0.087247586,0.012534456,0.61472156,2.3401422
0.82290158,1.6310296,0.47141033,0.03643541,0.017257738,0.090454145,0.011021907,0.63814144,2.3103361
0.80653788,1.574359,0.57556123,0.016769527,0.016405414,0.08796433,0.01193763,0.56095445,2.547622
0.82184733,1.6272185,0.4516371,0.042190422,0.024973309,0.084255177,0.012354413,0.5806784,2.2507562
0.82796204,1.7421223,0.50889289,0.033757456,0.012805918,0.088566331,0.011020877,0.49346932,2.413363
0.82398576,1.7992726,0.51674913,0.03453815,0.013626629,0.084249394,0.010728954,0.47791689,2.4205837
0.83857365,1.5859366,0.5184198,0.042964782,0.023076037,0.074604817,0.01015117,0.62685335,2.3942822
0.8328688,1.8039056,0.49230891,0.028988201,0.012508022,0.07701048,0.013479554,0.5686595,2.4261591
0.81393081,1.4665575,0.47808063,0.028211167,0.016920512,0.080058952,0.012678974,0.63505171,2.3176228
0.83154176,1.8186941,0.45891278,0.027390363,0.012518047,0.078141218,0.010491228,0.52473555,2.3698568
0.81925739,1.8261472,0.3812745,0.028688408,0.023066112,0.052948065,0.011160634,0.55468295,2.1946671
0.83965964,1.673052,0.52830886,0.032003814,0.010576438,0.093297638,0.016287441,0.50928799,2.478679
0.81225852,1.7921443,0.49550303,0.035203371,0.019303882,0.08403453,0.010721551,0.64729506,2.3485999
0.81697596,1.7787161,0.53527184,0.050826816,0.021023167,0.091173872,0.010863414,0.57494772,2.3556931
0.85311166,1.6637237,0.43081632,0.021343627,0.01046553,0.099354764,0.011886675,0.62042714,2.3838023
0.80441694,1.9462251,0.56202723,0.051145178,0.053171029,0.075338315,0.011343298,0.56725234,2.3898132
0.81732948,1.5221712,0.54090433,0.041160967,0.017355029,0.090128664,0.01178278,0.553993,2.3778013
0.82590994,1.8670755,0.40732599,0.033906636,0.012782457,0.089255147,0.011673079,0.51049865,2.2399446
0.77770805,1.6851525,0.54670156,0.028827679,0.018564767,0.06613517,0.010123708,0.62923653,2.3667989
0.80269739,1.809268,0.49285931,0.050991777,0.025113248,0.075415208,0.0102092,0.58359907,2.2537869
0.80848008,1.6987945,0.57549557,0.025929665,0.015072528,0.089531885,0.010831408,0.59196042,2.519151
0.81101927,1.7170997,0.44763503,0.030544319,0.023367891,0.090485344,0.011137694,0.60170546,2.2738633
0.84339193,2.0667307,0.47965134,0.040789699,0.017100376,0.068725159,0.015031601,0.57633052,2.4034894
0.80498728,1.6822274,0.5544073,0.030137076,0.036550306,0.088412801,0.010533084,0.51954402,2.4457297
0.86263407,1.5937021,0.46803391,0.032913866,0.012527937,0.079100102,0.012046452,0.61355909,2.4156985
0.80264734,1.9443842,0.55857744,0.026737872,0.04430295,0.097492422,0.01346972,0.56845394,2.5034478
0.79640073,1.681765,0.57637976,0.025385641,0.017033489,0.0965883,0.011099031,0.71394569,2.4884527
0.8222134,1.6787656,0.45450895,0.024541529,0.020605166,0.07100269,0.012606364,0.5225437,2.3365711
0.80878854,1.8030056,0.55266599,0.035982452,0.010046711,0.086666144,0.011012321,0.69135798,2.4393491
0.80521875,1.4633143,0.51853718,0.036028559,0.011599592,0.080743449,0.010248338,0.55374792,2.3266243
0.84404992,1.9695634,0.48181909,0.044996345,0.011386534,0.097772011,0.012236793,0.55085947,2.3796847
0.82823876,1.4532535,0.46056761,0.03315985,0.025753845,0.078840932,0.011578145,0.58050974,2.3011969
0.82988461,1.5861245,0.54281227,0.03795794,0.021270319,0.081202777,0.01483551,0.46981774,2.4374163
0.84192039,1.7431638,0.49429446,0.045659376,0.015846005,0.078316911,0.011605259,0.47229839,2.3682459
0.80400161,1.8332909,0.53886037,0.029511765,0.024167626,0.081999956,0.011371338,0.66016914,2.4389415
0.80065413,1.6301093,0.54098982,0.054806139,0.020450246,0.073957243,0.01042501,0.68379779,2.2876721
0.79424121,1.5708918,0.53189313,0.048690904,0.017851209,0.059718267,0.010562188,0.66633605,2.2765858
0.79969822,1.5531533,0.62054226,0.025740234,0.023588291,0.094260344,0.010554692,0.61727334,2.5556044
0.77803786,2.033303,0.5044892,0.035077839,0.012665526,0.082773819,0.014720232,0.58916331,2.3070581
0.80455085,1.3759599,0.5528561,0.034716777,0.01882762,0.084672072,0.010302573,0.66246662,2.3758341
0.81349525,1.6133326,0.53066282,0.025270846,0.043761379,0.094425765,0.010516924,0.61617868,2.4411756
0.81136306,1.9804791,0.53341137,0.045603345,0.010274431,0.052707767,0.010315028,0.53169758,2.3881533
0.78846328,1.8597089,0.54794765,0.044672614,0.010144657,0.070210876,0.01006617,0.53693225,2.3437514
0.81819658,1.5472889,0.46587528,0.035196616,0.046189244,0.098257511,0.017478732,0.63201256,2.2858776
0.81896301,1.4589397,0.45256089,0.033934589,0.015037308,0.094802197,0.011622155,0.54213269,2.262258
0.84204931,1.4747737,0.47273805,0.027960057,0.013652343,0.092439683,0.015055784,0.5951548,2.382086
0.84315935,1.8247858,0.4651515,0.036384068,0.036396298,0.097192347,0.011336623,0.47320572,2.3704486
0.84367239,1.9591473,0.43112944,0.03156817,0.023876629,0.099075316,0.012350172,0.53169667,2.3438685
0.79479441,1.5209386,0.54849557,0.039083643,0.015649259,0.084586378,0.011114042,0.58560013,2.3418126
0.80112875,2.0804825,0.52448159,0.024687647,0.015636918,0.093435902,0.011416532,0.66230018,2.4623517
0.80828486,1.5073108,0.56721395,0.048507778,0.02125961,0.079963301,0.01128041,0.53008795,2.3601184
0.839468,1.9757675,0.49525288,0.025599184,0.015755316,0.094112546,0.011369753,0.58462585,2.4862339
0.79316684,1.6573301,0.5775902,0.025061829,0.012888907,0.062305221,0.010832327,0.59293979,2.4799386
0.81691801,1.4901927,0.44079723,0.024709077,0.01615373,0.081352008,0.01183258,0.55350104,2.2793135
0.81616335,1.9029157,0.4971751,0.015594582,0.013635286,0.098753134,0.010875342,0.58034169,2.4724422
0.82644266,1.6114607,0.5359066,0.049226238,0.011366467,0.080115344,0.015173604,0.53096019,2.3667156
0.812295,1.6445033,0.50108863,0.024758091,0.025297447,0.081480087,0.010756599,0.69199166,2.3908046
0.79681347,1.8251481,0.52972388,0.018637806,0.019085725,0.067707473,0.0104931,0.5708137,2.4589097
0.83072701,2.0044074,0.42618522,0.021122385,0.015751439,0.097051812,0.016506138,0.51920659,2.3522945
0.84159443,1.5795148,0.56058626,0.049148452,0.012313658,0.09334569,0.011390214,0.59215132,2.4414841
0.81569113,1.9569106,0.4340859,0.029080307,0.028686432,0.083282134,0.011606806,0.55779767,2.2906819
0.81122588,1.5309395,0.57807067,0.034350352,0.019001668,0.085095445,0.012852244,0.6595914,2.4598172
0.83509799,1.7747932,0.47093303,0.041055591,0.013950992,0.076374597,0.012068071,0.48625211,2.3349974
0.80142332,1.9043686,0.51251704,0.034322441,0.013003071,0.059868233,0.010358751,0.57031117,2.3691226
0.84974344,1.4835715,0.50003199,0.039818612,0.017976032,0.085053421,0.014689023,0.48055038,2.3943485
0.81810239,2.0115944,0.52686,0.028466109,0.02089915,0.073946964,0.011323448,0.64431044,2.4825346
0.81006462,1.5616322,0.53512343,0.045736876,0.014459544,0.071260338,0.013751256,0.61045045,2.3336554
0.8083856,2.0404012,0.48108413,0.03136076,0.010401561,0.064804254,0.013463484,0.44880721,2.358716
0.79977942,1.5565269,0.56805219,0.033905255,0.010335018,0.086106824,0.017247298,0.64682427,2.418278
0.84207822,2.0363628,0.45464747,0.041401238,0.010189923,0.064946955,0.010386921,0.66617245,2.3486152
0.84410594,1.5152574,0.46824056,0.039356566,0.010439882,0.084035175,0.010129164,0.5206701,2.3331753
0.85696112,1.9077715,0.4759905,0.034624966,0.014461811,0.086524157,0.011736408,0.63139836,2.4416309
0.82729214,2.068091,0.42006374,0.03579746,0.014726196,0.086103932,0.012857305,0.64168641,2.275938
0.83684351,2.0739953,0.44476951,0.033187424,0.016197339,0.078383184,0.014428896,0.7289215,2.3566345
0.80364422,1.5367273,0.50958843,0.040008551,0.031787609,0.083045303,0.011777904,0.55368112,2.298896
0.8251662,1.889663,0.473053,0.036122343,0.012982367,0.089826501,0.013873135,0.56359533,2.3478099
0.8044257,2.0318432,0.54040245,0.034836846,0.022259578,0.09919209,0.013990073,0.5709088,2.4426889
0.84249941,1.3467216,0.45086425,0.033084421,0.015011963,0.09684032,0.010390026,0.64247713,2.3105198
0.81724387,1.963391,0.48919068,0.041069197,0.011995576,0.076298322,0.013001156,0.4999943,2.3430166
0.80559354,1.4722124,0.49461596,0.034781669,0.031910956,0.0884885,0.010324318,0.70344814,2.2951542
0.80149391,1.4708602,0.48738017,0.034621086,0.034088048,0.091565223,0.010559364,0.7020017,2.2735131
0.80012417,2.1195696,0.57877315,0.033939728,0.010912262,0.089432377,0.011689085,0.5711861,2.5227276
0.80406907,1.49214,0.50144643,0.037979319,0.040467122,0.073059698,0.012630212,0.55017424,2.29054
0.87870138,1.863398,0.40477592,0.044255395,0.010114706,0.091702733,0.012605734,0.55873282,2.321811
0.79550794,1.5522394,0.55997956,0.031639301,0.038530683,0.078770097,0.011458065,0.57577612,2.4041064
0.85297586,1.8732309,0.46214892,0.040020024,0.01312783,0.081053798,0.013022329,0.58426766,2.3783782
0.81312078,1.5147628,0.50668753,0.039038105,0.020676895,0.098768795,0.010856844,0.52064535,2.3199154
0.81667043,2.0595395,0.53216,0.027562697,0.013753194,0.096436868,0.010399358,0.72631362,2.50047
0.77618383,1.3646816,0.59304965,0.046612765,0.020268459,0.084993523,0.015171857,0.52106071,2.3053428
0.85656145,1.909697,0.40954427,0.033067458,0.014869817,0.089313698,0.01058836,0.67773293,2.3249286
0.82652618,1.1632856,0.56931907,0.021120081,0.030595073,0.095339869,0.010689648,0.6377906,2.5034587
0.80914394,2.4500684,0.47235364,0.046093023,0.013274173,0.051779665,0.011390216,0.58969302,2.3235669
0.84571632,1.6111183,0.55437785,0.028372873,0.030764821,0.086471589,0.010464722,0.68893686,2.5533631
0.78625602,1.8623291,0.56549124,0.03421912,0.013901893,0.094139521,0.012689001,0.71945783,2.420886
0.86563031,1.70325,0.42555227,0.033254908,0.024968463,0.071974384,0.011984301,0.45008138,2.357039
0.86275432,2.2364428,0.35843864,0.036312008,0.016386124,0.090134909,0.011625468,0.60716036,2.2580499
0.86122227,1.8572055,0.36529977,0.023764565,0.018250306,0.088699244,0.01466598,0.63832825,2.2871459
0.82233336,2.1040008,0.46096241,0.026303747,0.014544756,0.06430749,0.010863598,0.53036987,2.3858775
0.81113438,1.6739481,0.50058005,0.040108269,0.013556634,0.089833084,0.014502346,0.63758119,2.3186077
0.87134161,2.0723095,0.46993534,0.049633749,0.014111891,0.074667579,0.011012178,0.57113011,2.4158033
0.8009557,1.8837622,0.56631971,0.031136055,0.025016141,0.089512048,0.012792666,0.513871,2.4808362
0.81395375,2.1446105,0.52423899,0.030510372,0.033483983,0.098661207,0.010508496,0.74434032,2.473496
0.85174604,1.4101234,0.56477886,0.039875622,0.018026267,0.099984366,0.016194487,0.46797149,2.4977424
0.86572587,1.848157,0.36179731,0.036243149,0.010941708,0.099516742,0.01002579,0.63485675,2.2452084
0.72329847,1.5784734,0.51956383,0.032809436,0.018027983,0.031717422,0.010601372,0.47939682,2.1460109
0.78630183,1.2863888,0.5622989,0.031872236,0.024910066,0.068360936,0.011339776,0.54636785,2.3444574
0.84775618,1.9370362,0.453325,0.040148132,0.017414803,0.084437672,0.013205504,0.55936401,2.3556289
0.82764099,1.7855064,0.49312257,0.037452979,0.017194874,0.086387322,0.01086093,0.62594404,2.3721987
0.83362307,1.9098227,0.51249185,0.023140973,0.011597965,0.086818723,0.013135967,0.65696832,2.5098118
0.78150296,2.1821715,0.52258735,0.028916477,0.010305818,0.080267259,0.010594446,0.67008941,2.3988618
0.82843104,1.933339,0.45977001,0.03483135,0.010616978,0.061526594,0.017065611,0.55864475,2.3422185
0.81737301,1.5801476,0.47861677,0.039266815,0.011425835,0.084337364,0.011601438,0.52147953,2.2909848
0.82530621,1.5071981,0.51830201,0.035241753,0.014125722,0.07224285,0.014261857,0.6091234,2.3869569
0.78381953,2.0678741,0.56183531,0.038752727,0.03704495,0.092273483,0.012769751,0.74284631,2.4143547
0.83630035,1.4055981,0.5549246,0.031767931,0.015546587,0.072867185,0.011632842,0.54589153,2.4821037
0.8307519,2.0902705,0.5459053,0.036510473,0.012265426,0.078897599,0.01250915,0.55132668,2.5209983
0.83523205,1.7579254,0.50956866,0.043434161,0.011329435,0.093449817,0.012442294,0.57957691,2.3893081
0.82789556,1.4809838,0.55604535,0.036090434,0.026452321,0.079517844,0.010683593,0.60323619,2.4499649
0.82270944,2.0665396,0.44662515,0.044024879,0.011742787,0.075796293,0.01398515,0.56963909,2.2792366
0.81656938,2.2697578,0.50824868,0.036006684,0.013570324,0.085627101,0.015808392,0.50204221,2.436904
0.84136577,1.3400045,0.51441465,0.036910104,0.013638681,0.075154137,0.010949599,0.65363039,2.3933689
0.81150482,1.749349,0.56829431,0.034706329,0.017605583,0.084225517,0.01083261,0.53909629,2.4736526
0.81310975,2.0550748,0.47438031,0.037339635,0.02494035,0.066506948,0.01137181,0.57715116,2.3326304
0.80506893,1.3116045,0.53369051,0.030181607,0.018009014,0.08569852,0.011067869,0.62403162,2.3595128
0.83943878,1.6303716,0.49491348,0.036124442,0.027342609,0.080823522,0.011648043,0.66732061,2.3934913
0.8481454,1.6160892,0.46094589,0.036913156,0.015725368,0.07659895,0.013297446,0.45314755,2.3517369
0.83026482,1.7610244,0.50323487,0.037237542,0.028588107,0.086699846,0.011561249,0.68946704,2.3948462
0.81729179,1.095456,0.54517048,0.019761222,0.017865689,0.069995277,0.010056627,0.58691496,2.4351013
0.82488493,2.5107996,0.52805367,0.050680052,0.018725799,0.079017769,0.018593838,0.6137152,2.4558951
0.8308209,2.0216555,0.54752065,0.043379636,0.014179663,0.088979451,0.010208735,0.54350965,2.4795046
0.85927708,1.3514573,0.4673704,0.043137799,0.026878766,0.08574259,0.010083206,0.69498837,2.3366388
0.83667567,1.4357901,0.39884026,0.035967762,0.017563839,0.075420094,0.010116876,0.58216066,2.2090582
0.87673689,1.5818111,0.54017076,0.049657078,0.022459683,0.091505951,0.010646734,0.56984781,2.4947121
0.81035961,1.8219089,0.55561201,0.024860288,0.022300442,0.077875945,0.011551208,0.54330279,2.5108598
0.79074748,2.2160171,0.55521215,0.0281668,0.013640562,0.077633837,0.011204783,0.57025692,2.4969977
0.78626938,1.8848203,0.50216549,0.022830539,0.026661812,0.068555624,0.012582991,0.66399253,2.3640673
0.85013005,1.7861041,0.51106662,0.038235167,0.013090327,0.095103471,0.011333099,0.53153509,2.4575182
0.82144671,1.6506819,0.5114194,0.032168228,0.022868923,0.086264328,0.014681895,0.62762116,2.3976053
0.81405638,1.5948919,0.55473687,0.048130111,0.014100814,0.071921703,0.010212797,0.53922894,2.3686632
0.81942853,1.8010068,0.5291653,0.045369801,0.011676402,0.070351211,0.010389455,0.55137427,2.3794162
0.80373509,1.9005843,0.53583463,0.030709462,0.016183426,0.073187062,0.012113053,0.59505626,2.4355703
0.79644225,1.6400149,0.52016627,0.018784781,0.03884492,0.093817476,0.012255641,0.59780318,2.4138886
0.80494774,1.6795256,0.55805499,0.021031893,0.020372457,0.095805015,0.011409897,0.69711522,2.5013818
0.81982637,1.5415439,0.50593698,0.020732863,0.032855353,0.097143712,0.012193777,0.65281392,2.426872
0.83590643,1.4944689,0.463333,0.038231481,0.014186376,0.099959441,0.015784397,0.5258065,2.307467
0.8693814,1.8116694,0.45648608,0.042898478,0.024711433,0.099756985,0.010736573,0.5415462,2.3900206
0.81682021,1.6044489,0.51750734,0.034825232,0.025435227,0.083976224,0.010383693,0.62613804,2.3778274
0.8094854,1.8494794,0.49056471,0.043124407,0.015310514,0.084236073,0.016360542,0.56109915,2.3042806
0.84463674,1.7607437,0.47944932,0.048278264,0.049776646,0.080100997,0.011991957,0.54321306,2.340625
0.84575944,1.4709431,0.43595001,0.031733716,0.010080368,0.084499177,0.012306773,0.53822516,2.3113678
0.85352465,1.4472706,0.42995612,0.028733966,0.010057155,0.071026969,0.011924957,0.68828547,2.3307856
0.78797291,2.0612679,0.55956465,0.038740773,0.014673976,0.069918487,0.012523974,0.52065381,2.4200735
0.80141583,1.9148102,0.48703645,0.033298397,0.010076581,0.066895123,0.011799594,0.61154136,2.3288393
0.80698505,1.7890051,0.50270559,0.037393999,0.010112246,0.068586116,0.011802879,0.60527106,2.3374775
0.83866472,2.0599254,0.4913228,0.043535482,0.010863789,0.08015015,0.012567215,0.61162639,2.3999988
0.80581116,1.49113,0.52107907,0.028866104,0.011621233,0.090225101,0.012184433,0.59914662,2.3699389
0.80375689,1.7932882,0.58126212,0.046778863,0.011861633,0.054905413,0.015229787,0.47440501,2.420632
0.80662218,1.9032892,0.58358066,0.043775967,0.010987384,0.071661873,0.014922212,0.44400477,2.4636445
0.81290217,1.57785,0.43640871,0.028237689,0.024488056,0.062425778,0.010968221,0.57586016,2.2553147
0.8442524,1.6828017,0.53470272,0.043175221,0.018083388,0.0902506,0.010025519,0.57950324,2.4473624
0.80137254,1.7097391,0.51322761,0.031515828,0.015604004,0.059917305,0.010185793,0.5799093,2.3594649
0.79294521,1.6637532,0.49833982,0.030492349,0.02714914,0.069702783,0.010572394,0.63868839,2.3108895
0.80456102,1.6536987,0.51214833,0.035858503,0.014848535,0.067203407,0.014156794,0.64469945,2.3384085
0.85813224,1.9913891,0.50536752,0.041514964,0.028554253,0.092335222,0.010756472,0.65812131,2.4760657
0.79804293,1.5288018,0.51161589,0.027597233,0.012079159,0.06711265,0.01148023,0.54186919,2.3442799
0.80337865,1.9679279,0.60042646,0.027461178,0.016275471,0.090743077,0.012888827,0.57408963,2.5871035
0.82397181,1.6915267,0.43355068,0.030973136,0.016048142,0.088607838,0.010584716,0.58961189,2.2771848
0.82469671,1.5697953,0.51684667,0.029091185,0.023569461,0.078771794,0.021460734,0.43054165,2.4206587
0.80711394,1.4928215,0.50577192,0.028587786,0.029084212,0.0749686,0.017340674,0.39990835,2.3486289
0.80128176,1.2810459,0.49469175,0.037486454,0.015385929,0.0838274,0.01068554,0.55919423,2.250892
0.81044718,1.9149725,0.46116254,0.046556223,0.014655434,0.053165354,0.010464364,0.45093305,2.2494995
0.81031995,1.8802171,0.46952731,0.049243137,0.01388952,0.051812626,0.010740563,0.44287043,2.2488802
0.80311661,1.6654672,0.57022324,0.023566089,0.027338944,0.095281403,0.010460449,0.78092262,2.5029626
0.81666483,1.8569875,0.47461101,0.040423457,0.016206955,0.061275445,0.010630341,0.44599494,2.3071059
0.80957942,1.7278671,0.55062272,0.041908487,0.014225558,0.087019714,0.010695966,0.62618366,2.3979532
0.83698138,1.6501691,0.40616653,0.030292525,0.023948794,0.093257355,0.010481883,0.49821387,2.2606938
0.77307415,1.474242,0.55382717,0.039244757,0.01264064,0.054504769,0.01154154,0.67033781,2.2869309
0.86558645,1.6154728,0.45130145,0.030061013,0.015296074,0.093205252,0.012918856,0.49525479,2.4085017
0.7925604,2.2651877,0.52655468,0.046136799,0.016621646,0.069876089,0.010942045,0.69445319,2.3622288
0.85745117,1.1433978,0.51844703,0.025511318,0.023459041,0.09398185,0.012981257,0.48206567,2.473604
0.78808793,1.589535,0.46296754,0.024101873,0.018887059,0.056268714,0.011855815,0.45283862,2.2574887
0.81882568,1.7826658,0.45166335,0.031136863,0.019184963,0.083190842,0.012543317,0.56623626,2.3044313
0.78985622,1.8493562,0.62930561,0.039442185,0.017904308,0.072284535,0.010473917,0.65149535,2.5161051
0.84033018,1.7485435,0.41516617,0.031117079,0.022196169,0.094598172,0.012462538,0.63023059,2.2896448
0.86343504,1.6521108,0.50865216,0.048003906,0.025116349,0.085453734,0.010514185,0.51582395,2.4250055
0.80382554,1.7853234,0.53453641,0.024395947,0.014534041,0.081572513,0.01242062,0.55180688,2.4505693
0.7920386,1.601717,0.51659922,0.027670901,0.023791976,0.078071693,0.015693642,0.4838321,2.3460977
0.82151167,1.7887104,0.51976145,0.03735928,0.010703182,0.084002306,0.010315413,0.6975192,2.404641
0.79220449,1.7982195,0.52703973,0.033202834,0.029500467,0.074301238,0.015898995,0.45156233,2.3634127
0.81710714,1.6312113,0.48318722,0.032737394,0.013812074,0.072632106,0.011476289,0.56211543,2.3322537
0.82357903,1.955081,0.54110358,0.045459084,0.01924357,0.087616022,0.012927115,0.60818421,2.4302246
0.82905621,1.4199651,0.54598883,0.040504781,0.015176973,0.077565295,0.011748986,0.65454268,2.4060369
0.85413537,1.451231,0.51019632,0.045944836,0.013266353,0.082177107,0.011833937,0.53350182,2.3903906
0.83638625,1.3228214,0.48592515,0.033818397,0.031034322,0.078112246,0.010528859,0.57254714,2.3465848
0.83463002,2.048012,0.45774704,0.051554186,0.015992508,0.078447548,0.013013944,0.64861963,2.2953502
0.82660458,1.9211421,0.50457257,0.026428742,0.010336817,0.086115973,0.010959337,0.47621789,2.4602158
0.81976185,1.9716614,0.48859415,0.025289316,0.010366457,0.085815774,0.011252501,0.47415047,2.423332
0.81272441,1.8870959,0.48474828,0.023727183,0.010278967,0.07604213,0.012101152,0.47872223,2.39548
0.8214639,1.7403268,0.59333362,0.046758059,0.051098771,0.097121604,0.010309683,0.66789662,2.4795667
0.83672181,2.1047163,0.51751781,0.033617664,0.016303109,0.09453384,0.011428171,0.59932616,2.4979584
0.8243329,1.8261355,0.49422561,0.037407295,0.026705717,0.085218072,0.010834481,0.60953106,2.3706839
0.79931216,1.8541862,0.60839073,0.025570228,0.011670442,0.069245796,0.010467092,0.54376963,2.5838804
0.81350127,1.6357868,0.49476057,0.036765016,0.024227977,0.065026653,0.010349021,0.77615693,2.3253084
0.83548127,1.9897873,0.55796295,0.045455674,0.012080094,0.094797416,0.010667217,0.57445624,2.4958059
0.78303919,1.5217798,0.48473954,0.030766045,0.044158515,0.083568802,0.01253291,0.62550925,2.2448699
0.79934143,1.9187014,0.49635309,0.022402933,0.018710851,0.083227064,0.013193768,0.52317198,2.3933969
0.82931947,1.6954166,0.55282331,0.04813228,0.021344272,0.073304532,0.011726779,0.64542534,2.4178318
0.82482363,1.8326592,0.48088389,0.025007832,0.021612262,0.076098261,0.0129632,0.49520345,2.4067349
0.82377905,1.8707965,0.45583131,0.024103641,0.022469723,0.080894561,0.016339596,0.45977519,2.3650461
0.82403387,1.7993695,0.46377114,0.033254059,0.022940517,0.092740204,0.013540762,0.48384664,2.3314791
0.799034,1.4611718,0.563494,0.038241603,0.011240997,0.068715556,0.012806722,0.61737637,2.373198
0.84803326,1.8373138,0.43122373,0.035610706,0.04162126,0.089100778,0.011231811,0.52887789,2.3264457
0.79347911,1.9415533,0.55654902,0.04192284,0.012705395,0.073837275,0.011113981,0.65728567,2.3960925
0.82880528,2.0270846,0.56704878,0.039185203,0.013009542,0.070133361,0.011038429,0.59238798,2.5334283
0.78684814,1.7490084,0.51579085,0.052905298,0.012667883,0.06468133,0.012197808,0.65805305,2.2366053
0.83382544,1.708611,0.46958516,0.023000392,0.029471363,0.097279079,0.011153793,0.4390365,2.4043096
0.81667771,1.3273518,0.45107033,0.036049808,0.031748885,0.08942403,0.026452896,0.39098015,2.2327916
0.77650341,1.3732706,0.40697155,0.036471427,0.024142165,0.095480964,0.025097961,0.35996991,2.0703467
0.9255071,2.0933173,0.39186533,0.046418531,0.01668785,0.074438319,0.010511397,0.45601224,2.4185609
0.79624545,1.5835052,0.46940979,0.033916821,0.035632129,0.087069679,0.012532223,0.45131545,2.2460555
0.80184868,1.9265279,0.552382,0.027617386,0.011643607,0.072393688,0.010078735,0.74485855,2.4819251
0.85771133,1.5529502,0.46126928,0.038972274,0.011263677,0.085647449,0.010032481,0.66114869,2.360716
0.83501067,1.8778035,0.50804024,0.03393132,0.012162209,0.098537253,0.010087239,0.78636893,2.4455746
0.84168153,1.6791339,0.54641988,0.035815125,0.012217024,0.096369311,0.01166633,0.64774813,2.4977985
0.76859241,1.9054458,0.53057718,0.030134161,0.01186792,0.069895415,0.011902717,0.56409578,2.3374203
0.84290616,1.7331619,0.43901029,0.037681306,0.024368541,0.098363684,0.012344688,0.64435681,2.3093745
0.76931737,1.9143666,0.54072168,0.037422475,0.017765985,0.067386474,0.011593117,0.59176068,2.3235613
0.79024867,1.7808856,0.56127749,0.030063946,0.040479429,0.086164413,0.012443083,0.61634957,2.4336042
0.82216473,1.8667278,0.49668236,0.030975232,0.014391976,0.089171023,0.012202036,0.59102743,2.4046492
0.81860588,1.7183652,0.51238873,0.043841227,0.023068722,0.07983894,0.012115523,0.57892273,2.3457532
0.7909351,1.8345785,0.54230351,0.033601106,0.020092103,0.079956732,0.012184722,0.6118954,2.3903866
0.82750304,1.9296748,0.4738445,0.042067548,0.01902026,0.082330856,0.011890142,0.52657825,2.3332427
0.84069789,1.4022616,0.44693639,0.036704296,0.012817396,0.080864285,0.011136586,0.47555787,2.2900021
0.8328791,1.8632443,0.51347648,0.042193283,0.014510575,0.077831052,0.013367976,0.62996762,2.4085798
0.82444715,1.893303,0.45709042,0.034367532,0.012861879,0.079142989,0.011098833,0.66368568,2.3253783
0.8217955,1.5556786,0.50021143,0.033725136,0.028568455,0.085245635,0.012179538,0.46751954,2.3602319
0.74372693,1.8641557,0.58674325,0.036785982,0.018000914,0.055851613,0.012643775,0.59106293,2.333324
0.8046935,2.0501005,0.46602296,0.040910219,0.024461344,0.072126178,0.01387943,0.45911633,2.2807439
0.83138253,1.6286766,0.49450641,0.042535153,0.022867941,0.097135408,0.010560989,0.59707932,2.3433372
0.8144904,1.9056541,0.47738985,0.032721028,0.036230679,0.084199504,0.010379575,0.68428898,2.3459224
0.81531444,1.8277488,0.53398544,0.023727796,0.018721359,0.095514907,0.013964626,0.52391474,2.4894356
0.84145623,1.7705091,0.50875627,0.041536588,0.011017105,0.072097772,0.010654881,0.69890384,2.413852
0.78509812,1.9107247,0.51974907,0.02027475,0.018367684,0.061126205,0.011243655,0.47978584,2.4110758
0.80582648,1.9324026,0.54847129,0.015096086,0.022541875,0.096969885,0.011871884,0.87667441,2.5562996
0.81445955,1.8190934,0.57143527,0.036077272,0.02600092,0.096694535,0.011466078,0.48035037,2.4901205
0.77172239,1.6635053,0.50533453,0.029453287,0.033071271,0.071245442,0.016384724,0.5302104,2.2730883
0.8280014,1.8276233,0.51588559,0.035911885,0.020383606,0.081068619,0.011158128,0.54661856,2.4261544
0.81911158,1.6389326,0.45895565,0.03352955,0.025772574,0.084951874,0.011754846,0.5427986,2.2930251
0.82642987,1.69868,0.47639708,0.040646338,0.030311446,0.075873065,0.014930768,0.54521086,2.3165648
0.81039262,1.6203136,0.55822133,0.030932091,0.016484895,0.065731599,0.010206138,0.54167475,2.4539164
0.79389181,1.9509258,0.47664262,0.024904251,0.014452785,0.063964613,0.012280148,0.5712797,2.3333526
0.79421748,1.6624621,0.52167359,0.024278409,0.033323824,0.0786862,0.01200134,0.45106183,2.3854747
0.82724018,1.5711749,0.49910027,0.037880275,0.015572342,0.073775313,0.011093551,0.66069562,2.3548948
0.83044058,1.6306646,0.55072826,0.037946619,0.019607085,0.093639575,0.011536311,0.61273058,2.4586088
0.82251405,1.5963243,0.40106572,0.031406253,0.027426956,0.083317093,0.014060085,0.52937948,2.2082611
0.83427736,1.6926392,0.47185538,0.044022423,0.013323587,0.076508726,0.011375074,0.45862834,2.3133944
0.8496212,1.8559871,0.4380087,0.03632789,0.013125593,0.085118167,0.012807563,0.5537542,2.3411674
0.83148247,1.6685205,0.4962851,0.043495059,0.025586478,0.095661701,0.010780677,0.60700081,2.3467977
0.83654906,1.8624358,0.54692365,0.032346413,0.016120476,0.092262704,0.01149213,0.65515686,2.5287507
0.80956404,1.6639163,0.56210041,0.037342499,0.017734514,0.098432207,0.013954599,0.61251608,2.4315911
0.83332817,1.8958875,0.46239255,0.019238611,0.025314339,0.082544758,0.011554894,0.54619057,2.4280586
0.80870733,1.4405695,0.53382285,0.043251832,0.018637164,0.098515804,0.011735408,0.59085052,2.3241125
0.82210855,1.7132597,0.52838027,0.01498182,0.017186505,0.092592759,0.015132497,0.503171,2.5293064
0.80844326,1.5037307,0.53794362,0.014353115,0.025501693,0.086830326,0.010577154,0.65063334,2.4849604
0.80151649,1.6963644,0.49969464,0.018338262,0.013688098,0.076001148,0.014274293,0.63216306,2.3985009
0.84481963,1.9358052,0.50906967,0.024042059,0.013165936,0.092923321,0.010643009,0.59698986,2.5308719
0.85296564,1.5562091,0.46868075,0.029530834,0.011026541,0.075490546,0.011335339,0.55025113,2.4041022
0.77870486,2.1286661,0.55395539,0.025779818,0.027778672,0.08592099,0.012889312,0.67776236,2.4625654
0.87219692,1.4357451,0.41195345,0.040325701,0.012437953,0.074081247,0.01341791,0.49908142,2.2988413
0.81679003,1.9329684,0.54010454,0.034321707,0.03366497,0.084899467,0.01112847,0.54001491,2.4635061
0.803983,2.0806144,0.4631576,0.040021475,0.023243896,0.083630198,0.018540665,0.62635572,2.2807839
0.83158222,2.1346508,0.45545917,0.047185939,0.024828232,0.085339739,0.012120756,0.5982265,2.3101363
0.79642097,1.4462812,0.57005799,0.027660648,0.013699505,0.082936479,0.010177726,0.59589937,2.429277
0.83094499,1.9980545,0.50837616,0.042602613,0.017439894,0.066376908,0.010108694,0.57604368,2.4088687
0.81443923,1.7975061,0.53108926,0.029939403,0.013927078,0.072916038,0.012939643,0.6390579,2.4448857
0.79593578,1.8949562,0.5381059,0.04459239,0.023557851,0.096416977,0.015425681,0.52161949,2.3508952
0.85221148,1.9165291,0.46934035,0.032364382,0.025235585,0.091304565,0.010483923,0.6724877,2.428769
0.80060137,1.403237,0.49533434,0.036022978,0.016215668,0.079683333,0.016910513,0.49700326,2.2703123
0.81067446,1.4066406,0.48899617,0.027845896,0.031518788,0.086274234,0.017376888,0.52549448,2.3226599
0.82981719,2.039864,0.53482489,0.042676761,0.010380704,0.069027785,0.010401279,0.67812647,2.4593763
0.80048799,1.5786006,0.52509355,0.024101094,0.013899978,0.086343048,0.015018439,0.67381683,2.3980994
0.80118809,1.3442867,0.520511,0.031282563,0.013672636,0.080733139,0.011613805,0.69997648,2.3267796
0.84159595,1.5245987,0.47643664,0.027628419,0.017586683,0.075058886,0.011878411,0.60689918,2.3944091
0.82645069,1.6511483,0.5640275,0.043412815,0.017586388,0.097262024,0.010698628,0.64987331,2.4464397
0.81818395,1.8307277,0.43073258,0.031707791,0.019171143,0.092779216,0.014620081,0.51230128,2.2679194
0.80319516,1.7799824,0.59843607,0.036835121,0.010944861,0.076433738,0.011132366,0.66200481,2.499182
0.81054291,2.0038472,0.4345547,0.039526544,0.011466316,0.085230497,0.012344056,0.51878026,2.2405646
0.83316517,1.905405,0.44177909,0.041902357,0.013312938,0.07664403,0.014240465,0.54300894,2.2893826
0.84320072,1.5791342,0.50565808,0.037765788,0.027891,0.092758223,0.010385573,0.56352151,2.4079126
0.77738831,1.7866795,0.52522096,0.035250896,0.01758694,0.064993803,0.011800419,0.54588518,2.3106531
0.83646083,1.6613591,0.48500388,0.028970891,0.019076048,0.079259728,0.011157038,0.63191466,2.4055622
0.83754465,1.7613437,0.55089177,0.042121593,0.015166316,0.092577681,0.010388436,0.76285473,2.4739631
0.79353729,1.8782412,0.45254594,0.030619402,0.024591927,0.072648351,0.011924008,0.48607129,2.2548191
0.82611443,1.4874741,0.54817819,0.044581146,0.013677478,0.094530254,0.013715002,0.72443544,2.3913586
0.81637962,1.5247647,0.56198243,0.034364344,0.017325606,0.093213554,0.013131791,0.68030524,2.4448309
0.81050894,2.0809678,0.52425499,0.027506017,0.027308879,0.097676649,0.010687292,0.72410417,2.4717747
0.78881348,1.5350618,0.53509829,0.032662041,0.010253286,0.061304404,0.013367776,0.45307637,2.3366781
0.76362996,1.5045654,0.52671257,0.042474809,0.010662545,0.055162719,0.020160547,0.46352345,2.2097455
0.77460868,1.3723632,0.5366693,0.033386017,0.010515535,0.0551721,0.010967543,0.59556657,2.2773143
0.81483279,1.9914957,0.54035609,0.038329283,0.010800773,0.085258955,0.013857735,0.5077348,2.4464386
0.79787091,1.5208177,0.51089981,0.019040501,0.047008638,0.073730443,0.011184566,0.49625427,2.3838458
0.79504759,2.1284888,0.55886627,0.020902204,0.012835521,0.088692782,0.014157518,0.66215403,2.5438948
0.76333658,1.4894837,0.57040586,0.037740682,0.031959816,0.072181361,0.011006117,0.46809512,2.297151
0.80593134,1.9006029,0.45664213,0.023671796,0.03284361,0.085293891,0.014124536,0.4140186,2.3264443
0.8585304,2.127897,0.46515625,0.040082066,0.020794305,0.09723208,0.011099157,0.76212101,2.4235522
0.80221482,1.5249682,0.56052887,0.030043406,0.038973825,0.097963191,0.013394374,0.40855764,2.4272344
0.8355805,1.4712358,0.55529015,0.039401967,0.039116695,0.09715201,0.011675258,0.44767255,2.4506282
0.80394011,1.969784,0.46908902,0.042883843,0.020100544,0.05516319,0.012591758,0.64364824,2.2676485
0.82731117,1.7514458,0.54131841,0.035715858,0.018363305,0.091713127,0.011782283,0.58919978,2.4614883
0.83648557,1.6642932,0.37228716,0.029611814,0.013463214,0.06653624,0.012249773,0.59225495,2.2050112
0.82456326,2.0388899,0.58831843,0.02515076,0.015833096,0.094726455,0.011073297,0.69106067,2.6460209
0.81242721,1.9859416,0.56043268,0.021988324,0.012847525,0.091308895,0.010387495,0.68340687,2.566512
0.77603334,1.741243,0.52820529,0.045510266,0.011156983,0.070784111,0.014463978,0.59067062,2.2599898
0.79129706,1.7595786,0.54914021,0.030635895,0.012165711,0.067422801,0.011416891,0.64674791,2.4083109
0.85048527,1.7882646,0.482119,0.041082623,0.011765898,0.083842496,0.011285964,0.56070729,2.3938883
0.81762963,1.4122408,0.53403488,0.030595129,0.028442993,0.085772804,0.01092468,0.57729567,2.4042003
0.81530631,1.3379607,0.54650195,0.041977887,0.033490314,0.087719306,0.010794244,0.59200005,2.353566
0.81515873,2.5902698,0.47261192,0.024732329,0.011708731,0.088340959,0.012168515,0.74163459,2.4536918
0.84177719,1.2110827,0.53982882,0.059634623,0.012722748,0.061031367,0.010435471,0.56463002,2.3156429
0.80303679,2.1148242,0.51376737,0.018096192,0.014382103,0.093449857,0.01556476,0.60309844,2.4855261
0.78357384,1.8575207,0.54259486,0.018975849,0.01524913,0.096994745,0.014884945,0.57765983,2.451049
0.87129501,1.6268191,0.4312204,0.039717212,0.024646892,0.090804778,0.010036669,0.54593539,2.3471425
0.85728526,1.6263201,0.43705912,0.04344604,0.014716405,0.091973683,0.016793336,0.52979036,2.3079487
0.82864764,1.6740643,0.49079594,0.034982677,0.017481767,0.078187913,0.011209158,0.52180776,2.3692791
0.82284924,1.5453404,0.50956833,0.030115998,0.023059853,0.078574111,0.011610206,0.57156207,2.3949854
0.81376332,1.8427682,0.44876623,0.046938906,0.042800308,0.080464184,0.014452285,0.60427744,2.2284229
0.79682668,1.7683134,0.65008183,0.022099873,0.011030404,0.0790459,0.010623224,0.62155707,2.6647614
0.76418896,2.1192327,0.470981,0.052339392,0.010583979,0.043734546,0.01482283,0.58027701,2.1520079
0.87220169,1.3657343,0.52659128,0.021822019,0.014019967,0.09677662,0.010401859,0.58076685,2.575266
0.79338314,2.0760052,0.50858321,0.047691389,0.018929252,0.062664899,0.012077699,0.58060184,2.3016549
0.81885127,1.9172292,0.59789573,0.028166619,0.0219216,0.093715085,0.012422425,0.64128959,2.611904
0.79520285,2.0714399,0.62005894,0.030603996,0.01458535,0.084423409,0.01475426,0.62981209,2.6023782
0.77101746,1.6162271,0.5208279,0.036832518,0.015235961,0.067427315,0.011110118,0.57969731,2.2579683
0.79060906,1.7003922,0.57665216,0.035961916,0.013705875,0.074802743,0.012894897,0.60875513,2.4194079
0.7858747,1.6344279,0.5772073,0.040335613,0.013152308,0.079040381,0.011904398,0.60306331,2.3759303
0.80143215,1.797396,0.57731713,0.030391761,0.019766484,0.069443483,0.013153912,0.64844527,2.4937599
0.8269655,1.6647749,0.47315186,0.032926253,0.029215674,0.087593201,0.011950298,0.50724985,2.342547
0.83427584,1.5022712,0.47150288,0.028660591,0.045612216,0.085741375,0.013391945,0.5318337,2.359937
0.81595619,2.0326001,0.51951039,0.043524318,0.010148366,0.055529197,0.011418632,0.604118,2.3912011
0.79566293,2.0676334,0.53686099,0.035136192,0.012210158,0.090134038,0.017068617,0.56296506,2.4165768
0.83819494,1.7349772,0.41768224,0.028810281,0.026305935,0.077079499,0.010282506,0.52881783,2.297101
0.83410056,1.5818053,0.40473447,0.027779509,0.019914047,0.077188477,0.010372578,0.48845765,2.2553976
0.85823869,1.9999025,0.48946408,0.035923753,0.01937516,0.092507634,0.013747197,0.52085246,2.4743805
0.80330899,1.324203,0.48850877,0.030270588,0.017371177,0.058501579,0.010882894,0.61536831,2.2826432
0.82620937,1.1767841,0.49782739,0.034857036,0.021602514,0.083968028,0.011333373,0.56710084,2.3186302
0.81994995,1.4544449,0.5014478,0.036226294,0.037228362,0.078261904,0.0142641,0.46217005,2.3342875
0.84574374,1.8601792,0.56564898,0.036672244,0.011831203,0.082194855,0.010808649,0.64980405,2.5645805
0.78409266,1.859497,0.54982773,0.041375986,0.014799467,0.073837718,0.012105957,0.57281102,2.3513668
0.78027682,1.9227167,0.52596412,0.041849888,0.012959935,0.064041375,0.013662063,0.53348784,2.3062439
0.88042862,1.6909475,0.45050737,0.034216752,0.011547011,0.086331683,0.011452663,0.51818474,2.43277
0.8134518,1.6452358,0.50986746,0.035358137,0.029503824,0.07473685,0.010752793,0.58041236,2.3585346
0.80957146,1.87272,0.51727738,0.038769855,0.012332777,0.096584665,0.014327269,0.64497764,2.3734968
0.81642559,2.0746591,0.51410578,0.036220312,0.01340011,0.09143451,0.016085419,0.59806072,2.4225356
0.83975327,2.022613,0.5121872,0.037527684,0.012038404,0.077296022,0.011711789,0.61298558,2.4655291
0.8338181,1.5525802,0.47035108,0.042006391,0.040940384,0.0911785,0.010050274,0.50568577,2.3038054
0.79261811,1.4471229,0.58702433,0.04297,0.025313861,0.069567136,0.010298191,0.5529875,2.3689183
0.8033121,1.7463411,0.53898847,0.034129833,0.017155342,0.079691986,0.011210203,0.76242396,2.402159
0.82150175,1.9037409,0.51750142,0.032498761,0.021684949,0.080897835,0.010581644,0.65580201,2.4388031
0.81485807,1.7772512,0.48079349,0.028368024,0.029417673,0.081755868,0.010381506,0.6647805,2.358749
0.8084744,1.6939737,0.51978118,0.048807192,0.013991483,0.070878427,0.012352622,0.51472249,2.3075939
0.80067519,1.2443047,0.4808209,0.019556426,0.024374329,0.080115173,0.012001881,0.5007361,2.302948
0.87740306,1.3529282,0.46371129,0.063166643,0.017046717,0.082857741,0.012134518,0.59920226,2.2958269
0.83993397,1.5121177,0.49156308,0.026248395,0.012886115,0.085739561,0.011127844,0.53589297,2.4222114
0.81147709,2.0294787,0.53023697,0.038708057,0.011474896,0.092507591,0.013103591,0.63071958,2.4221664
0.83536559,1.2231342,0.51540293,0.03647482,0.033427059,0.080681013,0.011094128,0.63453358,2.3675585
0.81370564,2.3138138,0.53538055,0.030398395,0.01206377,0.095280883,0.012213992,0.55814703,2.5187714
0.76582564,1.7620834,0.56517058,0.024561332,0.015812615,0.078581068,0.01567693,0.67979028,2.4016127
0.84501762,1.7168286,0.51129353,0.045119092,0.020787994,0.087935316,0.010238562,0.55945155,2.4042189
0.86522484,1.8233292,0.48822296,0.045767985,0.020802764,0.081302738,0.011318956,0.57595293,2.4239015
0.84883204,2.1412415,0.49894725,0.051726738,0.014635741,0.075871844,0.010917975,0.556135,2.4112635
0.7882792,1.4507293,0.4891529,0.028248269,0.015336054,0.086553528,0.013976839,0.50181625,2.2686395
0.81425095,1.845443,0.42357251,0.027459014,0.017782851,0.044231794,0.011048664,0.53430734,2.2642653
0.81462697,1.8505413,0.42305344,0.02711116,0.020467005,0.058187238,0.012025109,0.51768389,2.2661599
0.79608802,1.4780428,0.54688519,0.039707757,0.019400537,0.091118561,0.020677912,0.44928174,2.333835
0.81025809,2.0080087,0.62457672,0.038893131,0.017751279,0.081449603,0.010216328,0.58542844,2.5924776
0.80892944,2.0570483,0.62057494,0.042125651,0.018893389,0.085164096,0.010221332,0.57061401,2.5710739
0.81533747,2.1063856,0.62939696,0.037247435,0.012219191,0.072690745,0.010399689,0.47145169,2.642112
0.79051478,1.7042826,0.49670257,0.038820626,0.031046934,0.089614443,0.019887089,0.58362404,2.2693528
0.79186,1.8629658,0.54728158,0.013993457,0.017131465,0.069165149,0.010622479,0.49999176,2.5117478
0.80791097,2.2121997,0.49694393,0.019692673,0.020257814,0.099684298,0.013940334,0.80601047,2.4673317
0.7916404,1.6758901,0.57205453,0.022379197,0.025237281,0.065187805,0.010124731,0.60120962,2.483374
0.79725901,1.6398752,0.51908368,0.027190753,0.023097361,0.069953844,0.010283105,0.69472881,2.3713477
0.80783395,1.7946238,0.57216699,0.030641812,0.026567642,0.097754307,0.010965022,0.59445736,2.4995474
0.82926767,1.7725244,0.48794691,0.039240963,0.018987427,0.071952958,0.011170135,0.60856935,2.3576428
0.85090768,1.8262136,0.48088272,0.037867478,0.014536324,0.08448366,0.011619061,0.56554253,2.4114693
0.84535575,1.8282702,0.50067116,0.034267469,0.016499017,0.069357869,0.012149579,0.57662813,2.4507501
0.81187347,2.0212564,0.47341304,0.05190891,0.023468754,0.07969324,0.010371656,0.49306689,2.2629354
0.81060686,1.9351701,0.49427803,0.027530138,0.021013552,0.071207253,0.010380405,0.46661066,2.3953193
0.77856395,1.3921317,0.51848497,0.031237605,0.013278827,0.076439778,0.021946973,0.57589347,2.2709672
0.81004422,1.9044574,0.53881818,0.030187851,0.013018372,0.080215682,0.010074395,0.57503825,2.4609643
0.82860501,1.6330096,0.47975394,0.035301602,0.022837825,0.089510213,0.018643687,0.58560597,2.3440375
0.85249991,1.8007197,0.46251206,0.032237194,0.017971308,0.077418884,0.010047561,0.53678159,2.4051254
0.83224337,1.7228662,0.48768291,0.041149373,0.029667937,0.094553678,0.01417699,0.52061646,2.3506081
0.79913932,1.7310969,0.54223488,0.030725068,0.011815646,0.081165186,0.010618335,0.60606784,2.4121202
0.81384334,1.8280845,0.47912163,0.052593153,0.02316215,0.069998849,0.011022515,0.55466825,2.2543508
0.82853719,1.6732847,0.48808132,0.028435899,0.016791425,0.095706853,0.011175337,0.61027667,2.3947631
0.87150975,1.6215125,0.4413275,0.025659558,0.022052885,0.097686815,0.010368167,0.6499367,2.4257857
0.83832814,2.043957,0.46967428,0.030249892,0.018234022,0.098902142,0.010095155,0.57527047,2.4181965
0.82907864,1.8073437,0.51042523,0.031012047,0.023791263,0.099235998,0.010099681,0.52626341,2.4405111
0.82073293,1.6562309,0.49214622,0.017431093,0.024706986,0.091942709,0.019663745,0.64336676,2.4345387
0.82088873,1.3781937,0.49423568,0.020638779,0.013656385,0.077764889,0.011960892,0.61995774,2.3891775
0.80880844,1.5237914,0.45300576,0.026350353,0.014053091,0.088449822,0.013972133,0.5643084,2.2761525
0.81830743,1.4041727,0.47268965,0.02866881,0.013942208,0.082447862,0.013706476,0.57858161,2.3108199
0.84792389,1.8749186,0.56997883,0.029109045,0.015470263,0.098163311,0.011876612,0.5183545,2.6233874
0.86893398,1.785368,0.53072659,0.038422507,0.012353437,0.097606129,0.010680242,0.5248999,2.5403666
0.77653564,1.6561895,0.50227673,0.034060144,0.02315562,0.046059793,0.010787082,0.67536093,2.2585515
0.8190385,1.9696966,0.54438102,0.039529042,0.04494708,0.089588611,0.012686854,0.47266458,2.4557672
0.79946607,1.5958271,0.55896934,0.049018268,0.013479497,0.070123801,0.012909889,0.61127637,2.3342471
0.82451259,1.32754,0.58613221,0.031706535,0.015044227,0.084136149,0.012334607,0.50603566,2.4926984
0.83470538,2.185947,0.50317832,0.039873623,0.016361426,0.060833824,0.012649164,0.65302637,2.4440239
0.83213139,2.1898288,0.499052,0.04162392,0.014063774,0.077822173,0.011716076,0.65599868,2.4218576
0.80015398,1.9612637,0.55576565,0.033403756,0.034833244,0.089438485,0.010268182,0.58934455,2.4580693
0.81721801,1.5416475,0.48534695,0.027939566,0.011636177,0.092634743,0.015930776,0.65839017,2.3481761
0.81911858,1.7927975,0.49870048,0.019371203,0.016538464,0.084933186,0.01012537,0.56199322,2.4496407
0.83083158,1.9220975,0.50456855,0.052131158,0.038832503,0.085731748,0.022400176,0.58163013,2.3501307
0.83675309,1.4673179,0.56204147,0.017742838,0.015686167,0.080163289,0.010179814,0.6016301,2.5832132
0.79163023,1.9237033,0.49946189,0.02763597,0.019494728,0.090100979,0.010000834,0.58955839,2.3542585
0.8269479,1.9160141,0.51994701,0.029510056,0.020664996,0.0884353,0.010005102,0.52453481,2.4742801
0.86053458,1.597268,0.42152463,0.036332108,0.02616942,0.095154206,0.010074013,0.75315929,2.3157001
0.8537326,1.5878262,0.45516257,0.039931701,0.022333024,0.096699681,0.010067788,0.70818018,2.3400557
0.85899705,1.8378584,0.52615055,0.045164431,0.025062256,0.086396849,0.010022016,0.62734636,2.479736
0.81275317,1.8252608,0.47390325,0.029540637,0.021066,0.095655526,0.010267929,0.68534032,2.3407856
0.81167145,1.9896224,0.57753312,0.023562568,0.0228554,0.092930612,0.01964283,0.51412381,2.5904917
0.83248075,1.8323589,0.48212676,0.032706667,0.016429246,0.093002979,0.010295342,0.63995317,2.3919148
0.81326349,1.6826254,0.52650728,0.039746541,0.011356332,0.096858227,0.019205517,0.53345513,2.3705873
0.80929877,1.7754481,0.54088717,0.041301767,0.011463694,0.096644127,0.020129369,0.54295214,2.3897483
0.80873001,1.8097548,0.53749981,0.041787919,0.01113116,0.095504763,0.016428156,0.49226957,2.3845872
0.85361656,1.5536909,0.53577497,0.032876729,0.014445245,0.077324984,0.010546255,0.66363518,2.5083592
0.82411752,2.1854722,0.47955981,0.027388613,0.024643271,0.097319013,0.011976023,0.52395561,2.4312589
0.84455446,1.6896492,0.49137528,0.046154111,0.014026956,0.082976151,0.01449154,0.54244956,2.3617722
0.76025991,1.9013508,0.54203837,0.024515842,0.035582261,0.064308304,0.010210402,0.54669713,2.3642368
0.78785322,2.0327828,0.58410848,0.031902581,0.020324159,0.074233238,0.013200787,0.59686787,2.4981489
0.83920194,1.6085446,0.4732274,0.042663704,0.017963143,0.096641259,0.010703608,0.65266676,2.3248115
0.8223209,1.9750678,0.55612237,0.026348895,0.015125712,0.08861572,0.010387218,0.65116475,2.5579409
0.80851681,1.0108871,0.50136625,0.040605609,0.031173947,0.087191249,0.013829452,0.56908431,2.2354547
0.80853339,2.4201221,0.49373519,0.03056816,0.011426735,0.079187416,0.012747919,0.66132794,2.4323736
0.80445422,1.1836867,0.55641179,0.041672175,0.03533384,0.088519493,0.011319413,0.52998683,2.3215776
0.79968169,1.2085901,0.53748386,0.041845595,0.033106443,0.087783317,0.011812937,0.53231382,2.2835761
0.87220284,1.6148339,0.46061599,0.031792951,0.017203091,0.09584269,0.01273078,0.59526095,2.4338199
0.84842426,1.6998744,0.44251547,0.024950751,0.020194637,0.090353645,0.012656705,0.61428483,2.3809823
0.7998481,1.8754654,0.5877312,0.046868247,0.020527726,0.059062105,0.010576491,0.58300947,2.4333885
0.81639096,1.8942792,0.58558655,0.048560143,0.015853914,0.081544542,0.011022946,0.57532775,2.466729
0.81237856,1.7078295,0.45008021,0.027303502,0.020919151,0.08839448,0.013219983,0.63899122,2.2945458
0.84302605,1.7778781,0.53616893,0.049442277,0.014198831,0.085265402,0.010835489,0.49558293,2.4289249
0.89145734,1.4127111,0.50524448,0.040602659,0.015016258,0.096938431,0.012811661,0.54274429,2.4964638
0.84605408,1.6059965,0.53588464,0.041255422,0.037031329,0.098374035,0.011885533,0.62354368,2.4534974
0.84030784,1.8340914,0.48890551,0.027143317,0.016256246,0.099566621,0.015304728,0.52241029,2.4514521
0.84119297,1.7296126,0.4801428,0.024589139,0.033966939,0.099389928,0.015150919,0.56049814,2.4376845
0.85158082,1.752324,0.55527311,0.034955865,0.021597656,0.075260647,0.011155765,0.58725947,2.5544961
0.84071586,1.7045947,0.54689213,0.032971518,0.02141787,0.082657823,0.010848192,0.59149111,2.514516
0.82343154,1.9733921,0.4965388,0.036019454,0.011829006,0.072385151,0.010105833,0.58853119,2.3961755
0.83258006,1.8752116,0.52832099,0.032732048,0.01376581,0.081440978,0.010020618,0.68534413,2.4829253
0.8211897,1.619131,0.54668905,0.038433796,0.020487676,0.099126826,0.014049414,0.61847968,2.4235939
0.85029499,1.8106123,0.39543925,0.036095289,0.018784071,0.069370824,0.010996179,0.51949264,2.2648563
0.85229213,1.2339453,0.49052567,0.04516499,0.02080684,0.093721446,0.013612168,0.48865012,2.3343124
0.8686861,1.5257234,0.43121105,0.038853146,0.019516713,0.057820554,0.01347584,0.47202829,2.3352993
0.84870181,1.799455,0.51207445,0.037379791,0.0142822,0.089483536,0.016189763,0.51188466,2.4614938
0.81243132,1.8898165,0.5395841,0.029374699,0.025660344,0.096145851,0.011300136,0.61934332,2.470949
0.83560057,2.0882318,0.40244487,0.026832132,0.018562656,0.075636573,0.012298731,0.6182432,2.3013099
0.8285454,2.113676,0.46478543,0.029114755,0.018618753,0.083980052,0.011542798,0.59814026,2.3969336
0.82173982,1.7613389,0.49024534,0.036398973,0.028975891,0.097187691,0.01004601,0.69901731,2.3543102
0.83026248,1.6138356,0.55312041,0.050781411,0.033860747,0.08340335,0.010311963,0.57120178,2.3973223
0.82974589,1.8547888,0.45502514,0.038232735,0.032592518,0.092074357,0.01038606,0.5906435,2.3143639
0.79484482,1.6194301,0.55109188,0.036729127,0.011991377,0.065543746,0.010506519,0.53279495,2.3710489
0.80751115,1.4496993,0.54604977,0.039536878,0.012067529,0.074277654,0.010550417,0.56571886,2.3590654
0.83812382,1.6719999,0.56277443,0.031134984,0.014910688,0.098081549,0.011803616,0.54777816,2.5421771
0.83171569,1.5991534,0.47052437,0.034684986,0.01320679,0.097640722,0.0114636,0.70269854,2.3351346
0.82035225,1.8191345,0.51678774,0.042643612,0.017785702,0.074651939,0.012838031,0.46125526,2.3752995
0.82149074,1.7063713,0.52524991,0.03835984,0.020878256,0.081313767,0.011263649,0.49372981,2.3990725
0.83472531,1.6434941,0.46107889,0.031154223,0.019898488,0.078520007,0.010681121,0.611437,2.3465536
0.84896822,1.2567094,0.47928117,0.032243109,0.015422089,0.074245959,0.012339414,0.48620441,2.3675114
0.7939198,2.3307918,0.55776186,0.033343526,0.03862984,0.087275534,0.012111554,0.54591213,2.49923
0.79721605,2.3378275,0.56204275,0.03716606,0.047275488,0.087653316,0.013015129,0.53725753,2.4970781
0.86518678,1.2995714,0.46299892,0.043137057,0.011193545,0.096686292,0.011538977,0.59673501,2.3391826
0.80683362,2.0503328,0.51756474,0.029664348,0.018787725,0.093580792,0.010337149,0.46570997,2.4339459
0.85560042,1.4787565,0.45640185,0.01859242,0.019115218,0.088556575,0.014707927,0.5925744,2.4321165
0.82373029,1.446469,0.48116418,0.014375276,0.014721979,0.086100708,0.013338489,0.52651672,2.4123964
0.86411136,1.6579609,0.50978811,0.030929461,0.014454482,0.093084301,0.01038207,0.56062197,2.5117661
0.82262306,2.1817226,0.50556352,0.050334354,0.018313448,0.09865876,0.010890566,0.60190168,2.3695314
0.80193359,1.6117796,0.59842802,0.02909791,0.018424361,0.0779505,0.011763688,0.72508951,2.5119433
0.81072558,1.9770417,0.59154598,0.047878299,0.012234236,0.079367491,0.012044207,0.6300123,2.4785092
0.78865532,1.8140065,0.52506148,0.022783537,0.028558294,0.090299962,0.010613447,0.62268926,2.4047311
0.79887787,1.9768186,0.52935668,0.021336766,0.017748782,0.086616259,0.012007057,0.66228793,2.4699464
0.79729131,1.6061955,0.56000193,0.035722502,0.02573828,0.082198315,0.01198175,0.57775854,2.3957911
0.80811305,1.8283383,0.59172965,0.030504093,0.029719282,0.094922145,0.012508202,0.61218828,2.5429514
0.78464039,2.0595701,0.61432258,0.028531439,0.023139416,0.082388904,0.010686151,0.56037331,2.5722819
0.8432272,1.4816955,0.36024424,0.047161101,0.015048987,0.084881482,0.020816268,0.4842784,2.1309497
0.79083695,1.9512694,0.61837162,0.029923987,0.017172631,0.090207928,0.010121228,0.70418716,2.5704784
0.79386616,1.5957557,0.51036315,0.045730701,0.020715045,0.079248899,0.013723401,0.56025851,2.257598
0.82714533,1.9969472,0.47991965,0.02584261,0.011105734,0.086927845,0.011718387,0.58716266,2.4256123
0.82260355,2.1643586,0.49150534,0.02283166,0.011747857,0.091533788,0.011434875,0.60150272,2.47207
0.77816976,1.527094,0.53906857,0.033522277,0.026477693,0.089172829,0.011624916,0.61043274,2.3103515
0.80132019,1.4503058,0.52951649,0.037208781,0.016109293,0.065672154,0.014231743,0.5746422,2.3273679
0.8117737,1.4869105,0.50405159,0.038206729,0.017299775,0.074802229,0.012670336,0.55953007,2.312662
0.8484176,2.0236278,0.43485695,0.040156735,0.018583967,0.096927381,0.010885675,0.49398555,2.3322579
0.83015549,2.1271077,0.46465717,0.039632973,0.022487534,0.098032439,0.011086443,0.46986856,2.3545424
0.76525766,1.6549076,0.61660498,0.031381085,0.023092409,0.062859113,0.013985585,0.65666053,2.4384408
0.84490626,1.8321255,0.4446664,0.034047382,0.01455108,0.077364714,0.010968114,0.59454319,2.3489471
0.79797452,1.7464888,0.58383935,0.036786067,0.025286689,0.085299379,0.012049109,0.55152061,2.4542215
0.83852626,1.3657999,0.5116818,0.040408787,0.013005911,0.085821731,0.012690617,0.53929598,2.3685829
0.83444416,1.8133731,0.44211927,0.029900596,0.013106992,0.080050395,0.012400437,0.53791503,2.3345315
0.80027116,1.6713601,0.55144748,0.046389056,0.025566662,0.074892349,0.010388717,0.61699945,2.3465094
0.83739039,2.1733772,0.46782561,0.027456918,0.024843578,0.08406309,0.013763171,0.59239977,2.439712
0.81155541,1.3607138,0.54508137,0.037187471,0.01178943,0.072128113,0.010470711,0.54015695,2.3674236
0.80267407,1.8919036,0.57816422,0.051034018,0.01476398,0.057428813,0.011323105,0.49292242,2.4059456
0.78272229,1.9194028,0.52162094,0.022050685,0.010419584,0.06757041,0.013018397,0.70667313,2.400323
0.79798614,2.0185626,0.60534149,0.043071129,0.010551794,0.083511116,0.010901906,0.52610487,2.5020331
0.82935838,1.9894669,0.50572026,0.028669763,0.019972379,0.087224964,0.010089538,0.67198373,2.4666508
0.76951436,1.6109489,0.56831706,0.042087418,0.016179685,0.076808744,0.017301111,0.50294563,2.3066389
0.81573414,2.2183108,0.47161303,0.032262782,0.028778322,0.080606205,0.010127934,0.54755612,2.3748116
0.83882729,2.0823025,0.41384071,0.036164145,0.035437307,0.087070267,0.010303624,0.67519196,2.2922312
0.81050869,1.9844194,0.52367804,0.033029407,0.025645012,0.091947735,0.011376324,0.65623728,2.4296907
0.81888627,1.7826351,0.50695837,0.040352853,0.018401745,0.070219207,0.010383432,0.50117106,2.3606901
0.81444931,1.6908565,0.51028009,0.03052137,0.013971524,0.090436922,0.014813521,0.56411937,2.3904611
0.820762,1.9090195,0.54364475,0.037225846,0.016739612,0.091953849,0.010731857,0.65373747,2.4623081
0.82126997,2.0759034,0.52851183,0.046046739,0.020738386,0.097498177,0.015421513,0.63567774,2.4144772
0.84040878,1.9623797,0.48525571,0.039996971,0.023370754,0.093183387,0.010890847,0.64735866,2.3984502
0.83083075,1.4510817,0.4758723,0.0369772,0.015614657,0.077169249,0.011770001,0.50722824,2.3161737
0.82728677,1.6615493,0.45769586,0.03756212,0.024683217,0.083807705,0.013004156,0.53419758,2.2963992
0.80493043,1.7311645,0.54590892,0.029540342,0.01334519,0.088231716,0.01069184,0.70953116,2.4401562
0.8050046,1.6528085,0.56013469,0.028272251,0.014394012,0.091069692,0.010418906,0.72065069,2.4617897
0.8254945,1.5633604,0.540423,0.02750309,0.011176981,0.066584039,0.01156999,0.73750976,2.4721906
0.79277562,1.6129805,0.51876108,0.029016518,0.011042863,0.085861758,0.013291535,0.73264526,2.3467166
0.7990529,1.7012039,0.53947027,0.03163033,0.010888334,0.06050359,0.014413394,0.55718392,2.3983001
0.84119514,1.9565861,0.500936,0.041424367,0.021645323,0.091355387,0.010684718,0.66803301,2.4216962
0.78897138,1.65984,0.52824457,0.030044247,0.018651098,0.066729448,0.010861171,0.53441938,2.3544346
0.81396256,1.7236078,0.47314385,0.027520373,0.019114071,0.084203173,0.011683307,0.58483447,2.34054
0.84348814,1.3545548,0.48282262,0.046102749,0.01762855,0.089125161,0.011717581,0.53810215,2.3096608
0.80785378,1.7456786,0.50687208,0.042689823,0.013538444,0.086370573,0.014984182,0.49576087,2.3178385
0.82158188,1.7556961,0.55620653,0.03260341,0.013292047,0.081340457,0.013066179,0.50535167,2.4903279
0.84331362,1.6068632,0.56294681,0.027874078,0.016900718,0.084734642,0.016505244,0.50622512,2.5650043
0.79995995,1.7199723,0.55543567,0.029231514,0.015402523,0.083919972,0.010715833,0.48991894,2.4443807
0.81021145,1.6922149,0.58126729,0.020138909,0.029709889,0.089063453,0.01034869,0.54149016,2.5673262
0.77891696,1.9816073,0.54232774,0.047688566,0.012656945,0.05789825,0.015121694,0.72599629,2.3121007
0.85029974,1.4265941,0.43668041,0.025519934,0.031696201,0.089377464,0.01075077,0.51717834,2.3462238
0.84325254,1.5683551,0.45358695,0.031811037,0.027134446,0.08785444,0.010576271,0.52630599,2.3442923
0.85524844,1.2547878,0.5083996,0.03353481,0.016869986,0.083856749,0.010227213,0.52466834,2.42495
0.82205113,1.378306,0.50991042,0.056486198,0.013575775,0.080890715,0.022342952,0.51988508,2.257182
0.82276109,1.3277475,0.56389944,0.040636113,0.017367572,0.094305809,0.016578045,0.46130116,2.4053628
0.84990079,2.0589979,0.48105698,0.038795539,0.010095597,0.08420819,0.010290406,0.63252452,2.4306065
0.83347243,1.3220799,0.45284688,0.035533555,0.05193652,0.08010687,0.012581384,0.48691554,2.2787091
0.82913024,1.2554117,0.43694613,0.037539763,0.048330202,0.080074746,0.013539163,0.48713884,2.2290342
0.82155867,2.1751495,0.50063793,0.041228292,0.010437934,0.07437229,0.011720031,0.59293003,2.3984754
0.81535279,1.582108,0.55232672,0.019899718,0.012979517,0.09001031,0.010274898,0.73906202,2.5109287
0.81305369,1.7278509,0.54516722,0.023596532,0.017432269,0.082503245,0.01024389,0.73863618,2.4916057
0.79837358,1.9551555,0.51524726,0.04886829,0.017315482,0.055937417,0.010011466,0.48247917,2.3060057
0.80903758,1.9537571,0.5020375,0.049518977,0.027692623,0.087343982,0.010021634,0.47996299,2.3069929
0.84443868,1.8856615,0.47025305,0.026539481,0.021554578,0.071395029,0.010120203,0.56529075,2.4351434
0.81163834,1.7398981,0.54180512,0.029872094,0.017293828,0.099025007,0.010111529,0.54820117,2.4498371
0.84158696,1.8571482,0.48134412,0.02548109,0.012207959,0.092603652,0.010074471,0.62869856,2.4511564
0.81295499,1.6260902,0.51332076,0.029454617,0.012085936,0.071214145,0.010911012,0.54117302,2.3891571
0.82126441,1.9627662,0.53374009,0.042754884,0.015231875,0.080823472,0.013325718,0.6204193,2.4251933
0.84859279,2.0684359,0.46718128,0.037244563,0.010319363,0.089636621,0.011772612,0.53305499,2.4093763
0.82449803,1.4881938,0.55581129,0.044237203,0.01077098,0.086878346,0.013987204,0.54111064,2.4012995
0.7925421,1.9187341,0.45718867,0.030680247,0.042554325,0.089759024,0.011248506,0.57598107,2.2645642
0.82150583,1.4136221,0.53212834,0.039437456,0.015634076,0.04988534,0.010148386,0.5315891,2.368406
0.82664894,1.669739,0.51538376,0.041092777,0.011686893,0.092300567,0.01069953,0.56527476,2.3778259
0.86047855,1.6805279,0.48886647,0.029293964,0.010835001,0.078983066,0.010487694,0.64970492,2.4746717
0.79974782,1.9990746,0.50597381,0.03756513,0.014901436,0.068819732,0.015162097,0.56450938,2.3493064
0.81621314,2.2249483,0.47940641,0.043067034,0.032068359,0.088489762,0.010499627,0.59260543,2.3428937
0.82801995,1.2836397,0.50938833,0.035296276,0.010618101,0.094747205,0.013197202,0.59820696,2.3518954
0.81264007,2.149335,0.55412668,0.022721005,0.046519401,0.092938713,0.010018949,0.49600675,2.5742017
0.81192185,1.9526572,0.53951089,0.023498698,0.034822256,0.091670318,0.010046168,0.49335793,2.5097814
0.85624992,1.5338122,0.51294515,0.043978156,0.014694614,0.070383836,0.010252108,0.62073139,2.4188341
0.80077536,1.7743278,0.53319753,0.03172844,0.014483552,0.093839466,0.019595593,0.68038231,2.4008812
0.8328008,1.7353548,0.48045453,0.031975719,0.012835422,0.083023187,0.010029793,0.44193921,2.38226
0.8215501,1.6759909,0.46836671,0.036860997,0.021957123,0.094919911,0.014362057,0.70570804,2.3046965
0.82509593,1.6587745,0.47003839,0.03414633,0.014314101,0.077301713,0.011139683,0.64490475,2.3263956
0.82229553,1.7592582,0.47493655,0.035213557,0.024791491,0.093538837,0.011269303,0.69715568,2.3339424
0.83414835,1.4262636,0.56058782,0.036142644,0.017813919,0.075304786,0.01065326,0.53349105,2.4661623
0.81860411,1.2683414,0.57208949,0.046749962,0.02579689,0.084066849,0.010484042,0.59682914,2.3693426
0.8411786,1.2917371,0.5783524,0.044655206,0.022054492,0.085788007,0.011151385,0.54465798,2.4510692
0.82035579,1.1615145,0.49396009,0.047068239,0.019259477,0.074498758,0.012759392,0.57398582,2.2444506
0.84443023,2.1526183,0.48915431,0.029811865,0.021936045,0.088592686,0.011169915,0.61432486,2.4865433
0.83899235,1.1748335,0.48485333,0.043295994,0.013806244,0.089130138,0.013573998,0.5806789,2.2943811
0.8717771,1.2315024,0.42899038,0.03278366,0.014775061,0.068166253,0.011940796,0.49300608,2.3378445
0.80855817,2.1193166,0.54845793,0.033372015,0.025781037,0.095466128,0.013052314,0.60563913,2.4886787
0.82668398,1.5540804,0.49895689,0.041906407,0.021819721,0.090919015,0.012608888,0.67262305,2.3332573
0.81939427,1.8513681,0.42691216,0.038263154,0.019317023,0.066243315,0.012083398,0.48034333,2.2398632
0.79515826,1.6894208,0.59378941,0.033749901,0.017632358,0.080478398,0.013225703,0.62358145,2.4718366
0.82223002,2.0852171,0.46969092,0.03961795,0.023587057,0.084066747,0.010456778,0.63415465,2.339896
0.83215288,1.2415185,0.52140344,0.037545917,0.015647414,0.08424696,0.010523543,0.48790181,2.3660214
0.82999972,1.2430357,0.51662612,0.03779793,0.01443124,0.079351304,0.010301723,0.48585137,2.3520274
0.82224564,2.1853495,0.44923716,0.038529544,0.027233208,0.079919667,0.010049826,0.59430108,2.3171229
0.83839707,1.8430141,0.46159606,0.035925735,0.019656108,0.07529067,0.010130255,0.62655765,2.3561581
0.82466522,1.6927441,0.52109449,0.026653795,0.018553042,0.084585997,0.011375018,0.51608285,2.4563313
0.80817553,1.5408419,0.51150867,0.024528806,0.022149039,0.05900884,0.010776627,0.46619733,2.3870713
0.7961844,1.5449745,0.49484964,0.024552599,0.021358619,0.066785021,0.010889775,0.46762511,2.3267989
0.79024406,2.2602569,0.53568341,0.027588753,0.012640977,0.070160279,0.0103019,0.60180703,2.4654266
0.8251017,1.3371506,0.51485198,0.026606766,0.039682496,0.090331584,0.013697561,0.60445626,2.4013963
0.73432313,1.8768626,0.6098672,0.032280669,0.01129479,0.049908823,0.010356901,0.59456177,2.3743626
0.83587432,1.8243724,0.53621436,0.032407122,0.03505957,0.095412422,0.012116645,0.65630997,2.5012748
0.8428078,1.5113671,0.40265838,0.034062035,0.012340189,0.061501287,0.011132615,0.49848926,2.2430164
0.85513151,1.5721781,0.44353102,0.033124661,0.016185616,0.079154359,0.011345568,0.46571596,2.3511157
0.84869532,1.5300524,0.45022047,0.042527648,0.040371846,0.090131617,0.010488873,0.54943282,2.3033239
0.81205213,1.819823,0.54671802,0.029982931,0.011996923,0.081122405,0.016605694,0.55396059,2.4704921
0.84182548,1.9798732,0.46218665,0.047524911,0.036642458,0.093982956,0.010995588,0.57697053,2.3300282
0.79458702,1.2665182,0.56518428,0.031707414,0.011127414,0.078485745,0.012170847,0.67815046,2.3691
0.80213787,1.2584804,0.58765592,0.032325402,0.011562752,0.072814754,0.017023146,0.64839946,2.4211379
0.83080426,2.3563395,0.5172286,0.039523289,0.011511002,0.075604601,0.010503954,0.59068378,2.4843153
0.79985277,1.2479363,0.52035965,0.032635118,0.010812616,0.057645987,0.010812486,0.6201116,2.3047318
0.82190386,1.1395233,0.49066395,0.045299544,0.012887913,0.072906187,0.010870541,0.64287697,2.2484089
0.8413659,1.9464793,0.4651269,0.024045925,0.015912467,0.090255138,0.012901289,0.50844918,2.4360813
0.83071876,1.7402624,0.50594189,0.049571542,0.019593668,0.094699101,0.010981633,0.67633888,2.3424418
0.83495661,1.5992275,0.52139257,0.03724832,0.020526263,0.093474319,0.012474835,0.65753862,2.4188035
0.83242534,1.6667262,0.50513216,0.041529947,0.016130841,0.092088216,0.013239985,0.58631644,2.3726494
0.84158361,1.8612363,0.49856101,0.024686119,0.028469774,0.097247799,0.01185529,0.58153785,2.4890148
0.80083621,1.9764354,0.50655328,0.023157692,0.015356835,0.097902837,0.01077736,0.69979618,2.42051
0.79736091,1.7041525,0.62055519,0.035445824,0.042768558,0.077959136,0.013828605,0.52148767,2.5185685
0.83541875,1.6319197,0.57136102,0.049091567,0.011976231,0.093933772,0.010248665,0.59833557,2.4509566
0.84682857,1.5001985,0.50187325,0.045961577,0.015492252,0.092117733,0.010163906,0.56461842,2.3643211
0.83621889,1.4483756,0.52500941,0.025127883,0.014022277,0.095962069,0.01223424,0.55830327,2.4700282
0.82520305,1.7871153,0.47792934,0.026972613,0.01961814,0.085326878,0.010293776,0.59896672,2.3875697
0.81246087,1.7445305,0.53491005,0.04905138,0.02348761,0.086917023,0.015178296,0.55217132,2.3474734
0.80542375,1.8396566,0.54765738,0.0168936,0.01478346,0.095798166,0.010813642,0.63803498,2.5294536
0.81085396,2.0053613,0.48793476,0.043337257,0.026079557,0.075023465,0.012326209,0.58947712,2.3196067
0.8355094,1.8601921,0.49925431,0.038682038,0.016431997,0.078188617,0.011281532,0.53946539,2.4059073
0.82854399,1.7725965,0.50394771,0.035269012,0.011172585,0.088328814,0.010852104,0.55525346,2.4024133
0.83831801,1.9850189,0.41216773,0.028211255,0.03793263,0.085118461,0.014304649,0.58391818,2.3117854
0.78783152,1.8370128,0.64549637,0.033069553,0.014443019,0.094641164,0.012621246,0.64240504,2.5750267
0.7727842,1.8894237,0.66175714,0.028405144,0.014699775,0.064112557,0.011206312,0.68295507,2.601986
0.81814421,1.9041047,0.47236146,0.034706422,0.022494862,0.078147551,0.010238727,0.53392938,2.3368629
0.83631714,1.73552,0.48543335,0.039456735,0.026899673,0.077508981,0.010511673,0.52400824,2.3658437
0.83856519,1.8352353,0.42267893,0.052869916,0.054223377,0.090406269,0.010602521,0.5075775,2.2225696
0.81048686,1.6518026,0.55402069,0.026904373,0.010311851,0.085171126,0.01182556,0.70764073,2.472499
0.80356419,1.7147209,0.56043794,0.030085514,0.010107184,0.070234059,0.011247962,0.69210978,2.4578001
0.80512938,1.7943208,0.54753175,0.042928079,0.010106048,0.076952213,0.012726769,0.48888493,2.3852279
0.85364278,1.7797638,0.43134398,0.039077461,0.029677856,0.086711703,0.011272911,0.61789641,2.3208644
0.86391574,1.9598285,0.46901345,0.039399393,0.020604183,0.077991534,0.012351585,0.56249134,2.4295673
0.82968889,1.3779636,0.43168955,0.042540039,0.021787806,0.08073632,0.010895601,0.53102104,2.2142393
0.82017908,1.4294111,0.53195977,0.041807048,0.0199871,0.071842872,0.016125874,0.66794285,2.3556584
0.84121248,1.8577718,0.47252091,0.023818304,0.014430004,0.091792837,0.010500093,0.46900128,2.4414162
0.83723786,1.8043055,0.49794588,0.018863778,0.013807214,0.09460046,0.011453679,0.56537721,2.4999258
0.83904354,1.9041812,0.50080525,0.022375099,0.016624899,0.09422592,0.011091146,0.56405822,2.5041451
0.79504867,1.9517307,0.55032569,0.050154113,0.054427994,0.099807668,0.013381138,0.56336788,2.3513664
0.80905789,1.7768512,0.61954419,0.034659813,0.024107678,0.09928781,0.012253233,0.55355047,2.5652193
0.80451147,1.7566606,0.61539265,0.035249962,0.025181266,0.099224324,0.011939735,0.55736384,2.5385173
0.84646824,1.4966787,0.42876548,0.034968135,0.020573442,0.083718539,0.012864547,0.65443582,2.2902146
0.81521553,2.066369,0.47899131,0.02626189,0.012918596,0.064726246,0.012620994,0.58849399,2.3991889
0.81192862,1.5891577,0.5906604,0.035357638,0.012256195,0.095438973,0.012310405,0.61136868,2.4869609
0.8600018,1.7091717,0.36747739,0.041056895,0.018461358,0.097069651,0.011346978,0.53565113,2.2155086
0.84356564,1.4540983,0.4359734,0.032369098,0.047249721,0.094988258,0.014246105,0.61130777,2.3017948
0.81572268,1.9704032,0.58258327,0.038879295,0.010305082,0.095606551,0.01028492,0.58997421,2.5216571
0.77058598,1.7312656,0.51930135,0.031042941,0.050082972,0.08248843,0.022702716,0.59637329,2.2953918
0.77702383,2.1935598,0.58247923,0.018087922,0.01743726,0.079658878,0.010354408,0.51623687,2.5708903
0.81334683,1.6436583,0.57412613,0.037975848,0.034000745,0.09086487,0.010186998,0.80023706,2.4562471
0.75562067,2.0240174,0.57429111,0.030488458,0.010581577,0.078970375,0.015988113,0.51603923,2.3993663
0.82639999,1.8790161,0.59242256,0.033651339,0.02141327,0.086644356,0.011069022,0.77365846,2.5836177
0.81184115,1.7570805,0.53097129,0.043201336,0.01860106,0.082569281,0.010239499,0.62586209,2.3678072
0.83736162,1.6252361,0.50488433,0.039614447,0.025817122,0.073350141,0.01268889,0.65418046,2.3886103
0.82888197,1.1882359,0.5117852,0.035617827,0.025072501,0.099432734,0.010927232,0.61005957,2.3450576
0.82388859,1.9631047,0.5522883,0.032056642,0.021012284,0.098148436,0.013831383,0.62141981,2.5213752
0.82549379,1.4166917,0.44291711,0.022774405,0.01554564,0.08229511,0.010260553,0.62168846,2.3057424
0.79799973,1.630312,0.4698125,0.015704869,0.013627745,0.05785892,0.010121539,0.71411025,2.3384969
0.81320885,1.5423886,0.52518805,0.018639073,0.01325819,0.086364635,0.01186768,0.62119832,2.4558431
0.8141521,1.6057868,0.46206592,0.020520756,0.018993416,0.079429484,0.011004581,0.61561788,2.3404933
0.79783379,1.6439248,0.52378535,0.018862774,0.018773301,0.086494786,0.010420741,0.68945018,2.4244761
0.82832944,1.9019914,0.50558811,0.055225725,0.016253663,0.092623966,0.013702322,0.55398552,2.3301313
0.8001146,1.4310671,0.52287554,0.021155978,0.021845162,0.075232059,0.010138465,0.56610757,2.3887778
0.84564453,2.1264023,0.49119106,0.023242187,0.026613427,0.090244541,0.010317483,0.60538073,2.5244468
0.84681836,1.3667391,0.43110375,0.028181129,0.014278445,0.096101343,0.010418439,0.49156101,2.3110691
0.80993525,2.1084144,0.59824105,0.04298561,0.014080221,0.096342853,0.010263131,0.65183114,2.5349554
0.83507267,1.8672005,0.5831507,0.039960093,0.025232137,0.079919849,0.015018319,0.63907757,2.5522566
0.82340806,1.7179571,0.55515741,0.0318713,0.011291897,0.099454508,0.011289457,0.63550325,2.4917712
0.83721479,2.0553424,0.57606373,0.026814845,0.012200145,0.099690084,0.011548021,0.60295472,2.6477606
0.7911832,1.6229197,0.45358789,0.032399462,0.055316994,0.090387821,0.01173053,0.62431355,2.2174936
0.79529753,2.2369588,0.60853797,0.038630971,0.01026858,0.085799876,0.011422471,0.63106071,2.5608893
0.78883778,1.6707484,0.51207409,0.029528222,0.01029201,0.074375196,0.012347619,0.60125109,2.3296203
0.8261581,1.7558869,0.46551645,0.048811642,0.042892844,0.096942608,0.012138249,0.56315662,2.2699686
0.81647749,1.8242701,0.5641055,0.027697999,0.011989443,0.085837225,0.010255123,0.64161673,2.5281484
0.8159241,1.6109894,0.43524167,0.038625216,0.034200821,0.07943224,0.013007212,0.55322231,2.222214
0.81905156,1.6508964,0.51512018,0.036447732,0.012467172,0.072354698,0.011934191,0.41394777,2.3774748
0.84541206,1.7348206,0.46216391,0.031692532,0.029881252,0.091211974,0.012527881,0.72464018,2.3823452
0.78023932,1.7540592,0.51304582,0.045800459,0.011780596,0.051756526,0.012218206,0.47517984,2.2462209
0.80310162,1.7591856,0.52248774,0.030411219,0.011097579,0.065157144,0.010321374,0.70302576,2.3921545
0.79779088,1.4283668,0.61411852,0.030594941,0.011264482,0.081159501,0.010281831,0.72708968,2.4898165
0.81203907,2.0497444,0.3800471,0.046702564,0.033409365,0.090087609,0.013400821,0.45020628,2.1292817
0.84960863,1.3783861,0.60513124,0.031123668,0.018629668,0.092160752,0.010465803,0.58239449,2.604651
0.84545333,1.336615,0.61573576,0.04054049,0.015361572,0.090309228,0.011227241,0.61843757,2.551123
0.74220106,2.0156305,0.53668466,0.031993916,0.026229221,0.063322852,0.013973167,0.54375021,2.2854949
0.85582735,1.3911371,0.46037413,0.043891922,0.012967468,0.093353976,0.012309753,0.71018627,2.3179935
0.79800503,1.5310963,0.54015015,0.033419407,0.026413022,0.083498645,0.010929812,0.62444376,2.3649966
0.82949711,1.086946,0.53129279,0.033405281,0.035252109,0.094807567,0.012537189,0.5551528,2.3749164
0.86583866,1.8047151,0.45597921,0.039217619,0.015960898,0.099541176,0.010660377,0.64126378,2.3956696
0.78578761,1.5602478,0.5487761,0.036336784,0.02394056,0.097966932,0.015464123,0.55659604,2.3373421
0.79016216,1.2859131,0.57307814,0.04009453,0.024657267,0.097281477,0.024983258,0.62372191,2.3312304
0.85542319,1.9232167,0.45605257,0.022567566,0.012603209,0.070364576,0.010114834,0.60121361,2.4586489
0.82905297,1.7537598,0.47417458,0.03880942,0.02715811,0.089686775,0.02183036,0.50120129,2.3330948
0.79200295,1.7642161,0.54870967,0.024011845,0.01578695,0.074998326,0.010078688,0.69521028,2.4447825
0.87372175,1.852275,0.52441058,0.037028343,0.027452682,0.08854548,0.01004303,0.48051191,2.5566547
0.84154334,1.8033621,0.48668691,0.050683157,0.019449303,0.077344513,0.010213198,0.47866422,2.3394586
0.83567246,1.6446816,0.46368292,0.028677364,0.018111786,0.091920788,0.01047372,0.66838829,2.3648011
0.83653131,1.6583375,0.48244811,0.027505007,0.015340504,0.085941584,0.011064845,0.67882067,2.4077663
0.83480224,1.4179791,0.4652607,0.026999404,0.011967712,0.083968017,0.01095924,0.57202964,2.3490798
0.87165834,1.5615449,0.47222532,0.040506324,0.013330745,0.090819803,0.011476724,0.54714553,2.407881
0.78670527,1.9449416,0.52520831,0.026782814,0.023718103,0.078966687,0.010988281,0.58497653,2.3968506
0.87177802,1.5138074,0.44418649,0.043869345,0.0118673,0.086560136,0.011071368,0.54811297,2.3427073
0.87151978,1.5088227,0.42854252,0.048226018,0.013896212,0.070094994,0.014696771,0.50003324,2.2995646
0.86381991,1.517796,0.40903224,0.047454532,0.01468053,0.058207946,0.014529196,0.50235777,2.2544193
0.77911204,1.9238666,0.55958665,0.027297817,0.0288967,0.099760613,0.011347095,0.69454951,2.4363372
0.79049881,1.9188629,0.53398927,0.0238327,0.019272085,0.098871051,0.01367304,0.68718238,2.4354227
0.87506444,1.5032023,0.44267413,0.04327483,0.02331735,0.063354056,0.010991789,0.47295688,2.3496554
0.8668754,1.268403,0.42485804,0.039341004,0.015833579,0.079310435,0.011743765,0.53361536,2.2963034
0.86489104,1.2225262,0.42186088,0.037105292,0.016565099,0.079287675,0.012810971,0.53423159,2.2916288
0.85532619,1.4428754,0.44548353,0.049659446,0.015896981,0.089076058,0.013839673,0.62529567,2.2757713
0.78056817,1.8732852,0.55029448,0.021728851,0.022648754,0.084464714,0.010609022,0.51174778,2.4451048
0.83224393,1.3546807,0.48908445,0.058892428,0.013020213,0.076911683,0.013431153,0.5380459,2.2402062
0.83677674,2.2885202,0.44859217,0.023819446,0.02729532,0.096338735,0.010514438,0.56232065,2.4286756
0.8182407,1.285184,0.58124086,0.027354104,0.010249723,0.092918596,0.015088785,0.74129513,2.4848751
0.82969074,2.0091664,0.48866767,0.047671271,0.011164983,0.075305212,0.01026472,0.58336475,2.3490304
0.84066615,2.0227549,0.51319031,0.061573005,0.011591873,0.059903018,0.010456608,0.56145408,2.3596811
0.83680675,1.5668187,0.51695481,0.031734894,0.01237025,0.093321217,0.020645682,0.60637375,2.4387737
0.81904481,1.6639342,0.53592586,0.04492384,0.01031737,0.069983352,0.010323941,0.54143066,2.3745411
0.81782693,1.4857017,0.54782921,0.029850262,0.033841777,0.086351814,0.011840071,0.53113155,2.4420823
0.80400443,1.4492359,0.54672,0.030321206,0.028641248,0.085296558,0.011310034,0.55098068,2.396201
0.79962362,1.4237945,0.54470671,0.03551836,0.0363326,0.086683704,0.011822253,0.5504561,2.3522262
0.84586226,2.324081,0.4853927,0.03600443,0.01884996,0.086653011,0.011204905,0.60047119,2.4719916
0.84433304,1.2921533,0.40877523,0.045116248,0.021875994,0.079934207,0.011907777,0.50767979,2.198522
0.82487514,2.3374086,0.52445175,0.030814446,0.020752188,0.082013003,0.012108361,0.61691976,2.5262278
0.82247001,1.2883478,0.54825545,0.031333635,0.017706199,0.089638918,0.010885946,0.60091207,2.4204002
0.8164977,1.2879765,0.55816153,0.031554767,0.01552094,0.088748508,0.011174291,0.59581959,2.4197353
0.77919425,2.1846391,0.49425488,0.039989902,0.022972298,0.084073826,0.012593126,0.5433575,2.287185
0.78244582,2.1244957,0.5559333,0.032357119,0.029171674,0.074758081,0.012661565,0.52389307,2.4406755
0.76656243,1.8904807,0.56264565,0.036182079,0.026741224,0.080865591,0.012398441,0.52456905,2.358025
0.83640253,1.6754945,0.46130404,0.027117394,0.014479402,0.075987971,0.010454397,0.59665698,2.3727305
0.77010815,2.1809297,0.56754823,0.044405202,0.035412893,0.086937035,0.018411411,0.50229265,2.3774783
0.75541252,2.0065598,0.62991095,0.035617404,0.030255832,0.08576971,0.017436981,0.55846049,2.4723033
0.80129139,1.350962,0.67450217,0.043143763,0.015561029,0.06771276,0.01040742,0.51503192,2.5146728
0.79718712,2.1393242,0.57859538,0.028005567,0.028963664,0.098174785,0.010757839,0.87363633,2.5509061
0.82403735,1.4561719,0.54357427,0.041084246,0.021160726,0.098934688,0.016116093,0.47416025,2.3911449
0.82768185,1.2602826,0.51283215,0.035118822,0.025627768,0.098959848,0.016314939,0.47745193,2.3545532
0.81824664,2.0776655,0.49072136,0.042930153,0.013334895,0.089884729,0.010525107,0.63436235,2.3528772
0.86271825,1.2999583,0.44923266,0.031615358,0.021545693,0.086205745,0.010831197,0.43615708,2.3598707
0.79628581,2.2834376,0.63556526,0.030087952,0.013081994,0.092452841,0.014103358,0.67902376,2.6776723
0.81368121,1.2522637,0.42662744,0.039067153,0.022157749,0.061566105,0.010966757,0.56522505,2.1698901
0.85163992,1.3517492,0.51262628,0.037626373,0.024952131,0.090865662,0.011697151,0.50178828,2.4147188
0.78505352,2.3282015,0.54313499,0.030810181,0.015313865,0.061220968,0.011166802,0.65752722,2.4593774
0.81538952,1.3647687,0.51844068,0.038143745,0.023320396,0.084444903,0.010994531,0.46756225,2.3307126
0.81663689,1.7234237,0.52643953,0.031367526,0.013158279,0.066202434,0.011660635,0.55566547,2.4251351
0.81535118,1.9576485,0.4799786,0.041690196,0.015050785,0.089232652,0.01338726,0.49903424,2.3186174
0.79937487,1.5400836,0.51905955,0.035916137,0.023845326,0.078674152,0.012083263,0.6278841,2.3225031
0.81429332,1.9558096,0.59665012,0.037618785,0.011743442,0.087090865,0.010596543,0.60879792,2.5489776
0.81173839,2.0361777,0.60413376,0.037019443,0.01143788,0.088560382,0.011153635,0.68096131,2.5726511
0.82304977,1.686158,0.5838049,0.04419222,0.016622934,0.084511614,0.01522469,0.5496131,2.4724812
0.80615837,1.9211912,0.57605788,0.056753495,0.011646626,0.074246307,0.015790807,0.51317066,2.3880835
0.81222503,1.8949675,0.54309148,0.031357401,0.011194376,0.085711671,0.012572739,0.52379892,2.4673499
0.78433703,1.5495677,0.52560676,0.037583566,0.034006502,0.058494773,0.011491874,0.51552834,2.2881898
0.85244946,1.9161878,0.52744513,0.037194149,0.013567406,0.086234306,0.01009531,0.61279671,2.5150428
0.81014048,2.1486407,0.47193955,0.041314547,0.011449583,0.070194317,0.013957069,0.65805616,2.3135255
0.80992541,1.896692,0.41054101,0.048992151,0.011252163,0.052103359,0.011807389,0.72486828,2.1544659
0.81536007,1.9843868,0.42329065,0.046211157,0.01146617,0.052366201,0.011432798,0.71672893,2.2055322
0.8494049,1.9790181,0.55466402,0.040557588,0.011204375,0.089158117,0.011420588,0.65335623,2.5494127
0.7939841,1.7940256,0.49077223,0.033805318,0.014697423,0.052474198,0.010054461,0.58078304,2.3004942
0.80482565,1.875526,0.54363429,0.034709346,0.019502007,0.078351519,0.01001576,0.62262057,2.4290751
0.86607531,1.6498643,0.50504343,0.04500253,0.01979471,0.093636924,0.01016099,0.51769914,2.4390147
0.77657769,2.0284254,0.47994913,0.0272721,0.01736796,0.078719879,0.01202759,0.61007378,2.2931892
0.84542424,1.271625,0.53503145,0.03384781,0.022522215,0.08272191,0.014836071,0.548583,2.4439019
0.82349444,1.472448,0.52785813,0.033610388,0.01871261,0.083027166,0.012638767,0.6138844,2.4019519
0.82045802,1.9334827,0.54602091,0.029832936,0.018946765,0.093762749,0.014099428,0.54457218,2.5080453
0.81420009,1.8990662,0.53037249,0.028621314,0.030545493,0.095605434,0.016412718,0.59767734,2.4632693
0.85053173,1.4544308,0.53099422,0.043616107,0.020219226,0.095908361,0.011106115,0.55671687,2.4261128
0.86269824,1.6000569,0.55822447,0.047204678,0.029876318,0.09833026,0.010503835,0.52907202,2.5038483
0.79599558,1.4506777,0.58879543,0.025604173,0.010019017,0.065731614,0.014850807,0.54557257,2.4725792
0.84223007,1.8609553,0.45836621,0.050359968,0.010693471,0.094225127,0.010718651,0.57705673,2.3012601
0.82581,1.6564734,0.57072879,0.022548371,0.013614488,0.090062647,0.015406661,0.59175539,2.5701671
0.81062129,1.6029879,0.47865895,0.02085798,0.016942338,0.097393365,0.011129354,0.72296349,2.3597036
0.83805469,2.3014568,0.50963818,0.015619292,0.013771623,0.074580598,0.010171078,0.64371145,2.6085804
0.83878317,1.237553,0.5387725,0.055078015,0.04930937,0.080010994,0.010039453,0.51678273,2.3295055
0.85130383,1.4535253,0.50450707,0.044195883,0.031315948,0.075912985,0.010013702,0.45849876,2.3822919
0.83746121,1.4313288,0.5238017,0.050163713,0.027155606,0.08279755,0.010007977,0.45746736,2.3489108
0.8326112,1.9275875,0.55791476,0.047412849,0.012676885,0.05989805,0.010009963,0.45774266,2.4699716
0.81496328,1.6645939,0.52044298,0.022028094,0.015926408,0.063923403,0.014551021,0.74287461,2.4499224
0.85373884,1.7980173,0.48132286,0.053076265,0.031470455,0.098430183,0.010359769,0.45627733,2.3496951
0.79188057,1.7219363,0.55083705,0.019850161,0.01775067,0.074027269,0.014867649,0.67746014,2.4650101
0.81182054,2.368437,0.49456584,0.022421214,0.016405247,0.08444667,0.010947213,0.55346572,2.4777013
0.77452824,1.6888937,0.56648745,0.018185441,0.016988413,0.069695131,0.014489068,0.52349363,2.4515853
0.80678507,1.4199037,0.53850385,0.024132645,0.012902971,0.081865975,0.010975732,0.46401653,2.4171274
0.8073095,1.4336691,0.51648954,0.025579075,0.015896335,0.069652933,0.0128384,0.57506619,2.3747982
0.84839408,2.1571713,0.54343276,0.033731537,0.018932244,0.089186953,0.011271485,0.56112017,2.5862077
0.81605834,1.8232464,0.45559353,0.025721304,0.011564962,0.091406297,0.010132614,0.53558467,2.3326834
0.83047829,2.0834993,0.46506493,0.047223225,0.013557378,0.062668416,0.0101286,0.53901123,2.3192011
0.85782857,1.7801371,0.50352389,0.038210649,0.017675251,0.096560476,0.010153197,0.65063122,2.4628481
0.79955594,1.722858,0.51881073,0.039523265,0.014182277,0.060932045,0.011404634,0.49046925,2.3285797
0.83506321,1.4655525,0.4825014,0.032049105,0.010934694,0.08741096,0.010656873,0.6204512,2.3613214
0.80926417,1.8546395,0.47675581,0.045564298,0.028995686,0.090162183,0.014916833,0.49716418,2.2706003
0.84425851,1.382147,0.44926529,0.033996576,0.013482591,0.084811239,0.010800087,0.62707814,2.3118714
0.81578391,2.0632404,0.56643377,0.038142158,0.017981303,0.086286326,0.015228896,0.47770118,2.5090153
0.84948313,1.4092862,0.45062805,0.034538576,0.021122008,0.076802798,0.010091242,0.66804422,2.3273972
0.80143507,1.3305078,0.53110931,0.042045639,0.013187778,0.068230604,0.015123416,0.45778802,2.2929414
0.83342145,1.8564534,0.46412708,0.030244852,0.023170728,0.094387568,0.010610275,0.5500274,2.3751835
0.83813289,1.8631313,0.45341119,0.033925894,0.034525731,0.084586526,0.011809314,0.49922634,2.351573
0.83551224,1.420245,0.51981403,0.045375185,0.021099708,0.08855845,0.010358872,0.65784804,2.3578318
0.85339671,1.4247067,0.50888565,0.036651522,0.020255629,0.086830995,0.013740735,0.58184237,2.4263122
0.82159888,1.5153502,0.51109699,0.045663676,0.03528849,0.089850122,0.011900912,0.53969619,2.3190719
0.8323055,1.7445578,0.42855743,0.033515568,0.014494173,0.063776051,0.015005556,0.48683458,2.2834401
0.84610498,1.8702299,0.43644941,0.047622727,0.033986605,0.094542097,0.010704613,0.49072733,2.2856259
0.82867523,1.9514711,0.49723242,0.04715782,0.043904797,0.089757277,0.01204181,0.51490698,2.357288
0.79895657,1.4395458,0.51690524,0.026049273,0.010476708,0.064557169,0.011432526,0.69432813,2.3520399
0.79923389,1.7504121,0.54910341,0.0251028,0.011032071,0.066258487,0.010965778,0.78130466,2.4570641
0.82522033,1.8618133,0.51720424,0.045800433,0.06138925,0.098708648,0.016323836,0.44152874,2.3789418
0.82880669,1.4225212,0.55914832,0.035168425,0.011871168,0.093467932,0.011479648,0.60200583,2.454189
0.79172854,2.1129207,0.48196238,0.030684101,0.031741693,0.085801748,0.010786467,0.55602299,2.3295601
0.77349396,2.156083,0.50113635,0.03377472,0.04521152,0.075680964,0.011633847,0.55127264,2.3102257
0.84038486,1.4420912,0.56450307,0.037496212,0.013406543,0.086024556,0.013281708,0.64312206,2.4843643
0.83276386,1.6262901,0.53126132,0.046253653,0.034620549,0.092749075,0.011810244,0.56640863,2.3906157
0.81766589,1.7498774,0.48271563,0.038744292,0.026399651,0.090341634,0.011960988,0.56034885,2.3192657
0.81269836,1.863018,0.46916526,0.041010107,0.03111911,0.090530687,0.012453789,0.57399922,2.2860331
0.81208516,1.6339114,0.53176891,0.041014961,0.022140094,0.086193399,0.012578793,0.51920383,2.3643173
0.80951056,1.7342136,0.49036617,0.036131904,0.025066682,0.0903859,0.013914032,0.53501711,2.3217849
0.80697781,2.2688535,0.49355957,0.031455079,0.022829867,0.074433424,0.013685542,0.60620553,2.4055034
0.81556385,1.5914396,0.53366127,0.037136422,0.013776165,0.085312928,0.010924646,0.61774875,2.3894693
0.83300456,1.8023327,0.45495503,0.037463879,0.017932444,0.087279738,0.012889053,0.50156293,2.3202933
0.81213427,1.5404417,0.51535272,0.039759142,0.021052616,0.071910548,0.010998355,0.65448852,2.3313994
0.81520198,1.8330521,0.43335724,0.0396797,0.01529889,0.073968614,0.012757006,0.73244586,2.2334945
0.86818786,1.2505425,0.5356762,0.032768287,0.016991464,0.092867026,0.012273416,0.53205272,2.5071005
0.82727889,1.5637693,0.43792927,0.03869114,0.011094608,0.066106625,0.013560845,0.59161322,2.2496655
0.82916989,1.162986,0.42022874,0.035445379,0.015178588,0.077920055,0.013222668,0.60484963,2.2037318
0.87027429,1.6032082,0.48266716,0.044507981,0.011297519,0.090037838,0.010772261,0.5488348,2.4087148
0.78288335,1.5352887,0.5194435,0.029736088,0.014898396,0.060169612,0.010660497,0.63394775,2.3088048
0.85063545,1.6537977,0.48950249,0.026717915,0.019775163,0.087957399,0.015703805,0.48960991,2.4602328
0.83767555,1.5986498,0.45714504,0.040555794,0.010615128,0.083718907,0.010322388,0.74917912,2.3023629
0.84497255,1.6141166,0.48847482,0.039753212,0.010656232,0.085300975,0.010264107,0.69463789,2.3779624
0.77099644,1.6657093,0.56201194,0.031166468,0.011387315,0.070240401,0.014372279,0.43737033,2.361283
0.78797718,1.7206163,0.55826573,0.026355069,0.010338657,0.056226299,0.013248173,0.38367126,2.4328871
0.80841616,2.0284308,0.46631417,0.02563692,0.011935899,0.093476477,0.015102556,0.64459025,2.3559232
0.82192972,1.6493879,0.53624237,0.05159543,0.013247186,0.076464208,0.010848405,0.48994575,2.3499672
0.7990805,1.3359301,0.49605663,0.025814314,0.022060751,0.063763148,0.014310747,0.55949764,2.3057056
0.83161228,1.6780555,0.5077125,0.034797764,0.024285184,0.091035573,0.012643566,0.47964559,2.407835
0.85672772,1.7250112,0.43267851,0.036169762,0.019773664,0.092268349,0.012990741,0.63990737,2.3376494
0.81395815,1.9099126,0.53197036,0.040077733,0.016921098,0.080608921,0.010479258,0.54774402,2.4094617
0.7925061,1.7774385,0.54007115,0.033582052,0.023480133,0.057986007,0.010470456,0.48839969,2.3828198
0.82930713,1.381539,0.47954521,0.0312784,0.017116946,0.072669707,0.010057715,0.79668771,2.3360256
0.83549082,1.8903383,0.55077409,0.041435163,0.026204055,0.092599949,0.011354549,0.43982381,2.4894819
0.83973599,1.5286548,0.48391886,0.035273401,0.017180432,0.070396256,0.010758777,0.67145445,2.3678501
0.86748057,1.5589493,0.45812097,0.034875163,0.024344526,0.095328937,0.011065954,0.66362744,2.3980455
0.81967728,1.7165073,0.50973053,0.028677192,0.017700747,0.094412885,0.011292591,0.46615269,2.4152277
0.81429653,1.8701468,0.55462209,0.023386541,0.018681218,0.096327805,0.012957785,0.65362482,2.5348064
0.80058384,1.5502913,0.46888662,0.046520059,0.015226062,0.064230444,0.011723479,0.49577674,2.2014
0.83538634,1.6440214,0.48789761,0.030927175,0.027471886,0.091637233,0.012614252,0.61803966,2.3967589
0.78502407,1.6963214,0.53004284,0.02596027,0.025055221,0.076230167,0.01331916,0.63320224,2.3723547
0.79717429,1.5862037,0.49450971,0.037472466,0.036973491,0.08012108,0.011611454,0.6314861,2.2748475
0.8462231,1.6929564,0.47767176,0.038776679,0.011565913,0.074469968,0.010947562,0.3871051,2.3755444
0.81525522,1.6498097,0.48812998,0.026586395,0.024400476,0.095771222,0.01136254,0.75218064,2.3668397
0.83259022,1.7582969,0.59951415,0.023605006,0.018097035,0.090144901,0.010945032,0.71297771,2.6544609
0.78863118,1.5820637,0.50480918,0.026843055,0.01183282,0.06951124,0.012989926,0.57390901,2.3181826
0.85453799,2.0147237,0.49727735,0.050950301,0.029247293,0.095166237,0.010742261,0.60929429,2.4114925
0.76796886,1.5145121,0.50087262,0.026100591,0.013681715,0.057541304,0.011714335,0.48915869,2.2530315
0.79752822,1.8239834,0.5766483,0.031617006,0.046574461,0.098448341,0.013392003,0.54303911,2.4794114
0.81013689,1.816664,0.45361837,0.030011713,0.01387369,0.086050467,0.016420627,0.48529988,2.2945385
0.83677595,1.5976507,0.47929428,0.020323457,0.012975046,0.079999405,0.010807793,0.55255963,2.4306902
0.80375355,1.8152772,0.56253649,0.050462734,0.024538678,0.075776216,0.0100793,0.63654868,2.3741949
0.79905126,1.8285812,0.60793671,0.043990069,0.026000599,0.07795406,0.010787986,0.46317667,2.4743304
0.8155996,1.829022,0.56873367,0.02068405,0.012721673,0.087242726,0.010259065,0.67714187,2.575647
0.78960043,2.1632958,0.57448203,0.042638354,0.011356431,0.07780156,0.010275246,0.72961363,2.4471304
0.80248455,2.1970186,0.54528705,0.039364232,0.010772482,0.090537274,0.010521312,0.68485977,2.4465804
0.81939472,1.552024,0.58063908,0.037327932,0.024094747,0.079026012,0.010100579,0.6835007,2.473331
0.82692468,1.7730452,0.56936066,0.041562378,0.028181676,0.093220495,0.010262286,0.4977205,2.483616
0.82595466,1.7229822,0.44199163,0.02844517,0.015502188,0.089600078,0.014796016,0.61103046,2.3106516
0.80725859,1.6019552,0.55550247,0.038628916,0.011176334,0.085275507,0.010403775,0.47046434,2.3991157
0.8167037,1.6260817,0.45448452,0.035290239,0.033813125,0.097357867,0.013182396,0.61509315,2.270757
0.82788672,1.7759635,0.52271743,0.021934034,0.012253971,0.082783929,0.011106645,0.49504964,2.5037218
0.79586815,1.7650831,0.50793651,0.049413744,0.012105467,0.060763839,0.01493461,0.66845553,2.2628668
0.81718998,1.5905664,0.46596022,0.024867834,0.025208067,0.08718659,0.011033628,0.57770764,2.3335784
0.84214619,1.4263549,0.54519796,0.023581304,0.020786939,0.093120301,0.011104427,0.47826933,2.5274534
0.84970636,1.7096625,0.54716884,0.040395499,0.021885344,0.098943865,0.011828182,0.47881665,2.5005104
0.83220353,1.7430294,0.52948172,0.041350861,0.034272051,0.098978248,0.011821505,0.44795843,2.4240954
0.85523586,1.3951659,0.48546894,0.039383705,0.015625805,0.07121432,0.012272235,0.48910817,2.3763164
0.77017387,2.2402785,0.54749059,0.029832746,0.023730756,0.076211569,0.010909911,0.67018961,2.4216203
0.76641558,1.8897297,0.59531459,0.040766387,0.014832475,0.064247816,0.012076171,0.63076437,2.3922796
0.76213965,2.0056828,0.59090881,0.040226842,0.015588429,0.062708931,0.011979967,0.62094144,2.3939327
0.81635438,2.6998558,0.5523847,0.032879809,0.019974456,0.081469893,0.010458354,0.6627805,2.6030723
0.81523458,2.3243917,0.4936899,0.039156789,0.016155701,0.082836565,0.010087348,0.64420557,2.3965502
0.82939907,1.8266446,0.5114529,0.041299777,0.023619782,0.071360341,0.010026976,0.59957097,2.39598
0.79549565,1.8692487,0.56502791,0.026902038,0.02037543,0.073205802,0.01030496,0.60958335,2.4846684
0.81677579,1.9851446,0.45169635,0.044955132,0.017995604,0.090536412,0.014679454,0.49734444,2.2620915
0.81516568,1.5387184,0.49170821,0.040453537,0.019718104,0.065186123,0.011581683,0.52326265,2.2972061
0.83869106,1.757715,0.51008861,0.031794716,0.010129257,0.084720299,0.011385148,0.52734297,2.4546513
0.81936145,1.8900937,0.51841139,0.047662098,0.043440409,0.092878924,0.010527503,0.68719944,2.3613065
0.8072251,1.5462897,0.49101228,0.023228578,0.011235476,0.06932155,0.01019793,0.51754451,2.355168
0.83069178,1.7116453,0.53610452,0.029757154,0.011236076,0.094642747,0.012096173,0.64054852,2.4862507
0.82748631,1.5675765,0.53968979,0.024983521,0.011178585,0.091727353,0.011395571,0.68040892,2.4901295
0.83179733,2.006438,0.52455195,0.042573111,0.014325973,0.097421193,0.0109687,0.6545073,2.4417026
0.83362482,1.4518258,0.47666341,0.033557103,0.016086359,0.081218868,0.011039441,0.4562478,2.3395762
0.82276679,1.3316216,0.49829544,0.042623364,0.020800874,0.085523927,0.012305133,0.67773492,2.2941452
0.80977507,2.1448581,0.47683294,0.032795362,0.016704319,0.080553748,0.012477141,0.50661778,2.3592874
0.81687208,1.2577268,0.5254074,0.041886277,0.013603686,0.070741169,0.010886887,0.55556044,2.3152908
0.81090842,2.0371946,0.49053805,0.032220744,0.010980304,0.074591263,0.017730926,0.48741112,2.3785754
0.82424404,1.7311799,0.45358649,0.04495721,0.010392314,0.078526705,0.012726347,0.50173475,2.2587938
0.81874564,1.4741282,0.49152682,0.039157707,0.011934225,0.087221362,0.017174933,0.54290567,2.3043164
0.8120702,1.9327793,0.45428728,0.023006886,0.011517369,0.067356005,0.010507118,0.51365302,2.3440026
0.83057827,1.9116679,0.48671454,0.028751078,0.011769965,0.078387653,0.010641558,0.60168004,2.4234872
0.83692234,1.7838785,0.49716667,0.03199605,0.012901824,0.080184226,0.011166263,0.56145044,2.4285499
0.82977855,1.815711,0.45527086,0.02537282,0.01369988,0.089511919,0.010544189,0.54015223,2.3675561
0.80659099,1.7074299,0.57221422,0.036467999,0.02541637,0.081617194,0.013973774,0.53906483,2.4522812
0.80192941,1.7135597,0.57590902,0.040408143,0.024028319,0.08253579,0.012962978,0.53736652,2.4270671
0.85774519,1.7357417,0.42563147,0.034312705,0.015510578,0.082793377,0.010451959,0.60376077,2.3364233
0.85143064,1.7047583,0.46387856,0.044327547,0.031213306,0.085917104,0.010405949,0.66129447,2.342119
0.80429334,1.883241,0.53159808,0.030932048,0.017870153,0.0859299,0.018861508,0.48350515,2.4256496
0.81442375,1.7060963,0.51346459,0.038371369,0.018735072,0.076954469,0.010228247,0.7226789,2.3605496
0.81915081,2.1071392,0.51789716,0.036930273,0.011264236,0.085261527,0.011172183,0.52963619,2.4373039
0.83655822,1.9668996,0.55076076,0.037319639,0.023607588,0.08240261,0.010232298,0.75730848,2.5240909
0.79269863,1.9918721,0.54792149,0.041656113,0.018282891,0.082828778,0.011067191,0.73284822,2.3868564
0.82518618,1.2885909,0.38391039,0.034280338,0.021065475,0.089681527,0.013668083,0.45123426,2.1532516
0.84570262,1.6267196,0.58254172,0.045999991,0.020217632,0.085829025,0.010438525,0.63229017,2.5112188
0.79911576,1.6346796,0.49143095,0.035327094,0.014740418,0.077982469,0.010283472,0.59506902,2.2895826
0.87602662,1.5948534,0.4792362,0.037185463,0.012704125,0.095167301,0.013493747,0.48087709,2.4494182
0.88671893,1.4221777,0.4480573,0.035634286,0.01322749,0.096782591,0.015157604,0.48082625,2.4117073
0.76783638,2.0719844,0.56215864,0.037704513,0.023289023,0.075066356,0.010679039,0.69399342,2.3791058
0.81107962,1.5772891,0.55640239,0.031495058,0.015462976,0.087466812,0.012538679,0.45874384,2.4434609
0.82713052,1.8224803,0.48831767,0.056355575,0.015334646,0.062533748,0.011717846,0.54593238,2.285664
0.8196366,1.9068917,0.4867964,0.033196146,0.012109278,0.071525906,0.010303546,0.59220637,2.3741167
0.88228774,1.2876075,0.48978601,0.03085996,0.011557952,0.094625706,0.010243164,0.59730372,2.4796934
0.77107934,2.1797283,0.54470133,0.037320894,0.012709793,0.078397648,0.01537485,0.54780361,2.3721123
0.80391384,1.9486459,0.53775024,0.032554664,0.026656755,0.078646796,0.011113657,0.51381766,2.4366948
0.79514458,1.8759275,0.54617266,0.033098836,0.021729057,0.086420473,0.010841054,0.50341817,2.4166565
0.79674364,2.2177864,0.52902288,0.036336357,0.047880453,0.090009987,0.010468215,0.48014717,2.4184325
0.82859259,1.1288788,0.48268385,0.03682617,0.011063691,0.071340333,0.015448223,0.65373243,2.2875848
0.87004315,1.2955589,0.48589288,0.03946553,0.033583143,0.090835631,0.010091517,0.50552614,2.4029238
0.80881215,1.9198242,0.4648235,0.032345836,0.01088575,0.079950555,0.013132831,0.66289945,2.3119761
0.86216572,1.8392168,0.51196299,0.034171477,0.018819052,0.092031007,0.011596828,0.52971729,2.5165765
0.81956156,1.8054493,0.46707345,0.041586866,0.025125268,0.07229255,0.010967513,0.58083835,2.2909878
0.81115961,1.8565153,0.57251335,0.034656879,0.013803641,0.080418551,0.01060641,0.5486708,2.4965068
0.82631415,1.9141443,0.47867149,0.026618025,0.017414221,0.079921676,0.010520659,0.65428006,2.4078546
0.78560118,1.7126865,0.58010577,0.028271941,0.022551345,0.0749523,0.014788356,0.50419941,2.4548689
0.78673494,2.3927923,0.55359783,0.044434343,0.019008018,0.086303568,0.011340852,0.58543619,2.4238795
0.7843114,2.3275954,0.56989817,0.04527734,0.037832532,0.076669294,0.014383891,0.55304248,2.4354704
0.79207644,1.513482,0.5300181,0.025887088,0.012794459,0.064212065,0.011870832,0.55017448,2.3669367
0.79845607,1.6421388,0.55424684,0.024560456,0.012372282,0.078151972,0.010333091,0.55532246,2.45189
0.82217245,1.9713101,0.49022238,0.048113819,0.019822807,0.076768258,0.010458766,0.71830205,2.3271418
0.83701457,1.7717253,0.50265476,0.038625997,0.016337684,0.07753055,0.010376183,0.77938295,2.405668
0.8119349,1.663647,0.50875827,0.035388561,0.026475611,0.091676265,0.011530125,0.47961344,2.3548324
0.83130997,1.4623505,0.47950214,0.034065302,0.015049588,0.096814298,0.026194234,0.47552407,2.3373522
0.83899891,1.2775348,0.42861426,0.047574617,0.024634765,0.085023399,0.011978416,0.46217143,2.2048743
0.84351021,2.1344656,0.48424388,0.032973668,0.013684118,0.087644745,0.010897266,0.5546262,2.4567613
0.81458253,1.5011792,0.48123159,0.045235017,0.029915761,0.073643325,0.013646064,0.50383259,2.254923
0.85079508,1.6278132,0.45045992,0.034901088,0.02592305,0.094054698,0.011231438,0.5880446,2.3501236
0.80361109,1.8454819,0.54428791,0.040573664,0.014463915,0.061308565,0.01167643,0.54240519,2.3939232
0.80539928,1.5695573,0.52278396,0.031498876,0.035405861,0.088951859,0.012269984,0.58739816,2.3689925
0.87740958,1.9476544,0.41488814,0.038801263,0.014084431,0.095572261,0.010727966,0.5788051,2.364919
0.84655686,1.5514749,0.54013864,0.044600059,0.022802622,0.098605077,0.012853187,0.58562204,2.4386739
0.82687569,1.8098185,0.38033179,0.03879665,0.016334615,0.052448487,0.011219039,0.52871815,2.1738556
0.82468192,1.7045753,0.43303215,0.035899441,0.025861189,0.087350962,0.011656903,0.45851106,2.2592115
0.81878161,1.6831947,0.43581813,0.03969277,0.019273799,0.09029819,0.011621248,0.46584322,2.2325501
0.84112575,1.832119,0.51168671,0.036232334,0.020364529,0.086982804,0.016721933,0.50622629,2.4510626
0.81545305,1.8164219,0.48013704,0.038181448,0.024766616,0.094643433,0.011135451,0.64094995,2.3190363
0.84408076,1.7770217,0.54997882,0.034492522,0.018874734,0.097300191,0.01284794,0.55622293,2.5309384
0.77846808,1.8925616,0.53788693,0.049222155,0.037419637,0.073092713,0.013996012,0.46031154,2.2849642
0.77288532,1.5417967,0.52942323,0.043798426,0.011633898,0.061622305,0.014353982,0.42951598,2.2364045
0.80939534,2.0450539,0.57712519,0.028771614,0.013798166,0.084757259,0.010346812,0.76064711,2.5618416
0.76087103,1.8209478,0.53265675,0.02791923,0.023289734,0.075438631,0.013148041,0.52562033,2.3204277
0.78158447,1.6629071,0.52176425,0.034236283,0.01808388,0.057140493,0.01260514,0.56899972,2.3044613
0.83013304,1.9806897,0.54204597,0.035050677,0.012882794,0.099177106,0.011874389,0.61863923,2.5046163
0.82832768,1.3992211,0.44066817,0.041627304,0.010143933,0.057744994,0.01101012,0.55409133,2.2300552
0.87191545,1.8049247,0.4442646,0.041996487,0.010129407,0.096597194,0.012716845,0.50476499,2.3779954
0.87285906,1.7927786,0.45679315,0.046559651,0.010087575,0.097433136,0.012728832,0.52924806,2.3816458
0.82705819,1.550435,0.46312737,0.033118293,0.010276301,0.058369274,0.010903351,0.56191517,2.3126559
0.82782556,1.5612996,0.52609997,0.031782015,0.011292009,0.076415478,0.012916412,0.54237746,2.4306143
0.79314477,1.6871413,0.54487142,0.040347516,0.045008245,0.085253473,0.01091431,0.61588777,2.347829
0.81554773,1.8708082,0.52207387,0.031667069,0.011280214,0.068833251,0.01046283,0.59070481,2.4318745
0.78577327,1.4909589,0.52660472,0.029933791,0.014473411,0.062208008,0.01025017,0.65097143,2.3217895
0.80502257,1.6938087,0.54103561,0.021071988,0.022195077,0.096206703,0.015091514,0.5714238,2.4711973
0.81960188,1.8837336,0.49981243,0.039460303,0.018202657,0.068821406,0.010498058,0.65074415,2.3659558
0.80692387,1.5797291,0.50266908,0.031735818,0.023903725,0.080354507,0.010388281,0.50805053,2.3384709
0.80435817,1.6874159,0.47255351,0.026397814,0.019326683,0.07564593,0.010355261,0.49948627,2.316167
0.82646223,1.8571111,0.50353159,0.043602609,0.020152308,0.094891976,0.013875328,0.6791059,2.3677626
0.82165038,1.5485179,0.43508,0.032841102,0.017669676,0.073085098,0.010083108,0.4587472,2.2531271
0.85253124,2.1842471,0.51423592,0.047083175,0.01768684,0.082705609,0.010019511,0.72018843,2.4750195
0.77496253,1.553028,0.51444907,0.025868878,0.023153377,0.055136459,0.010167319,0.47669229,2.3002071
0.76237795,2.0894462,0.50760647,0.028515286,0.021067296,0.05236384,0.010384644,0.65817308,2.3103029
0.74836002,2.1295332,0.56920368,0.032446506,0.045520349,0.078308078,0.011958077,0.6465496,2.3762005
0.74194364,2.2055436,0.57068564,0.031560868,0.048334657,0.078494115,0.012732832,0.64598566,2.3780657
0.79598481,1.9965281,0.52358553,0.03262802,0.02168004,0.07672542,0.01035405,0.61802314,2.3954982
0.8056008,1.9933781,0.52668218,0.035305661,0.023734104,0.080778028,0.012809878,0.74407784,2.4124959
0.82306463,1.2650841,0.47832377,0.042546155,0.014810843,0.073020302,0.01261507,0.66414034,2.2576918
0.81531708,1.6603501,0.51618613,0.039093745,0.022298355,0.071632857,0.012461843,0.5026906,2.3585377
0.80031027,1.7867754,0.49468684,0.03450093,0.012939746,0.086268448,0.018026057,0.49090895,2.3194305
0.81421128,1.7467795,0.55971204,0.035305735,0.027693854,0.08525402,0.010024995,0.6695148,2.4618134
0.80329769,1.7519523,0.56302777,0.034331604,0.028494413,0.084689046,0.010255277,0.68913739,2.4448336
0.84423918,1.9058581,0.45097217,0.023464398,0.014762808,0.088545298,0.013904646,0.54973451,2.4141789
0.80025727,1.5254683,0.59694143,0.016938625,0.01630423,0.08660178,0.010374109,0.5441894,2.5617291
0.81087783,1.5708402,0.60551084,0.01691419,0.017364281,0.09456303,0.010367564,0.53510435,2.615745
0.80977017,2.0239686,0.48496576,0.032632857,0.026943402,0.09960947,0.014208285,0.59325325,2.3617416
0.83051,1.6877205,0.59128809,0.035988667,0.017341107,0.098872928,0.010379453,0.63206224,2.5494972
0.83356031,2.0486056,0.54659481,0.032576421,0.017328424,0.099079863,0.017623537,0.59572854,2.5449194
0.81791505,1.6709778,0.48289806,0.037423843,0.037996739,0.099345445,0.010207479,0.53904737,2.3173261
0.82823184,1.6034959,0.49929642,0.044669098,0.013008898,0.070789349,0.01135643,0.58437659,2.3311558
0.79268525,1.5736493,0.53856602,0.037792945,0.01651816,0.074843042,0.010143503,0.38846694,2.3331444
0.82454493,1.8900879,0.50710509,0.03465743,0.016357433,0.096142367,0.012818698,0.73774388,2.4150372
0.79111077,1.6192525,0.51110925,0.035678151,0.021715237,0.086938951,0.012226562,0.47925703,2.2988861
0.79014406,1.5131847,0.50756315,0.030927232,0.02665675,0.082887501,0.01078658,0.4708347,2.2993237
0.80291176,1.6252049,0.54052048,0.027652211,0.024999385,0.068574096,0.010703756,0.65133546,2.4202389
0.82217351,2.0392615,0.5643075,0.04121853,0.01687442,0.085443637,0.012614765,0.52941964,2.5019854
0.83098594,1.3749682,0.43294617,0.036029224,0.017445503,0.080733463,0.011907339,0.61610958,2.2440251
0.87301649,1.1642021,0.49943545,0.035657478,0.018450748,0.086212328,0.010516522,0.55211627,2.4351613
0.83939741,1.8130596,0.4809522,0.044620167,0.010919177,0.08042239,0.011856126,0.58122299,2.3514806
0.83117888,1.7233402,0.48874088,0.032327023,0.026418562,0.085046488,0.010448387,0.57526864,2.3900214
0.8104878,2.0216888,0.46415997,0.045463414,0.012929395,0.077998987,0.017973218,0.45897034,2.2698859
0.80563464,1.4030884,0.53952245,0.024018716,0.028259486,0.084589163,0.010549933,0.59821851,2.4141273
0.82036676,1.3201764,0.48080762,0.03398485,0.022414036,0.079682216,0.010334312,0.59950878,2.2968038
0.85469337,1.6699324,0.48504113,0.043417969,0.018175228,0.083939104,0.012762356,0.62743204,2.3861286
0.78305561,1.8894205,0.55307954,0.031281971,0.017655116,0.06446885,0.010318865,0.60000099,2.4087581
0.84017576,1.5859193,0.45970797,0.031902612,0.012474239,0.086345188,0.017427433,0.55578137,2.3485786
0.80344038,1.9563574,0.5126369,0.040130113,0.027269981,0.078849745,0.010149704,0.60209499,2.3536077
0.81949017,1.7304419,0.50151539,0.03461984,0.013240768,0.076118113,0.010030001,0.51892312,2.3730646
0.84381787,1.7052331,0.46278775,0.04288576,0.016166554,0.065123679,0.013723625,0.55133476,2.3277323
0.77735008,1.9041532,0.59943603,0.028442513,0.042988838,0.091138549,0.011847297,0.61251617,2.4978893
0.80554315,1.6128121,0.61146708,0.026384622,0.016010401,0.081349246,0.012318234,0.54291457,2.5615028
0.77796839,1.5854673,0.53014071,0.031341934,0.012803076,0.067939411,0.016641765,0.62322936,2.3129559
0.80777689,1.7335072,0.5720897,0.035873029,0.012201999,0.071085379,0.010321123,0.68670555,2.4621382
0.80149572,1.8664179,0.51035699,0.03021128,0.024179671,0.09312136,0.018827436,0.52182757,2.3804359
0.85315901,1.8051108,0.46430743,0.046395298,0.014593826,0.066111405,0.01048403,0.58195125,2.3484517
0.82202413,1.6010918,0.52837386,0.029806661,0.028337583,0.097849235,0.014136441,0.61577056,2.4345939
0.8042572,1.7988767,0.51685859,0.034067879,0.024785534,0.096638343,0.010685319,0.54299605,2.3722731
0.82061694,1.7849676,0.54955796,0.030918338,0.018646377,0.091732779,0.013683844,0.54391397,2.4885729
0.84202472,1.4056367,0.43611414,0.018763707,0.017590579,0.078017489,0.010176257,0.67578595,2.3523486
0.81136219,1.536083,0.51151786,0.028040957,0.019517344,0.080667851,0.010742643,0.54698323,2.3775359
0.82030192,2.0020179,0.48681173,0.046880933,0.023708425,0.09194161,0.013502003,0.5605605,2.3252929
0.79646296,1.5151608,0.54795615,0.015697581,0.016885994,0.075031265,0.011009102,0.65453606,2.465084
0.83326276,1.6052236,0.47099453,0.039771737,0.021428138,0.072803356,0.011298572,0.50104507,2.3183788
0.85591361,1.5536058,0.47379772,0.050206761,0.015959651,0.077712559,0.01079754,0.59007163,2.3295856
0.84834511,1.6560274,0.47129682,0.050465129,0.016919754,0.088029627,0.011072562,0.60180069,2.3164883
0.79996423,1.8230639,0.53670192,0.027564303,0.020218407,0.068750338,0.011194883,0.5588509,2.4329697
0.78554756,2.3007326,0.53910431,0.041631325,0.017778438,0.068107931,0.010282933,0.47712385,2.3941147
0.82451818,1.4587052,0.45834497,0.028789194,0.010318326,0.083158833,0.011121188,0.59973099,2.3075853
0.85080858,1.4164912,0.48156708,0.050964197,0.010315662,0.067971181,0.01421488,0.47758904,2.3120799
0.84670732,1.5789462,0.45789086,0.050278284,0.010638085,0.089831748,0.012431748,0.52362789,2.2844552
0.80945427,1.6997407,0.55237976,0.032486177,0.013700773,0.058870606,0.010487253,0.63920154,2.4441233
0.8362908,1.7398818,0.43289645,0.047390436,0.014657397,0.084349,0.010787229,0.49730956,2.245566
0.7864256,1.8137595,0.55493875,0.034101838,0.0150001,0.058790295,0.010533562,0.67463489,2.3958928
0.80346744,1.6379702,0.5304949,0.029030262,0.015727508,0.061812958,0.012953942,0.57646898,2.3985141
0.80584423,1.7937826,0.52574962,0.027934668,0.027561496,0.088838663,0.011253684,0.61087433,2.4222264
0.81789167,1.7923018,0.46848137,0.041459948,0.022358049,0.092634459,0.014030004,0.48187428,2.2884351
0.82181936,1.6565575,0.50545787,0.032774671,0.013358309,0.092598862,0.011112701,0.63761103,2.3858554
0.82693794,1.6776616,0.49062693,0.036976388,0.012786709,0.095204636,0.011047249,0.61115854,2.3559771
0.84823394,1.7854446,0.53714421,0.034655095,0.011289861,0.098642237,0.015388087,0.51074746,2.5182629
0.84240559,1.4382008,0.51411049,0.037099212,0.011839692,0.098515777,0.014128581,0.55517678,2.4064793
0.79912821,2.0003931,0.52725139,0.032831643,0.027062049,0.085606563,0.016596319,0.48053884,2.4100209
0.78029663,1.7654564,0.50636989,0.037195408,0.027418188,0.093630756,0.012292045,0.51498036,2.2741547
0.84810567,1.5221925,0.54364355,0.028363868,0.021269757,0.075233943,0.01341388,0.61552019,2.5276883
0.82582706,1.6414692,0.43701091,0.025586164,0.016794954,0.09527795,0.010451407,0.64262104,2.3058778
0.8544082,1.627616,0.5085412,0.031088001,0.020062666,0.095659622,0.023094535,0.62769324,2.479931
0.81011716,1.4578403,0.43640066,0.049609657,0.017963987,0.053893842,0.010048471,0.59419008,2.155471
0.84001637,2.4328369,0.53273633,0.031320632,0.023952987,0.098063514,0.010898443,0.48763385,2.5931819
0.8310903,2.3352733,0.41485964,0.031406952,0.019251327,0.092260226,0.01796644,0.58496332,2.3170087
0.83260525,1.7983593,0.47184314,0.038881306,0.023933786,0.095794013,0.013064816,0.66788797,2.3422933
0.83266658,1.7413079,0.54267614,0.03079502,0.02332214,0.099057598,0.011171608,0.59941144,2.502157
0.81181515,1.7886766,0.53539835,0.032335981,0.012823847,0.067915372,0.011413392,0.540623,2.4325479
0.79941203,1.7988272,0.49437361,0.032786008,0.018841337,0.073227904,0.010367099,0.54658161,2.3258309
0.81950767,1.8077964,0.55857944,0.039312441,0.013726267,0.088418403,0.016781153,0.64015898,2.4615888
0.80597367,1.5904389,0.52917215,0.035123801,0.018441207,0.076431814,0.010069158,0.53168843,2.3666163
0.80041417,2.1090153,0.45425841,0.033442331,0.019560818,0.064465145,0.010678041,0.69593153,2.2866116
0.85979284,1.4597908,0.50795877,0.036135389,0.023213893,0.093315393,0.013574959,0.49436435,2.4476992
0.85762713,1.7945321,0.45060123,0.044312408,0.020087037,0.067465587,0.013066464,0.53855191,2.3436012
0.81202917,1.6462708,0.53494835,0.039661405,0.018454973,0.08843232,0.011023653,0.56643968,2.377533
0.78763202,1.6121618,0.5533603,0.021845981,0.016774951,0.090404813,0.010768238,0.72826179,2.431373
0.81005198,2.0311975,0.48864449,0.02806264,0.016124237,0.094158322,0.010514866,0.62040273,2.3919367
0.82182913,1.6889854,0.49871691,0.032566942,0.041998552,0.08674919,0.010172348,0.56824544,2.3788367
0.79295618,1.6952641,0.49118921,0.030490342,0.06272812,0.092524732,0.010091831,0.54050069,2.3021818
0.83332352,1.7860142,0.52823881,0.047653311,0.010267135,0.078916438,0.01384373,0.67534583,2.4003961
0.81606846,1.7978194,0.55503768,0.035694625,0.010173488,0.081913505,0.01070595,0.57432662,2.4634376
0.82200865,1.8200212,0.43492536,0.037829594,0.013304167,0.070749511,0.014141249,0.5553337,2.2588258
0.81898082,1.7589393,0.42912781,0.04011166,0.0131071,0.087775239,0.013778869,0.56684924,2.2271828
0.82761863,1.8566467,0.50247601,0.023659552,0.026444997,0.080396664,0.012297551,0.4523127,2.4649871
0.82030584,1.9476142,0.51303625,0.04229788,0.019732851,0.080658477,0.012542171,0.51131412,2.3858202
0.8347173,1.6818148,0.49462089,0.042606209,0.016265885,0.080924895,0.012561492,0.4976704,2.3575148
0.82219828,1.610264,0.48470042,0.033682613,0.02250212,0.086150451,0.010447643,0.62705871,2.3411396
0.80247943,1.5789486,0.5462193,0.042704884,0.012778698,0.056546452,0.010237069,0.58484411,2.3485361
0.80527159,1.8932289,0.56264939,0.042339291,0.011401365,0.062373454,0.010275428,0.55148908,2.4286175
0.80980084,1.5511958,0.60290859,0.042301655,0.01119412,0.081064794,0.016235826,0.7272371,2.4593286
0.86577931,1.8259281,0.37128508,0.02601481,0.014611042,0.085749802,0.01279311,0.49643097,2.2982687
0.81122109,1.7613117,0.56492011,0.04261395,0.014880979,0.096080127,0.010087199,0.6412437,2.4280069
0.80003845,1.9253656,0.47218134,0.026810223,0.021050828,0.078098169,0.010034673,0.63814978,2.3289267
0.82843817,2.0586736,0.52718637,0.029674693,0.014282285,0.081675635,0.01006551,0.60053998,2.5100895
0.83509672,1.7860486,0.42966232,0.028215731,0.013605766,0.099443344,0.010568609,0.62201276,2.3181528
0.85894741,1.7802444,0.48326876,0.031545127,0.016691572,0.099680999,0.010552852,0.613145,2.4607435
0.83731468,1.9158636,0.5117335,0.049430113,0.024267898,0.099613173,0.011708738,0.69592324,2.3896448
0.82044572,2.0267708,0.53110561,0.031653836,0.024885696,0.096796079,0.01320569,0.58473615,2.4822888
0.84397494,1.3959993,0.45001863,0.04418323,0.021477035,0.09828772,0.011799133,0.53236269,2.2722628
0.84263343,1.3938802,0.51856336,0.042922387,0.02893052,0.099089976,0.01670357,0.54445921,2.3818161
0.85354445,2.1017461,0.52952017,0.031119046,0.015062523,0.093454066,0.010305518,0.53207832,2.5782408
0.85238654,1.1971962,0.4708655,0.052421097,0.032460678,0.096701674,0.010266067,0.63549234,2.2723282
0.83184284,1.2770489,0.46444184,0.037994586,0.028247313,0.093441037,0.010349446,0.56459367,2.2782375
0.8362175,1.8688191,0.44719989,0.032664762,0.016316022,0.073245602,0.013985303,0.43300239,2.3416125
0.84502326,1.5391742,0.53949417,0.032668987,0.022159259,0.087855495,0.01087102,0.67407536,2.4916631
0.84275768,1.8304903,0.46194725,0.040192688,0.037273978,0.088776889,0.014816184,0.65942755,2.3477531
0.79035353,1.7625833,0.55663327,0.034324274,0.011186173,0.062035231,0.010435183,0.51610924,2.4008734
0.82952806,2.2606843,0.43181125,0.035209503,0.01423818,0.072327774,0.010667308,0.66459101,2.323328
0.82186471,1.8405066,0.60668363,0.039587906,0.011037634,0.085715701,0.014236042,0.59590508,2.5585021
0.8234966,1.9129703,0.62218012,0.047269913,0.013506911,0.076686856,0.011021762,0.50440818,2.5602286
0.82326198,1.8709706,0.61111175,0.046333142,0.013204028,0.084944932,0.011898812,0.51005602,2.5380152
0.77412301,1.5556824,0.6518772,0.038150497,0.042468471,0.086843824,0.012107831,0.45762689,2.4685331
0.7696709,1.4849472,0.60461062,0.039381632,0.01638134,0.08268209,0.01499641,0.45952921,2.3601094
0.8025327,1.4358305,0.557193,0.03819409,0.010902754,0.057887045,0.019751971,0.51884868,2.3687877
0.82625901,1.8251832,0.45857909,0.040868452,0.012168813,0.083388219,0.0105038,0.55313004,2.2979467
0.84163277,1.8700169,0.46169145,0.046700025,0.013656733,0.068324574,0.016909995,0.55095376,2.3211574
0.82151886,1.8497066,0.46874794,0.038264518,0.015092434,0.07299643,0.012350912,0.57203602,2.3174429
0.82510312,1.6142598,0.48565566,0.021444295,0.016140592,0.097878128,0.011720505,0.53781825,2.4085682
0.84045756,1.6757993,0.49858723,0.029043749,0.022836807,0.098467853,0.010201147,0.54554258,2.4418252
0.82754922,1.5204288,0.48633522,0.043314586,0.016634145,0.079654797,0.013635003,0.54837707,2.3051475
0.80714266,1.7426028,0.47209609,0.038838482,0.015912852,0.069672195,0.011909966,0.48296485,2.2737696
0.79936643,1.6791976,0.47424259,0.035110303,0.016269609,0.061373033,0.016563272,0.52686715,2.2670903
0.85855183,1.7863503,0.50286812,0.035667482,0.026525746,0.093025918,0.010406889,0.62270903,2.4765821
0.80588752,1.7469699,0.54208403,0.0242952,0.013356193,0.070000334,0.010529409,0.54110941,2.4655248
0.83399638,1.7140601,0.4769641,0.046078311,0.027705942,0.085503776,0.012331493,0.60156044,2.3147684
0.81843856,1.6676758,0.4702608,0.025500896,0.013087437,0.084346253,0.011224596,0.52652101,2.3499164
0.82762003,1.875069,0.57706554,0.031637226,0.033244887,0.087429437,0.011387571,0.58335092,2.568341
0.8284925,1.603127,0.40840955,0.034368615,0.015702286,0.09700885,0.013902236,0.59230282,2.2243009
0.84883546,1.9545851,0.5281378,0.032355588,0.020064583,0.090259135,0.011410553,0.50250241,2.5371684
0.81851461,1.3252902,0.45602364,0.039794336,0.015737533,0.074899585,0.010815697,0.63182591,2.2298337
0.85979732,1.9680038,0.43522702,0.040487563,0.022673515,0.083081998,0.014509089,0.39821653,2.3540175
0.77188818,1.6690041,0.58731246,0.030968735,0.01822778,0.062424928,0.010452309,0.81322006,2.4094711
0.79955193,1.4768326,0.5343045,0.022521976,0.018675409,0.084354453,0.014519221,0.65097567,2.4065401
0.84990251,1.5436667,0.47709905,0.028189307,0.011766807,0.088424341,0.011363421,0.51211338,2.4162165
0.8258775,1.7432565,0.51037542,0.042822189,0.018783534,0.078316384,0.015575064,0.5745366,2.3682233
0.82247179,1.7180002,0.45085081,0.032384172,0.023181283,0.073801157,0.010294997,0.59612915,2.3002482
0.7991701,1.7680574,0.57889454,0.036971017,0.016115111,0.089592672,0.017845548,0.6180021,2.4508769
0.81651687,1.7008984,0.61095204,0.039748543,0.035221227,0.097456242,0.010385938,0.75551622,2.5285443
0.80545206,1.9206676,0.57545237,0.03226494,0.012149927,0.060467275,0.010180597,0.54784138,2.5094491
0.82765678,1.4753657,0.55001879,0.041182039,0.010838142,0.095852141,0.021146776,0.51623805,2.4130918
0.78140616,1.9982917,0.44705008,0.020844382,0.034487676,0.084397966,0.010155654,0.6337431,2.2690458
0.8225141,1.4701336,0.63673414,0.04565404,0.014587771,0.072180201,0.017992587,0.63935447,2.5180251
0.82310071,1.6216206,0.61648107,0.042235056,0.030471936,0.094904204,0.010412089,0.61877974,2.5292755
0.7815026,1.5550672,0.60755259,0.029981607,0.015852446,0.069319335,0.016866665,0.66319646,2.4581902
0.77297535,1.4777785,0.61108534,0.028137793,0.014549978,0.075533946,0.016356341,0.67291987,2.4383742
0.82236891,1.9378631,0.41344108,0.025727038,0.030694643,0.079273912,0.010558885,0.45970463,2.2811815
0.84792717,1.8144862,0.42406592,0.026224598,0.022454991,0.079070418,0.010415011,0.50987593,2.3507962
0.78463294,1.6731763,0.59894027,0.041077908,0.016420313,0.077750902,0.015984168,0.57803622,2.4113785
0.77852295,1.9567264,0.5385403,0.031897023,0.011918195,0.062145834,0.013184005,0.65054184,2.3762411
0.85537646,1.6584199,0.53543902,0.037423255,0.031314802,0.084757546,0.0107068,0.54502716,2.5026538
0.80564098,2.1467293,0.45077924,0.043633429,0.019108448,0.082779715,0.012021247,0.490116,2.2545404
0.81905426,1.7030172,0.53113097,0.024900647,0.018848773,0.092429781,0.010267481,0.52858337,2.4707307
0.82615172,1.6042238,0.52556346,0.028993769,0.015702906,0.089045509,0.011827865,0.55245923,2.444904
0.82938666,1.7854099,0.47897688,0.041895174,0.019906177,0.095785143,0.012940877,0.60390393,2.3321666
0.83276016,1.2413002,0.51293427,0.029922108,0.02893808,0.09811694,0.012124836,0.52418094,2.3901094
0.81949559,2.1528243,0.48212185,0.019893544,0.012799314,0.068634405,0.01064506,0.66860408,2.4583725
0.80698102,1.3945785,0.57628894,0.05560944,0.018819379,0.076892703,0.0126887,0.54227024,2.3222125
0.85517193,1.9025056,0.39650659,0.022931514,0.014044235,0.082897535,0.010676205,0.59946149,2.3383097
0.82679437,2.4680306,0.51800925,0.056184514,0.034237965,0.091431162,0.01385831,0.64776099,2.4105035
0.81698556,2.3028249,0.49176234,0.042329131,0.023579002,0.093533043,0.01529745,0.67833246,2.3800697
0.8239709,2.2499896,0.50654155,0.042059412,0.025308662,0.094205435,0.014555917,0.6863623,2.4207462
0.79724438,1.8676116,0.5284249,0.033264399,0.019345008,0.06503961,0.010459973,0.50368645,2.3877375
0.81466229,1.6013986,0.47428214,0.035030612,0.022288698,0.069749808,0.015168844,0.48275757,2.2974997
0.82560175,1.7910515,0.49164878,0.026327428,0.024155369,0.087595751,0.010447572,0.57621335,2.4177384
0.85977928,1.737393,0.44170539,0.031673329,0.01773122,0.087774491,0.011240025,0.61558981,2.3815307
0.86243697,1.7515515,0.43394608,0.030432019,0.019724825,0.087306384,0.012331281,0.62011547,2.3807797
0.84860494,1.8251724,0.46307598,0.031344513,0.017541371,0.090932609,0.015052432,0.62157273,2.4030485
0.80672655,1.5947518,0.48042172,0.040717969,0.020892113,0.073811256,0.010249707,0.48175934,2.2628469
0.82183905,1.9574605,0.51145222,0.029526748,0.017190434,0.095958679,0.011871435,0.6733923,2.4499313
0.81106188,1.7620943,0.43027497,0.03422339,0.012968738,0.077127594,0.011429629,0.45672543,2.2331663
0.84519971,1.7264775,0.44985488,0.039677437,0.011646507,0.078176731,0.011004316,0.411084,2.3246935
0.80361738,1.6629341,0.52347572,0.029319756,0.031509209,0.092908378,0.010322982,0.74332421,2.3882365
0.82326974,2.1585967,0.5623227,0.048580684,0.031698399,0.075331445,0.015083324,0.60814834,2.4803294
0.82141426,1.5120137,0.53478091,0.016532686,0.030553859,0.099921636,0.012627444,0.57859067,2.5032538
0.79654169,1.3648954,0.50409069,0.015218954,0.0378675,0.099851776,0.011221131,0.61587287,2.367749
0.79570888,1.3660288,0.56285997,0.019827224,0.037112925,0.099439551,0.010650318,0.56051172,2.4452568
0.82947965,2.0847288,0.48963518,0.028204776,0.02127201,0.098764929,0.015806624,0.62159951,2.4492753
0.81541844,1.5886917,0.57417756,0.042055213,0.011083992,0.07385546,0.010484374,0.54205347,2.4328822
0.82620813,1.9828155,0.46079725,0.036463956,0.010877787,0.07579388,0.013824378,0.62553756,2.3365408
0.80142394,1.5600763,0.51869558,0.021165163,0.010733934,0.075224097,0.01123142,0.55884188,2.4016111
0.81782908,1.4999862,0.50547802,0.025924849,0.010158175,0.070368213,0.013794259,0.57775682,2.3896786
0.84216315,2.0220906,0.47020039,0.048199174,0.035726508,0.083206925,0.011482589,0.50684866,2.346299
0.84379956,1.9002994,0.465137,0.043643328,0.033747496,0.086363041,0.011258098,0.52886596,2.3482476
0.82511871,1.9097042,0.51538682,0.039109784,0.0109074,0.0700496,0.015359557,0.53174569,2.4126282
0.8144678,1.9622452,0.56403101,0.034924963,0.02092304,0.098854892,0.011974863,0.68320713,2.5034558
0.83634146,1.5554275,0.43912404,0.03680651,0.012440395,0.083401648,0.010288382,0.50032286,2.2805255
0.77169823,1.9440846,0.62262918,0.032474997,0.019090548,0.086050075,0.013543131,0.80278082,2.5100757
0.76745522,1.7821936,0.61119538,0.031191963,0.026517828,0.089694527,0.011686394,0.79855621,2.457151
0.84467501,1.673729,0.49493477,0.04525664,0.010519039,0.084580369,0.010923883,0.49564745,2.3701926
0.81199535,1.7399473,0.50288559,0.03079004,0.056048017,0.095091116,0.011808732,0.5798975,2.3755859
0.8003318,1.7588293,0.52522619,0.036074495,0.010204918,0.071049905,0.010684596,0.61143705,2.3623029
0.82974656,2.1862906,0.48939698,0.029789113,0.010141089,0.081362782,0.011851985,0.60212367,2.4536254
0.76642518,1.6610889,0.58812087,0.033482031,0.013035586,0.053953282,0.011807403,0.62934883,2.3817619
0.7909561,1.6400245,0.56228647,0.037333484,0.010008143,0.08042592,0.012743186,0.54183236,2.3798045
0.81610897,1.9817207,0.50961065,0.022849912,0.010110506,0.067979979,0.011092116,0.66634368,2.468848
0.80916762,1.6107616,0.55672558,0.030238368,0.030182067,0.098078856,0.010539864,0.46097961,2.4502869
0.84218102,2.1241262,0.40772125,0.035110223,0.022777351,0.068759352,0.012434741,0.67753186,2.2967899
0.82077848,1.1939727,0.58951885,0.033942929,0.010849901,0.093160231,0.01006939,0.68988479,2.4558715
0.82895733,1.7795355,0.47772317,0.040766991,0.046866542,0.096046539,0.016723766,0.68892445,2.3332104
0.82752606,1.3935516,0.53485987,0.020216638,0.011649291,0.097927921,0.010255929,0.51296504,2.4833615
0.86988921,1.3023859,0.57803568,0.018886796,0.016360942,0.097282248,0.010487139,0.55474618,2.6726968
0.83332974,1.2747136,0.54563565,0.021985476,0.013384002,0.095861088,0.010732228,0.57855059,2.4921642
0.82750554,1.0236476,0.52485263,0.02363684,0.012473631,0.085963866,0.012831423,0.67721334,2.3994307
0.82576304,1.4536384,0.50026248,0.027982248,0.01281269,0.0671907,0.010185643,0.56279012,2.3855912
0.83212577,2.0383859,0.52070824,0.047934528,0.01517105,0.092677757,0.010038593,0.5870816,2.4141124
0.84901437,1.7355794,0.49179177,0.044306682,0.012005897,0.092633222,0.010024773,0.58693769,2.3867636
0.82583522,1.5717033,0.44186953,0.033793092,0.011502983,0.080394403,0.012440724,0.51264014,2.2730796
0.82002365,1.6089492,0.58558715,0.026588869,0.010635494,0.065534731,0.010592575,0.52503073,2.5516434
0.79280429,1.8396355,0.56714827,0.026442819,0.010546209,0.094960552,0.012893731,0.75120004,2.4795508
0.80279494,2.1834281,0.54849004,0.024814167,0.010305605,0.070401482,0.011892182,0.53291361,2.5291799
0.80339895,1.3716644,0.47060164,0.025121963,0.05613357,0.073593275,0.010438151,0.66447812,2.2816355
0.87567561,1.2426144,0.54450073,0.045947125,0.010071044,0.080318054,0.014756598,0.51352631,2.4737629
0.83243637,2.1174208,0.49927239,0.027380786,0.011560953,0.090918226,0.011208349,0.59824883,2.4841942
0.82344497,1.3062449,0.45525022,0.049669849,0.010515085,0.061525329,0.014146626,0.48667209,2.2009053
0.81836555,2.2335526,0.4494389,0.029856733,0.020252765,0.07872185,0.011616626,0.62359985,2.3505836
0.82569822,1.273229,0.51672949,0.021001238,0.018467365,0.086622223,0.011699154,0.56967966,2.4263811
0.797218,1.9944256,0.52907736,0.033077584,0.012323443,0.082812851,0.014376844,0.71323662,2.4064829
0.8444082,1.5551256,0.47643603,0.043758001,0.030406154,0.076578924,0.010695118,0.46256205,2.3327072
0.78184298,1.7823313,0.55232715,0.035884122,0.012349589,0.070735372,0.015541535,0.5627075,2.3659331
0.81764646,1.7974409,0.50419185,0.036802981,0.020789079,0.083673093,0.010945361,0.56786038,2.3708687
0.80388078,2.0896243,0.48122476,0.031435813,0.024087098,0.066749802,0.010680869,0.52882286,2.3528216
0.80413945,1.7326224,0.56805355,0.026778219,0.011540744,0.071714839,0.01049056,0.68894865,2.4939052
0.79716635,1.8972257,0.54063581,0.041290887,0.031048144,0.080239776,0.01054446,0.49697867,2.3743656
0.85017386,1.4768326,0.41545918,0.034217096,0.015311121,0.077343651,0.014184753,0.6701273,2.2784835
0.84837329,1.3545382,0.46644786,0.033120724,0.015709318,0.082199296,0.011474794,0.56379446,2.3513699
0.82365876,1.9659195,0.46677692,0.025203432,0.012179616,0.090750335,0.017711135,0.43466251,2.3907646
0.81464991,1.9426417,0.50390601,0.049856649,0.025399023,0.066884429,0.010623472,0.48477392,2.321305
0.82465973,1.6721824,0.45438952,0.041586619,0.019896096,0.07224922,0.010718528,0.53161877,2.2689029
0.85928461,1.5701173,0.43648524,0.030464857,0.018415758,0.079287353,0.011661289,0.56458064,2.3603591
0.78376625,2.0038845,0.56795814,0.021581796,0.016505533,0.086016471,0.013633316,0.56844424,2.5088523
0.81736609,1.865881,0.52957083,0.043402073,0.043209247,0.087664224,0.01061426,0.6041844,2.3923218
0.83673175,1.6011964,0.44900655,0.024581437,0.010234213,0.077001971,0.014318325,0.5031122,2.3552112
0.81162739,1.6839402,0.54284982,0.053391738,0.012234948,0.053499464,0.011187815,0.63522901,2.3310642
0.79461062,1.6608046,0.54944233,0.034119689,0.012004981,0.076218389,0.011780269,0.56816839,2.3862073
0.8369061,2.0800162,0.45139015,0.022557203,0.013138776,0.081981052,0.011875594,0.55952554,2.4189092
0.8166851,1.8141626,0.53686636,0.029759605,0.010200049,0.090951398,0.013429107,0.53771913,2.4646862
0.79883362,1.8303326,0.47934297,0.043303224,0.014612891,0.067478903,0.010935201,0.60164601,2.2560175
0.82606085,1.6830815,0.56385045,0.029814616,0.022667179,0.095218694,0.010430564,0.56950356,2.5208767
0.81599955,1.5639471,0.45342481,0.039787396,0.036154979,0.078459086,0.010598988,0.5397564,2.2427983
0.80340719,1.3639523,0.56563397,0.029951472,0.013221245,0.076454842,0.015936182,0.55209331,2.4163895
0.7976797,1.4331548,0.51632654,0.035548432,0.024909048,0.073518342,0.011456898,0.57927185,2.3021729
0.78070694,1.2295952,0.57485762,0.032009361,0.017822069,0.066625397,0.011505068,0.67461303,2.3405405
0.80128786,2.3596946,0.51046838,0.034133062,0.012097268,0.075611852,0.013104218,0.51675255,2.4227804
0.79922535,2.3197473,0.50830613,0.036575214,0.011949928,0.087363221,0.012251053,0.50381212,2.3963394
0.78717002,1.4495392,0.55524654,0.038113763,0.033112072,0.080366574,0.010493422,0.62758771,2.3278417
0.82244556,1.7591005,0.46832794,0.022548273,0.012575112,0.080403376,0.012993879,0.65902827,2.3805024
0.82922627,1.7304296,0.45420909,0.02172166,0.012490042,0.076750552,0.011321082,0.62902853,2.3721521
0.81486746,1.627048,0.44173604,0.021812348,0.011679977,0.083299538,0.011713443,0.5956922,2.3018542
0.80016055,1.9383482,0.61587321,0.019268906,0.014928612,0.088602518,0.011158038,0.47385928,2.6547085
0.80973947,1.6578541,0.46476821,0.031496238,0.010797965,0.060562406,0.01004865,0.79960056,2.2902629
0.82823166,2.2826011,0.53506054,0.047112487,0.050366291,0.098610228,0.012418326,0.45944257,2.4656581
0.80228358,2.0328237,0.52886091,0.033334514,0.017722802,0.093357098,0.012170251,0.60009627,2.4229978
0.83852369,2.1087286,0.44783677,0.034299111,0.02228404,0.064755344,0.01064719,0.49844346,2.3651623
0.84524123,1.3926656,0.51858228,0.040709576,0.024028201,0.094273467,0.016649247,0.57042674,2.3985617
0.76093576,2.140497,0.52311284,0.031166223,0.012633468,0.052394982,0.010082683,0.63781498,2.3297665
0.77123412,2.0582993,0.56696393,0.034803219,0.015237241,0.063032939,0.010182124,0.6667837,2.409721
0.80928727,1.5414474,0.51891918,0.03065304,0.022639911,0.085846244,0.011203307,0.51051753,2.3729629
0.80085594,1.9565984,0.51854925,0.02527104,0.026237168,0.081030841,0.012723948,0.58607499,2.4305054
0.83181535,1.3873481,0.47591714,0.049981877,0.013406499,0.061598159,0.012225703,0.55272893,2.2582039
0.82155776,1.6371263,0.51155052,0.026456036,0.011074665,0.084883821,0.012581692,0.58748095,2.4246105
0.81366281,1.9489125,0.54501622,0.045922023,0.024693109,0.068308566,0.011818733,0.63210343,2.4089118
0.81461476,2.032199,0.57345648,0.041546207,0.01506999,0.091698576,0.012938279,0.60036205,2.4966985
0.80737195,1.6914993,0.45756552,0.031053236,0.034442672,0.072949192,0.01279254,0.50713553,2.2772785
0.82034326,1.5817278,0.42682023,0.039712077,0.037987345,0.060419682,0.0120749,0.53760631,2.2125576
0.82141597,1.4399895,0.52665247,0.038687835,0.012512457,0.094944834,0.010448799,0.65771464,2.3661436
0.83489737,1.4579742,0.53437005,0.045963828,0.012053111,0.09626144,0.010347169,0.60158118,2.3812978
0.82392075,2.1272133,0.52622419,0.026767412,0.018953652,0.093714816,0.015925979,0.64618969,2.5210003
0.82453491,1.4909917,0.44230025,0.021876954,0.023561257,0.088115965,0.01016091,0.51986641,2.3135176
0.80978838,1.9716859,0.56870577,0.051774151,0.013406334,0.088330176,0.014147224,0.6001814,2.4155521
0.81737471,1.9423308,0.47238254,0.022130814,0.026571012,0.072902701,0.011156218,0.4972221,2.397702
0.82500538,1.569459,0.49384547,0.018608073,0.015846092,0.087789044,0.013908855,0.57866318,2.4324386
0.84254378,1.7203464,0.45906805,0.060136428,0.017572637,0.06826944,0.010841618,0.54293826,2.2519701
0.78050296,1.8731835,0.53415089,0.016678012,0.016143263,0.06626587,0.011223645,0.65574283,2.4410038
0.81385665,1.9747576,0.57141828,0.019214081,0.021077445,0.094814443,0.010586096,0.65533423,2.6076133
0.8058095,1.469427,0.46865474,0.053864839,0.017198569,0.059100505,0.010654737,0.57209025,2.177741
0.80747497,1.64542,0.59045247,0.037100224,0.021025661,0.075654854,0.010531788,0.59380714,2.4740119
0.85238093,1.821226,0.40765968,0.034501912,0.020234738,0.092049996,0.014517867,0.58263466,2.2982727
0.81072097,1.2231108,0.53687443,0.019419273,0.022179249,0.079293746,0.011070356,0.54084187,2.4226951
0.8090514,1.5061561,0.53209858,0.021935265,0.020732845,0.070918984,0.012231967,0.63720373,2.4350015
0.82143325,2.1152371,0.53800658,0.046087779,0.019305746,0.090059526,0.011622948,0.62349752,2.4371277
0.84578661,1.5913678,0.49119159,0.048846632,0.01297918,0.088877646,0.010763986,0.55616929,2.3421622
0.85333025,1.7240528,0.5260278,0.04447629,0.024081956,0.069855208,0.012448417,0.55474327,2.4543545
0.82960431,1.5621933,0.53121832,0.042413949,0.029222109,0.089838939,0.011835545,0.57300824,2.3924317
0.81566378,1.7903333,0.4774666,0.028242609,0.012000534,0.067458836,0.012012786,0.64809572,2.3567854
0.82166689,1.5666553,0.52214029,0.044919006,0.019764834,0.082113982,0.012859551,0.55086912,2.3463993
0.83355654,1.3149122,0.48578029,0.035142472,0.011370372,0.070587555,0.012875302,0.57073297,2.3324087
0.83484868,1.497173,0.49781762,0.043829841,0.010797111,0.066664316,0.012717613,0.59714932,2.3369526
0.81198356,2.0623213,0.54370922,0.030030185,0.010395553,0.081757709,0.011712505,0.62559631,2.4981538
0.76864054,2.1566817,0.61778032,0.044060344,0.010493979,0.060100265,0.014377596,0.6395776,2.464598
0.84805892,1.5807355,0.4382745,0.024995288,0.024301889,0.08534324,0.01048727,0.60745127,2.3605
0.83764513,1.4995843,0.47927066,0.031699778,0.018252929,0.079476939,0.01426749,0.50185074,2.3676987
0.77941531,1.7970161,0.49114088,0.026846593,0.016829528,0.062225054,0.010372106,0.54349247,2.296019
0.818795,1.8976989,0.47669813,0.032881962,0.014364246,0.076043927,0.011451768,0.59437744,2.3538983
0.80702812,2.0280363,0.56997235,0.047558937,0.031369762,0.077302412,0.010107907,0.58012208,2.4393661
0.8067074,2.1449745,0.54049115,0.040055775,0.022811965,0.070177962,0.010263982,0.51742736,2.4377721
0.77452488,1.4646219,0.49134215,0.024660321,0.024152758,0.075623402,0.011072121,0.55176876,2.2546339
0.80056677,2.0449505,0.61792412,0.026383883,0.011721345,0.096471995,0.012009138,0.74032183,2.6339553
0.81631308,1.7265346,0.56655105,0.042318259,0.038286754,0.088955704,0.012780402,0.64893889,2.4406031
0.82815022,1.7858988,0.47264273,0.029018057,0.011385542,0.07815282,0.01249275,0.50586393,2.3755911
0.79199805,1.7259709,0.53986034,0.034070313,0.02519759,0.06604631,0.011753658,0.6805436,2.3717712
0.81939864,1.7747482,0.46759961,0.038622146,0.01089059,0.080534161,0.015808193,0.59603005,2.3008162
0.81552501,1.7474232,0.53306419,0.032727095,0.012915389,0.081393205,0.010250125,0.59945392,2.4305227
0.84821722,1.9771565,0.50560953,0.034775171,0.013507167,0.086570488,0.01014107,0.57567174,2.482678
0.80045336,1.5323441,0.50459681,0.03897634,0.011092429,0.055129385,0.010008891,0.59426593,2.2867785
0.84789444,1.7879112,0.45229018,0.028457827,0.023521831,0.088267102,0.018127595,0.57086324,2.3906532
0.84247691,1.5675001,0.53788774,0.042078587,0.030420538,0.099086242,0.01029012,0.49693461,2.4387552
0.86397015,1.8659091,0.47782712,0.02551233,0.018760775,0.083852428,0.015460802,0.63650524,2.5025674
0.81963339,1.6144804,0.48759233,0.037710996,0.020955547,0.07448531,0.010003286,0.4762218,2.3220545
0.80200861,1.8605382,0.42415998,0.040926743,0.031503549,0.062383735,0.01001164,0.49111641,2.1838666
0.81300355,1.5749649,0.53709684,0.03662283,0.014800175,0.078589241,0.010011826,0.80206537,2.3890292
0.8303954,1.713187,0.45898561,0.039053426,0.023776804,0.089338355,0.027746018,0.42568599,2.3051747
0.85565363,1.5532654,0.4413055,0.031648814,0.01615873,0.077134049,0.010129536,0.54105632,2.353085
0.82504426,1.283193,0.45364472,0.037903365,0.017859942,0.07694312,0.010751181,0.46267341,2.2457337
0.86657558,1.2940324,0.45237033,0.042405686,0.013224146,0.07438557,0.012499053,0.4700496,2.3285165
0.85120516,1.2153934,0.48440928,0.05155231,0.013735113,0.08590856,0.014694289,0.51717395,2.2941482
0.83404689,1.6834327,0.43780626,0.034597731,0.017786085,0.071052975,0.011728119,0.61399633,2.2936318
0.83074938,1.4643936,0.4475338,0.036748547,0.021355902,0.074849749,0.015455415,0.55463101,2.2722158
0.83443472,1.4492433,0.40071157,0.039472677,0.018103859,0.086587757,0.013209491,0.48749678,2.1950484
0.82968001,1.9336791,0.51724168,0.043500108,0.019287249,0.092158739,0.01034871,0.63005802,2.4096538
0.83308759,1.5074894,0.50443255,0.033709711,0.017826296,0.068361961,0.010593428,0.63752423,2.3906803
0.80477847,2.1512796,0.56970173,0.035877621,0.012301988,0.075032684,0.014576769,0.61581913,2.5115063
0.79859844,2.0463589,0.57772251,0.037585487,0.012081675,0.063124704,0.014833162,0.63303745,2.48577
0.78476472,2.0613722,0.62776967,0.051075683,0.017220391,0.076059127,0.010771292,0.61529191,2.4723866
0.80412044,1.9877071,0.5717408,0.043985429,0.012883456,0.057826731,0.010137185,0.56079192,2.447192
0.80750057,1.7758761,0.48884025,0.030367302,0.020462143,0.075796373,0.018551797,0.60612293,2.3450716
0.85001623,1.2806878,0.53494103,0.036153756,0.014900729,0.082106405,0.010044234,0.53329166,2.4453885
0.81183435,2.0576311,0.47014621,0.0401365,0.022001128,0.0936211,0.01969047,0.5218389,2.3098329
0.82642498,1.2848042,0.51300921,0.0406342,0.01572967,0.081780995,0.010197968,0.57170734,2.329402
0.82145745,2.1302461,0.44525679,0.035913622,0.022392654,0.084401035,0.016435318,0.55336508,2.313428
0.7984159,1.8361742,0.5835072,0.03790085,0.025500555,0.070726964,0.010872378,0.56294191,2.4625209
0.83091483,1.779325,0.45172117,0.036024013,0.020291324,0.091024806,0.012193676,0.65088882,2.3133036
0.84176268,1.5124114,0.46284121,0.036424136,0.028947804,0.0904419,0.015679486,0.52004537,2.3306902
0.79866471,2.1911707,0.56930613,0.035684841,0.018709192,0.069423031,0.010569331,0.69045813,2.5015935
0.81495387,1.7804484,0.5986154,0.036645512,0.016384153,0.091315388,0.010033602,0.56477594,2.5320791
0.78071034,2.0396894,0.46779147,0.035602352,0.021890007,0.069012127,0.010017514,0.63931351,2.2458131
0.82465003,1.7269182,0.58085091,0.033028065,0.017211339,0.091613062,0.011498996,0.65392053,2.5372353
0.85630213,1.3816418,0.542078,0.030220065,0.020062555,0.090062205,0.011283974,0.51927117,2.5175574
0.80021845,1.0955253,0.47681259,0.045675907,0.01721705,0.050849211,0.01158234,0.56515677,2.1692525
0.81580056,1.116953,0.52292,0.031373415,0.01365076,0.079313418,0.015436283,0.57751358,2.3397261
0.87734522,2.0503533,0.46474708,0.043898452,0.010724184,0.073474125,0.010629479,0.55312076,2.4439169
0.77495445,1.5190547,0.62709044,0.029839031,0.035244272,0.079946517,0.010308167,0.57023551,2.4688805
0.77417649,1.5878459,0.63767534,0.029027453,0.036981957,0.083196435,0.010194138,0.58268464,2.5019872
0.78948915,1.7025664,0.53280331,0.029085307,0.02242551,0.08999244,0.010230957,0.66513536,2.3742471
0.80403895,1.9932718,0.5344884,0.027879926,0.026075962,0.074364488,0.010031018,0.66189262,2.4610887
0.76061855,1.8249213,0.52891737,0.027164797,0.019435426,0.068422338,0.010365263,0.64451604,2.3172447
0.76516562,2.0011974,0.52856903,0.026370203,0.023418655,0.065130991,0.010453254,0.6779371,2.3562171
0.78276609,1.8884652,0.5547286,0.041434443,0.01811715,0.076082093,0.019863446,0.62951872,2.3601989
0.85418361,1.5457987,0.42416096,0.029084508,0.022860934,0.080014088,0.010086298,0.52046397,2.3298562
0.80840836,1.9551434,0.61573154,0.03589208,0.014433868,0.075822424,0.014969883,0.61056695,2.5790635
0.7685417,1.6450442,0.49955805,0.033981202,0.044414761,0.066631466,0.010951108,0.51775165,2.2326461
0.81844884,1.5005024,0.56331492,0.018191696,0.013198246,0.086114689,0.015372367,0.63354955,2.5376919
0.77304405,1.6095633,0.55502484,0.0192807,0.011707948,0.081907185,0.016488971,0.55191089,2.4082963
0.78602033,2.10539,0.57949124,0.02246104,0.011964355,0.077930148,0.01233475,0.62898287,2.5491652
0.79611806,1.5545642,0.54351662,0.029894587,0.025980157,0.08339404,0.012163777,0.57581586,2.3864674
0.83018289,1.9131208,0.42780311,0.028786341,0.015443424,0.07488292,0.010781476,0.60099148,2.3120153
0.83760481,1.6422098,0.49418909,0.039396165,0.023510273,0.085422929,0.013461079,0.64222671,2.3739556
0.80446538,1.531337,0.56563041,0.040776916,0.017479931,0.073495719,0.012461799,0.54191528,2.3882935
0.80727851,1.2534535,0.45368082,0.029297349,0.01149128,0.068534793,0.013398532,0.56560563,2.2337694
0.82617761,1.9989583,0.557041,0.041377895,0.01087677,0.092492454,0.010856938,0.6245914,2.4922635
0.80650581,1.5243333,0.45815297,0.023828188,0.031969597,0.074309439,0.013308349,0.60025825,2.2903173
0.81391184,1.4188502,0.56049905,0.029617926,0.029226241,0.098067745,0.011025169,0.49113694,2.4453803
0.81329016,1.3876072,0.5656297,0.029157132,0.03875496,0.098222726,0.010506072,0.50680999,2.4504289
0.88974833,1.3451892,0.50694282,0.05567788,0.013717922,0.098814677,0.010614159,0.57333573,2.4184224
0.76526255,2.1272958,0.56400692,0.022836053,0.025478932,0.093176318,0.017339701,0.49777709,2.4624971
0.768663,2.0805689,0.54907334,0.02580826,0.029786816,0.091353371,0.017736236,0.44579187,2.4189521
0.77664615,1.8386113,0.5399164,0.030963744,0.025460479,0.082020647,0.02062941,0.43490025,2.3623543
0.78033468,1.9146205,0.57566852,0.043986931,0.024752834,0.062060284,0.01119301,0.52462024,2.381824
0.78308727,2.0483954,0.58115347,0.047016555,0.01592208,0.070863426,0.018987312,0.54510895,2.4033679
0.77639071,2.1533806,0.60468561,0.035425641,0.026048576,0.081007818,0.013191238,0.56054011,2.506949
0.78147893,1.9160819,0.58422042,0.029523948,0.018809937,0.073545559,0.015273321,0.6026214,2.4761019
0.89998258,1.6357323,0.40586424,0.042044667,0.0150468,0.079458434,0.010020081,0.59602413,2.3645793
0.84270971,1.808854,0.48634351,0.034678033,0.030345821,0.096603786,0.010020749,0.46419669,2.4135971
0.85128421,2.0833837,0.44859982,0.041850736,0.023971412,0.084407511,0.010060756,0.63924696,2.3627919
0.81792007,1.6773677,0.52316335,0.031999768,0.020380471,0.09430538,0.0228896,0.55165148,2.4134983
0.83332028,1.6344291,0.45659894,0.033308017,0.013573627,0.078386805,0.010101672,0.58501373,2.3248781
0.80509131,1.8088036,0.5832083,0.037785683,0.025842746,0.091741046,0.015559502,0.53173693,2.4761069
0.78513881,1.859302,0.54625269,0.04599454,0.030287488,0.083458031,0.015328307,0.4970121,2.3261706
0.83933869,1.6317302,0.47334206,0.026187646,0.012262468,0.089690547,0.010966954,0.66915294,2.4016817
0.83278667,1.9113731,0.52197178,0.041291776,0.015811673,0.098395858,0.015467942,0.51852884,2.4337605
0.84371721,1.8792862,0.5168586,0.03872084,0.016954817,0.098471953,0.018054941,0.52285983,2.4607587
0.87579347,1.6502885,0.40023734,0.04231676,0.019366023,0.094989544,0.010213401,0.56471967,2.2978238
0.90747766,1.3735024,0.47606222,0.04846166,0.020382418,0.093625197,0.014456131,0.58676532,2.4481327
0.87530584,1.5268991,0.34515204,0.041032996,0.023265436,0.097932508,0.01044208,0.58645623,2.2036288
0.74067942,2.1072127,0.57815887,0.032117317,0.016258222,0.082133487,0.020169229,0.68181305,2.3709787
0.78793333,2.1129621,0.54496,0.032225825,0.022182096,0.080463703,0.016107096,0.64977595,2.4329337
0.77805723,1.8368662,0.6548665,0.044448195,0.011855324,0.066072767,0.010410227,0.54510939,2.4996891
0.75535452,2.1065364,0.6284156,0.028699067,0.019088461,0.073940785,0.010873463,0.64110278,2.5265685
0.85871303,1.485869,0.41443202,0.031832914,0.016039755,0.08366307,0.012429582,0.5399702,2.3077573
0.85773416,1.305303,0.47827561,0.047462984,0.023909257,0.081200143,0.010145399,0.50496116,2.3270048
0.80047043,1.9311787,0.6046435,0.026524854,0.013436166,0.090358775,0.010716468,0.61738951,2.5869287
0.79935463,1.6044471,0.56728975,0.049360815,0.020511243,0.077229998,0.013719003,0.65054056,2.3468103
0.7938447,1.8207079,0.52433805,0.036841155,0.014154963,0.078841284,0.015757603,0.58199209,2.3483287
0.80968425,1.7698075,0.53352522,0.036776996,0.035134884,0.07197388,0.010874305,0.5839597,2.3990503
0.76156474,1.7921974,0.61380412,0.01771225,0.014094871,0.09618354,0.02472815,0.61616443,2.5256508
0.76881688,1.8161,0.62021407,0.017870012,0.014531947,0.091427284,0.013555494,0.74645007,2.5619689
0.72537209,2.2753589,0.63460727,0.019592592,0.029148876,0.066152083,0.01080879,0.50017825,2.5408236
0.74495526,2.0789083,0.60142329,0.022598101,0.023680519,0.078101152,0.01274472,0.69934649,2.4752064
0.75172079,1.9696137,0.60854555,0.019680798,0.018173991,0.059147059,0.012282838,0.69423153,2.5066307
0.80613298,1.8830638,0.50307266,0.023539559,0.022328377,0.082899622,0.010561134,0.51823256,2.4139348
0.81081213,1.557151,0.50935669,0.029044662,0.011906352,0.069122083,0.010149192,0.60114827,2.3700789
0.80958948,1.6048495,0.51384644,0.028518558,0.012999868,0.082568431,0.0101066,0.62737773,2.3832633
0.83795394,1.5497434,0.50236672,0.048548654,0.015253844,0.076858526,0.012048239,0.55989537,2.3373527
0.79575453,1.9207552,0.47874327,0.027576824,0.026811599,0.089316356,0.011987237,0.61856974,2.3261772
0.81939777,1.5889401,0.50345344,0.047835418,0.013947005,0.080307986,0.011825068,0.45555273,2.300539
0.77213356,2.0409125,0.50302915,0.020480677,0.011610076,0.075183178,0.010042362,0.60097968,2.3600687
0.80468947,1.5161906,0.52527837,0.036183992,0.01355221,0.082964038,0.011076728,0.44377561,2.3422473
0.81651244,1.6715757,0.49596606,0.033347772,0.019548021,0.073426211,0.010352333,0.67187457,2.3547422
0.830857,1.768318,0.48455247,0.040805237,0.01137897,0.088052384,0.016976087,0.49748105,2.3483102
0.81469737,2.0516037,0.51042754,0.031861933,0.038369982,0.086477978,0.011678362,0.65222771,2.4296489
0.82608251,1.6974817,0.516303,0.028689384,0.020738042,0.097954942,0.010634517,0.53859678,2.4414369
0.81284085,2.0389336,0.46641255,0.050336666,0.010796486,0.06634205,0.025310986,0.50325792,2.2615373
0.82319361,1.7463466,0.51639493,0.040479255,0.013686942,0.0922238,0.011318135,0.5715056,2.3829831
0.87611795,1.5337705,0.45053721,0.042602628,0.031917388,0.092247184,0.012368058,0.54988522,2.3707472
0.81191956,1.3829591,0.53472331,0.032346268,0.025416234,0.086503542,0.015001828,0.45493852,2.3779161
0.82653399,2.1225479,0.52575687,0.031659945,0.013115509,0.073269746,0.010653944,0.71160996,2.5003098
0.79439563,1.5494145,0.44621927,0.033937422,0.012389982,0.04636825,0.012015668,0.55443408,2.1998836
0.81724256,1.8946076,0.48302805,0.040816102,0.011234807,0.084714864,0.018157595,0.5319916,2.3255852
0.83083796,1.6443149,0.52870253,0.030243419,0.020362451,0.094266545,0.010017249,0.62190274,2.4616575
0.83459624,1.8873667,0.47804455,0.032012308,0.023742021,0.077913214,0.01935262,0.53798062,2.3991207
0.79768403,1.9646558,0.51752232,0.032521513,0.013889276,0.073044446,0.010166544,0.50762635,2.3849894
0.80057432,1.483372,0.55758749,0.029305024,0.039567157,0.078267735,0.010095069,0.60218189,2.4156665
0.80914192,1.508388,0.56469646,0.030502344,0.0368392,0.079184068,0.01016876,0.60333332,2.4481417
0.83981164,1.6206383,0.40611903,0.037140668,0.016643299,0.092338344,0.01598208,0.46890988,2.2387479
0.8579387,1.6724666,0.49849132,0.043209202,0.015871701,0.089616523,0.010302048,0.58595111,2.4183318
0.85648632,1.6936779,0.44059983,0.037203531,0.022570164,0.09205806,0.011070738,0.63199061,2.3436215
0.82667936,1.7013332,0.50411976,0.029043056,0.024469281,0.094160522,0.011675627,0.61605548,2.4194562
0.83457571,1.6639128,0.51690938,0.048905759,0.013877807,0.065845663,0.010232743,0.48528934,2.3640653
0.85346523,1.5753163,0.49446074,0.037975102,0.027626405,0.087860628,0.010404728,0.50258995,2.4132836
0.83383532,1.7477632,0.46679906,0.026926957,0.014176898,0.093627055,0.010429875,0.50520488,2.3848491
0.84268432,1.689548,0.51616321,0.036444105,0.04721013,0.097859107,0.010057162,0.48526042,2.4445588
0.83434136,1.7383802,0.4844983,0.037635739,0.0119151,0.053177864,0.010634542,0.67153028,2.367768
0.84457358,1.9918059,0.43828103,0.040109717,0.017057025,0.09534152,0.012847185,0.57151306,2.3263276
0.85415931,1.2440905,0.48868894,0.04030235,0.014847522,0.089669788,0.010713548,0.54943887,2.3582985
0.80538285,1.3468401,0.4897547,0.034154209,0.048500481,0.081444873,0.013407212,0.56266661,2.2753452
0.79974154,1.4305033,0.4839671,0.033758577,0.035223822,0.085257419,0.021344846,0.59400899,2.2628127
0.79871479,1.5753276,0.50674229,0.033547215,0.027070959,0.087965222,0.014115423,0.64646172,2.3154346
0.82417382,1.3849397,0.48838773,0.03718577,0.025342113,0.09082756,0.012067386,0.60228343,2.3116345
0.81374177,2.0980621,0.49187454,0.037566121,0.014664411,0.074510954,0.01608873,0.49436966,2.3703834
0.81582147,1.9738863,0.49511277,0.036605072,0.016938068,0.071385485,0.014222285,0.49657251,2.3716267
0.85300669,1.4522092,0.45674249,0.037140825,0.024280148,0.095812905,0.010130084,0.67701736,2.3393656
0.8361066,1.807921,0.53988228,0.042914442,0.017427571,0.091737715,0.010870618,0.58138159,2.453087
0.83229863,1.7269515,0.52036623,0.044711698,0.018355392,0.093764194,0.010883982,0.57392322,2.3907716
0.83709748,1.4978758,0.40695919,0.02733238,0.017841448,0.070262267,0.011693464,0.55559551,2.2612816
0.80644681,2.0100546,0.62136491,0.042152169,0.025060981,0.087132302,0.011105261,0.60284266,2.5579513
0.81551079,1.959385,0.45454019,0.027906032,0.019548081,0.065434783,0.010312276,0.67186794,2.3336848
0.80177203,1.4269238,0.5291806,0.022159562,0.014912045,0.099789766,0.016244908,0.4817923,2.3985843
0.81407928,1.5931351,0.51251301,0.025275437,0.012772403,0.099343369,0.013817145,0.50752813,2.4071948
0.77949598,1.63483,0.56375649,0.022906615,0.010910442,0.046458064,0.011894111,0.60612982,2.4259063
0.82292097,1.9858713,0.60041669,0.036349006,0.041170335,0.095541134,0.013601369,0.62445125,2.5911595
0.78904523,1.4352352,0.4172816,0.035285697,0.010243861,0.047152101,0.010978763,0.56888176,2.1255267
0.81157298,1.6167298,0.46974555,0.035276699,0.010307557,0.066706406,0.011100248,0.64158135,2.2827061
0.82591547,1.4911813,0.52449714,0.041685434,0.022505251,0.098994512,0.013926989,0.53045061,2.366522
0.81240328,1.4359234,0.58845516,0.032673943,0.022669343,0.083668602,0.012637997,0.63467007,2.4753648
0.79435695,2.0214064,0.47378626,0.027953864,0.022987488,0.060884553,0.012085833,0.51975028,2.3229487
0.79616223,1.6705604,0.52380674,0.034601726,0.027629048,0.080580098,0.012435211,0.55035238,2.3448317
0.81748664,1.6467679,0.51196991,0.025016958,0.016797898,0.069288782,0.01089875,0.58662868,2.4231994
0.83447782,1.7588925,0.50173058,0.04010529,0.023050439,0.093213215,0.011509261,0.64282545,2.3892642
0.82421635,1.8674324,0.42753052,0.040248337,0.026826774,0.091792691,0.010774206,0.46901225,2.2462882
0.82886281,1.9987571,0.40005403,0.035662269,0.032636402,0.088714702,0.010376779,0.53183421,2.238341
0.83706517,1.5179346,0.54403474,0.045238363,0.012079973,0.089009774,0.013688652,0.61034116,2.4134813
0.78457978,2.022205,0.50170187,0.032573741,0.039918454,0.089027352,0.010019545,0.61382507,2.3288829
0.86255473,1.7608969,0.49170404,0.035804102,0.021969761,0.094883886,0.010046058,0.54550747,2.4627126
0.82226667,1.6113437,0.46660026,0.043054776,0.0213152,0.094011687,0.010215025,0.53674186,2.2709429
0.83975976,1.8087387,0.51552822,0.034070859,0.021212703,0.077067645,0.010168674,0.63641424,2.4623955
0.80144012,1.6041835,0.50387633,0.04592734,0.01634747,0.090765648,0.01835729,0.55232047,2.2663851
0.84051606,1.8276319,0.48264529,0.03829865,0.021012862,0.084150487,0.013230655,0.59973507,2.3868215
0.84276295,1.6979008,0.44556472,0.04070221,0.040508207,0.096445236,0.013499319,0.55716283,2.3045008
0.84515973,1.743689,0.54412285,0.038412529,0.015205406,0.09813517,0.010448973,0.56906204,2.4980214
0.83695607,1.7556624,0.45020192,0.036608443,0.029083905,0.089443379,0.015100736,0.65626243,2.3207551
0.83139902,1.646067,0.48139478,0.045008745,0.012723752,0.062687515,0.011585785,0.59266748,2.3129815
0.8240916,1.654073,0.48750134,0.035756651,0.01390931,0.096205246,0.013246424,0.44304271,2.3462741
0.79870548,2.2356028,0.48942178,0.020895467,0.016486073,0.064030479,0.012546039,0.5688664,2.4242974
0.82048493,2.1068333,0.46300709,0.022048145,0.015414242,0.075252673,0.011114878,0.51914194,2.4058422
0.84089905,2.0472209,0.46178759,0.017317836,0.020279539,0.091230922,0.012956667,0.46728556,2.4726421
0.78532059,1.3774258,0.57907236,0.022631896,0.012625833,0.08093828,0.010743947,0.71671455,2.4314298
0.8139306,2.1999548,0.4903669,0.033442326,0.03480536,0.092161444,0.01084266,0.52621161,2.3991805
0.81999235,1.4109692,0.49771613,0.044530243,0.015355963,0.07539484,0.010162401,0.66254363,2.2870532
0.80411585,1.8990141,0.53160007,0.029105622,0.020384534,0.077460077,0.010035223,0.69144553,2.4366318
0.84795189,1.783821,0.48009606,0.02960585,0.024900201,0.096467214,0.010196174,0.79222827,2.4366439
0.828805,1.6100699,0.50545104,0.046449576,0.015188098,0.082469554,0.018867888,0.46524535,2.3355609
0.79369589,1.8644957,0.43508461,0.038197641,0.019036322,0.061950152,0.012544241,0.5577235,2.1928111
0.81294887,1.7592897,0.48085471,0.043720549,0.014902492,0.075146044,0.010595463,0.56435135,2.2840559
0.80236617,1.7367568,0.57089354,0.032181025,0.015648519,0.093306026,0.012783338,0.65297271,2.465666
0.82545822,1.6676055,0.45313432,0.034780392,0.023291594,0.074680764,0.011229229,0.57891707,2.2964282
0.8527781,1.6919528,0.48791575,0.042860885,0.022486068,0.092040597,0.012605396,0.51959279,2.3911395
0.85496174,1.8591677,0.48921812,0.034886107,0.022675964,0.077945618,0.012813709,0.61519363,2.4545582
0.82975797,1.7312366,0.46436642,0.041375778,0.020067219,0.093494485,0.010624278,0.5338898,2.3047975
0.83923301,1.7859511,0.48997746,0.043148977,0.015164624,0.093256613,0.010570526,0.53359796,2.3700814
0.80187148,1.5831673,0.47374756,0.030586655,0.01915728,0.092428069,0.013317139,0.59934451,2.281804
0.82466999,1.7476314,0.59925838,0.036763352,0.018860001,0.082933373,0.013299998,0.5125678,2.5534073
0.81202971,1.6562785,0.56171789,0.035083347,0.024433315,0.084436063,0.012809262,0.55571491,2.4479088
0.81008897,1.717754,0.49017833,0.032689324,0.035243722,0.094140325,0.011139808,0.55340954,2.3366368
0.80475559,2.3512164,0.53581028,0.036721784,0.0155325,0.074565664,0.013320584,0.55874278,2.4683194
0.81794526,1.570065,0.49634384,0.036353438,0.019242771,0.076541597,0.011785517,0.59248582,2.33353
0.79668642,1.9747977,0.55696219,0.036566036,0.017610035,0.074513635,0.013493797,0.51698511,2.4367484
0.81507507,1.5071668,0.50972139,0.021800543,0.021206886,0.074757563,0.011673624,0.69664066,2.4114738
0.83769875,1.8062201,0.50417021,0.05380719,0.024433908,0.088195866,0.01367777,0.50922759,2.3459531
0.81504446,1.5202795,0.50034781,0.02398593,0.014708468,0.069914727,0.010384899,0.57132016,2.3853313
0.79350691,1.6863691,0.4757061,0.029200229,0.02335564,0.0691806,0.013419452,0.51865855,2.2813898
0.81609489,1.525009,0.61880965,0.029826826,0.019737658,0.08826027,0.010694665,0.61900025,2.5688956
0.8033123,1.9862487,0.6017962,0.03226267,0.036103811,0.099075559,0.010135438,0.63917427,2.5645519
0.81370235,2.0878248,0.57457107,0.031312697,0.02052104,0.098058974,0.01180128,0.58904415,2.5604344
0.83623906,1.2115369,0.50890453,0.037759663,0.01573313,0.079241198,0.012073753,0.49635235,2.3523103
0.84997125,1.7463345,0.48121774,0.037608949,0.019184586,0.094228088,0.013162271,0.53618242,2.402163
0.8313082,1.5244371,0.50666447,0.047703199,0.04244466,0.096707628,0.010915836,0.56007505,2.3284506
0.85023968,1.5146135,0.52867264,0.024911144,0.011421157,0.098396428,0.01030418,0.73199258,2.523572
0.81921523,1.6586855,0.52183083,0.02666595,0.011149406,0.099669533,0.014021204,0.68637266,2.4389101
0.87064065,1.4952651,0.39651191,0.048682969,0.024380086,0.098638117,0.013476695,0.51156699,2.2450503
0.8455591,1.4922335,0.50303588,0.038823869,0.016215118,0.080117369,0.010943542,0.49446705,2.3943567
0.81260611,2.0108013,0.52312549,0.026302251,0.018465563,0.089879693,0.013204419,0.61379056,2.4720529
0.84321838,1.549831,0.53899967,0.044758237,0.02454858,0.093163471,0.010888806,0.55024678,2.4273048
0.77904853,1.5343866,0.55338702,0.027576172,0.010990122,0.072410848,0.012443397,0.77803003,2.3671756
0.84457546,2.1078116,0.48558361,0.029409352,0.014355779,0.076451742,0.010552846,0.48275007,2.4765441
0.80269281,1.7232763,0.47570864,0.038406544,0.014983265,0.074047456,0.015375224,0.56147432,2.2685593
0.77150849,1.9793038,0.58485036,0.035433082,0.023170861,0.073838219,0.010396386,0.53902927,2.4285225
0.79735103,1.681108,0.52510964,0.029271766,0.016380135,0.084860109,0.015254332,0.67022694,2.3773723
0.83612557,1.4228638,0.48061752,0.041198238,0.015484494,0.075476499,0.010126565,0.62625658,2.3158892
0.78706726,1.7989192,0.57579848,0.031651962,0.023932069,0.072130993,0.011653399,0.61869914,2.4458895
0.79203875,1.5310288,0.58942173,0.038780849,0.018111017,0.083253947,0.011419884,0.64053594,2.4049644
0.79181587,1.7174048,0.47815303,0.022181916,0.017015333,0.071469206,0.012840697,0.45633808,2.3169423
0.77598761,1.9870752,0.49304016,0.035571415,0.017763422,0.055403561,0.014625917,0.42619376,2.2734346
0.77435865,1.9838471,0.50498899,0.05132259,0.021421035,0.059416867,0.012301802,0.45035752,2.2222835
0.78519544,1.9029784,0.51560534,0.047428002,0.022427751,0.05860832,0.012022284,0.46649918,2.2737253
0.77533173,1.9325758,0.49942058,0.037104692,0.027264887,0.065194126,0.011461958,0.45627336,2.2698775
0.84441821,1.6573315,0.44947076,0.035675124,0.011329535,0.086146376,0.012784693,0.60446614,2.3322352
0.86070781,1.4906893,0.43303188,0.042076112,0.016156452,0.077954134,0.011765262,0.75626741,2.3029611
0.85634513,1.7593164,0.53647288,0.045344728,0.028741545,0.097353685,0.012712389,0.56664062,2.4804274
0.80655943,1.4786959,0.49662333,0.038587975,0.018715432,0.099770394,0.014156258,0.65654556,2.2848458
0.84317193,1.858663,0.56788141,0.027393493,0.017418029,0.098749389,0.011423261,0.68803858,2.6140105
0.84499014,1.9591617,0.58035042,0.035364592,0.013101118,0.099318628,0.012134364,0.71603935,2.61264
0.82429548,1.9098847,0.43632076,0.030657643,0.01040736,0.099630186,0.01122185,0.57973735,2.3048828
0.83477665,1.3936744,0.57426204,0.036157913,0.04631164,0.091387038,0.012650445,0.61318933,2.4860941
0.82451621,1.5366505,0.53065864,0.042424404,0.029516933,0.090890233,0.011064593,0.52567959,2.3752666
0.79328351,1.4770821,0.52149061,0.04507262,0.049751835,0.086910179,0.010238703,0.499872,2.2621976
0.78660983,1.3127011,0.52175452,0.051635816,0.070938203,0.086177167,0.010137801,0.49399151,2.1986933
0.81600661,2.4078149,0.52151104,0.021922125,0.010388154,0.088191144,0.014480238,0.75265656,2.5546867
0.78686328,1.2802546,0.57951803,0.046368497,0.03948157,0.08109862,0.01064611,0.49176583,2.3017743
0.8193495,1.4847031,0.52500242,0.036570477,0.015523181,0.076607046,0.015164935,0.50183804,2.3737342
0.86012952,1.8500123,0.4373555,0.026885108,0.010122845,0.083948743,0.010404247,0.58025692,2.406523
0.80636051,1.5725762,0.54558697,0.028247946,0.060810103,0.085992098,0.010511103,0.5248327,2.4280811
0.80952978,1.6765054,0.45807071,0.037215914,0.013115986,0.084389177,0.0185683,0.54577799,2.256073
0.83640315,1.8050744,0.53671168,0.042305705,0.013967531,0.06337112,0.010554601,0.55802416,2.4508539
0.82358022,1.6050177,0.53463938,0.042422885,0.015094742,0.06918795,0.011177624,0.48310213,2.3881606
0.82951816,1.9690589,0.44108432,0.035439072,0.025047316,0.095944543,0.011079429,0.65922956,2.3118987
0.83523168,1.8241067,0.48915602,0.048491641,0.032025569,0.092793334,0.015686948,0.48367967,2.3396719
0.81893895,1.5789939,0.51009137,0.030533347,0.01184102,0.060503893,0.010986888,0.69142231,2.3878944
0.83037877,1.7481611,0.46599876,0.043064397,0.033350112,0.097363991,0.01539416,0.4784459,2.3037394
0.85843877,1.4728653,0.49836376,0.043631518,0.015236465,0.06023695,0.011171135,0.49919066,2.3949079
0.83456462,1.9360611,0.50476375,0.027989528,0.021226793,0.085156113,0.0151879,0.61688218,2.4751117
0.84018963,1.5884005,0.54147493,0.048724174,0.017999637,0.060586628,0.010434098,0.5511414,2.409846
0.85598377,1.7838935,0.47982494,0.025696212,0.027877031,0.097140865,0.014031372,0.57949511,2.4757602
0.85052679,1.7596654,0.43266007,0.031378076,0.030774791,0.097244483,0.016281048,0.57401736,2.345745
0.8280977,1.7639499,0.58499264,0.029928031,0.016060729,0.085778027,0.010502536,0.62303882,2.5773989
0.80706285,1.8642344,0.49664962,0.034471077,0.011054299,0.066170442,0.014134213,0.6301257,2.3492661
0.79609357,2.2219993,0.49162105,0.022655706,0.011404441,0.071724878,0.011523214,0.52361619,2.4114405
0.78444282,2.1884667,0.57586416,0.037067264,0.01853726,0.06868201,0.011841194,0.47465542,2.4690979
0.86905476,1.3735345,0.50108303,0.024128385,0.011621606,0.092064013,0.012319841,0.63374155,2.509103
0.78292413,1.8710514,0.50447095,0.022020195,0.011202595,0.054684205,0.01114469,0.59246599,2.3619705
0.80047406,1.7591235,0.53153776,0.022476045,0.024271401,0.084478889,0.010702098,0.55043542,2.442568
0.7971185,1.4459694,0.49387757,0.023341767,0.019901118,0.075101782,0.017895251,0.62710216,2.3215096
0.8377915,1.9944136,0.55082599,0.045907941,0.023301484,0.080324994,0.010087058,0.54075553,2.4870294
0.80315418,1.6486097,0.48686346,0.023433108,0.019087602,0.062017288,0.010190557,0.60932121,2.3482035
0.78412775,1.6267761,0.57314423,0.022028932,0.024042659,0.085772725,0.010250414,0.63303016,2.4592935
0.80201037,1.9359383,0.54546115,0.050747841,0.016186277,0.079963325,0.015383697,0.65320693,2.3557928
0.80139675,2.0180024,0.52802012,0.052499428,0.041004674,0.085163318,0.012086858,0.58463822,2.3270395
0.81440937,1.9160476,0.49318134,0.045540674,0.026078819,0.080135075,0.013022018,0.54219251,2.3180008
0.80215834,1.8257063,0.53937352,0.029776926,0.01093485,0.076734357,0.010534025,0.62918513,2.432638
0.83219281,1.7907214,0.44560759,0.035510916,0.036125401,0.092056938,0.012502311,0.57326248,2.3090348
0.83447606,2.023668,0.44830869,0.030836861,0.020896503,0.090920168,0.015054042,0.58436878,2.3628187
0.79954255,1.580286,0.61815558,0.035679552,0.017883651,0.065914304,0.010560651,0.64004071,2.4982777
0.7877877,1.651835,0.59911267,0.031572044,0.01676196,0.064753897,0.010233518,0.72325002,2.4673501
0.76582215,2.0661618,0.59566958,0.033627751,0.035481727,0.06573029,0.010080454,0.53261422,2.4569666
0.87536799,1.5385512,0.43299571,0.035316449,0.010636795,0.081599074,0.012303966,0.72785181,2.3703462
0.86091488,1.4466015,0.38878542,0.041867788,0.012227094,0.095997205,0.01153505,0.66537056,2.2305211
0.85188357,1.8242905,0.4770667,0.03858485,0.012024033,0.092798753,0.01163555,0.38046617,2.4035785
0.8412791,1.8838813,0.50817752,0.041030061,0.011116901,0.092341968,0.01112406,0.47006859,2.4282705
0.8243142,1.7834743,0.53590963,0.038480554,0.012029025,0.090656656,0.010249947,0.47344648,2.4344291
0.83518637,1.7054213,0.43168411,0.039762038,0.016247758,0.084552297,0.01181134,0.51541487,2.2672508
0.84471628,1.5656675,0.49433639,0.040144253,0.011430822,0.067149276,0.010493695,0.70898427,2.3800359
0.8476414,1.5201041,0.50708909,0.032398937,0.022777632,0.097716046,0.010062328,0.58450991,2.4404054
0.83821905,1.3506036,0.5600885,0.025391616,0.01771129,0.097132238,0.010179049,0.61041153,2.5228124
0.8110931,2.1058087,0.4633861,0.036992748,0.022343641,0.085573984,0.013545463,0.53019703,2.3143315
0.84639609,1.3446234,0.50435115,0.040053257,0.012951434,0.080736818,0.010979642,0.58820433,2.3759113
0.84224294,1.5221471,0.52414511,0.040617618,0.013825171,0.069853074,0.010702197,0.51038429,2.4163728
0.84270318,1.6178504,0.52558492,0.041936423,0.014519909,0.076072884,0.010571095,0.52420391,2.4255765
0.8369096,1.7404897,0.50183852,0.037919016,0.025662089,0.08145645,0.020190836,0.47813586,2.4036033
0.83200989,1.7229276,0.51575195,0.043235637,0.022550818,0.084894486,0.013703321,0.47853514,2.3885208
0.83041319,1.9211891,0.47964761,0.04610037,0.023220051,0.066570226,0.01347802,0.51420156,2.3323182
0.79257785,1.8455214,0.57553424,0.020829003,0.018639042,0.096868732,0.011002037,0.71725154,2.5277141
0.80595616,1.9444692,0.52509254,0.035527228,0.012639701,0.0607872,0.01284044,0.67835018,2.4030406
0.85876039,1.7613982,0.47081248,0.04074796,0.034631799,0.089059652,0.0117658,0.51474426,2.3932399
0.76134658,1.7374169,0.53961725,0.034077124,0.011131074,0.057862792,0.013118633,0.57711003,2.2929663
0.83142548,1.8100073,0.49980648,0.039844642,0.02355915,0.08248605,0.011627911,0.48071377,2.3853575
0.85858802,1.6360202,0.45607102,0.03663972,0.020538634,0.094594669,0.013782401,0.56470473,2.3724007
0.81419457,1.9296963,0.55094463,0.036684285,0.022306681,0.083489851,0.010996489,0.64376305,2.4643482
0.84168873,1.5939571,0.48004527,0.022787562,0.017601747,0.078658195,0.011237018,0.51965541,2.4321996
0.80813495,1.5625782,0.51281381,0.018830005,0.023598706,0.088080263,0.010801307,0.52743267,2.4210453
0.79369267,1.637058,0.45493357,0.020865129,0.019762048,0.078395557,0.015603824,0.64809282,2.2770152
0.79760935,1.8172979,0.49408217,0.019912695,0.017608816,0.084550203,0.021880007,0.66046447,2.3845443
0.8021104,1.9837101,0.56168734,0.039241989,0.019226768,0.080321994,0.010079912,0.61558306,2.4471972
0.78366653,1.8937343,0.54280332,0.036734939,0.021209617,0.06471685,0.010129457,0.6012846,2.3649538
0.82513513,1.7831507,0.54152491,0.036586383,0.026570913,0.084577309,0.010977139,0.50954496,2.4560474
0.85161186,1.4424174,0.42383666,0.045877786,0.020209145,0.083463829,0.013149477,0.59066822,2.2479494
0.81125738,1.6474748,0.52917209,0.029679621,0.011820761,0.066530683,0.01147676,0.57374839,2.4145598
0.79404943,1.7595322,0.55086357,0.030959795,0.011052642,0.076017292,0.01061898,0.6626759,2.4170256
0.79827037,1.7110475,0.5324526,0.029646032,0.010828434,0.077782751,0.010578034,0.66253902,2.39499
0.79483158,1.7034308,0.57313652,0.029162757,0.013727899,0.077425375,0.011038339,0.6638399,2.460818
0.78098478,1.7594682,0.53218583,0.032747748,0.020414321,0.088918919,0.014266723,0.5665869,2.3405073
0.81285834,1.9410271,0.61156112,0.033048491,0.031097091,0.088334419,0.011464176,0.64238343,2.5973213
0.80077104,1.8719584,0.58807171,0.036937174,0.021927975,0.084426439,0.01201744,0.58848208,2.4876778
0.84685182,1.6878253,0.48875961,0.038383588,0.018979665,0.078930505,0.011734828,0.54358254,2.3975754
0.79141856,1.8813266,0.59426072,0.030898234,0.02102036,0.080516777,0.01018484,0.58508775,2.508777
0.81475488,1.9715399,0.60276506,0.036234217,0.023465382,0.089557529,0.010217079,0.54955889,2.5721289
0.83948146,1.494045,0.433422,0.032939208,0.017333486,0.06758579,0.01281805,0.60060558,2.2888176
0.80540207,1.9384319,0.47462287,0.017803624,0.021467334,0.099873665,0.013426267,0.80544476,2.3919665
0.83845339,1.8056766,0.57129497,0.021471256,0.016910525,0.095964173,0.010518592,0.57214409,2.6349844
0.79979858,1.8398335,0.54477157,0.047503711,0.014558258,0.069141423,0.012782039,0.59089746,2.3513639
0.80638004,1.7650324,0.48484008,0.022256234,0.02846642,0.08692201,0.011040797,0.49870741,2.372119
0.80276276,1.7275443,0.5356503,0.014552995,0.013197823,0.085933115,0.013326213,0.69298626,2.4955711
0.80986363,1.5316078,0.53818792,0.012944542,0.017848837,0.080332358,0.010351674,0.78145155,2.5012044
0.78701343,1.7495253,0.53469147,0.01789629,0.012111272,0.059957593,0.011426852,0.5971578,2.4356578
0.82167657,1.7701669,0.49165911,0.019671704,0.042388327,0.099712629,0.010506155,0.61286621,2.4383975
0.82188573,2.3069272,0.52317158,0.013229771,0.01037678,0.098813016,0.014789954,0.59370144,2.6103524
0.81832322,1.270053,0.51690094,0.063861562,0.012708758,0.052821079,0.011326357,0.54596542,2.2165905
0.82756603,1.2514944,0.52433168,0.044796798,0.018793523,0.064171305,0.011327007,0.59238795,2.3270183
0.83156911,2.1092376,0.49971752,0.02791463,0.017208209,0.098807015,0.01360643,0.53803412,2.4791164
0.84024762,1.2004191,0.45949631,0.044443048,0.027812642,0.083787545,0.012256523,0.51992695,2.2578981
0.82842105,1.6717287,0.50190553,0.034236318,0.012291022,0.085174265,0.011349753,0.60436358,2.3913699
0.81225515,1.6186711,0.51321109,0.043181027,0.015276065,0.072477061,0.012075156,0.59346911,2.3221897
0.82037915,1.6638561,0.5135434,0.035497612,0.023997383,0.087853481,0.011032631,0.5945736,2.384237
0.83217156,1.575999,0.44617568,0.044055564,0.014047143,0.074253075,0.011149383,0.6515236,2.2548991
0.82296755,1.8445744,0.54769292,0.022956896,0.026172439,0.088894683,0.012535689,0.51189717,2.5432236
0.79682146,1.8904361,0.48553264,0.01944892,0.012997586,0.089842723,0.012942123,0.52817397,2.3771857
0.85432414,1.7104526,0.45135195,0.030305121,0.010856297,0.07586934,0.011068467,0.63552707,2.3888556
0.81878251,1.8479926,0.52818481,0.026369454,0.010485852,0.081360521,0.010071896,0.53147718,2.4761114
0.80872007,1.2721223,0.53108604,0.040602437,0.027954547,0.083128158,0.02268294,0.69544571,2.3107232
0.77315424,1.2430311,0.58881044,0.039785456,0.011565676,0.050237555,0.011392525,0.61584932,2.3055601
0.85897754,1.3519227,0.48916161,0.034115627,0.016336153,0.09555268,0.012861002,0.58811226,2.4110424
0.81449903,1.4880083,0.51558456,0.03282474,0.011004754,0.092502404,0.012006132,0.58977359,2.3636708
0.83968697,1.9719612,0.56280544,0.039440533,0.016638079,0.066648148,0.01033579,0.71411921,2.5444865
0.80425728,1.7400818,0.55158323,0.03710723,0.023916112,0.092407827,0.011153145,0.63970106,2.4111848
0.79091136,1.6869789,0.55345203,0.033225415,0.011788161,0.061657991,0.014303478,0.63352741,2.3916217
0.82553191,1.8315395,0.47669519,0.028255228,0.017897641,0.091363227,0.011045125,0.5672136,2.385034
0.81467205,1.843101,0.50710467,0.034993472,0.024076692,0.080130847,0.010258269,0.57538565,2.3825008
0.80759006,1.8860608,0.54291811,0.039930305,0.016179727,0.067959804,0.013318057,0.60513333,2.4103283
0.8152807,1.7445837,0.49689569,0.032553521,0.028520238,0.090939135,0.012036691,0.51306437,2.3654924
0.81644362,1.7384699,0.50361635,0.039983195,0.010506529,0.079435319,0.013678463,0.67412435,2.3452289
0.81800006,1.7775423,0.48633291,0.046636189,0.01083983,0.07503305,0.019582836,0.64102495,2.2953337
0.82573337,1.7010456,0.53016338,0.023358908,0.012104491,0.068626402,0.010387647,0.51983624,2.4945896
0.78857158,1.7631139,0.52749421,0.036274716,0.010426359,0.073674198,0.010400848,0.64539351,2.3355749
0.79499096,2.0523109,0.53668125,0.030590104,0.015164663,0.0713623,0.010001613,0.46540462,2.4355184
0.81679059,1.4113733,0.49457869,0.04856574,0.017937374,0.06357954,0.010016736,0.65169034,2.2575307
0.84085724,1.7585327,0.4222491,0.0310991,0.036186207,0.093293113,0.010079388,0.56350938,2.3044368
0.8191858,1.5094151,0.57322459,0.034178653,0.017973967,0.090738169,0.013469803,0.767799,2.470364
0.79362617,1.9227145,0.49147779,0.040426997,0.020518389,0.067215646,0.010323113,0.46331918,2.2862634
0.82163423,1.9725084,0.48781162,0.037674002,0.022346297,0.069282464,0.010411164,0.56084442,2.3678484
0.80661926,1.7218388,0.47107202,0.041345435,0.01444649,0.062884886,0.011557946,0.38686548,2.2581018
0.81565906,1.7936556,0.4713018,0.047273254,0.017096674,0.061044431,0.012969456,0.4168543,2.2638633
0.83103409,1.7751766,0.5632363,0.026284176,0.013153811,0.086243446,0.011438489,0.8404803,2.566266
0.8135972,2.2679478,0.46087365,0.018355261,0.026000258,0.095211012,0.012298098,0.60828679,2.4197777
0.84622517,1.5589044,0.46650296,0.022086247,0.024277696,0.094277817,0.010824864,0.5527867,2.4184185
0.78887327,2.0336298,0.59012332,0.02550497,0.022049497,0.083300493,0.013621757,0.64304576,2.5491682
0.76880494,1.5588492,0.5010895,0.022821659,0.017447151,0.070615221,0.010989379,0.63597486,2.2761737
0.82377379,1.4817604,0.58020831,0.041609518,0.016937098,0.089722727,0.012009926,0.64773275,2.4515224
0.7976567,2.0153973,0.57740813,0.031302222,0.015024716,0.076791114,0.012905335,0.6408614,2.5120954
0.83462386,1.5765318,0.47378268,0.043994909,0.040541227,0.092581846,0.013024778,0.65946979,2.305509
0.79948178,1.6912963,0.59474026,0.03210111,0.011533303,0.0779772,0.010320522,0.6909156,2.4945238
0.83048392,1.5983882,0.52879729,0.036492322,0.010882526,0.082447062,0.011027832,0.76912456,2.4236536
0.84119189,1.9224464,0.45806623,0.040617819,0.016835808,0.06318244,0.010175024,0.48205336,2.3445258
0.84624037,1.7831843,0.53888762,0.049066222,0.020326838,0.077793786,0.010413332,0.58334112,2.4441213
0.82852453,1.8868845,0.54197156,0.037577324,0.025803006,0.079443031,0.01226103,0.56610141,2.4745535
0.81330044,1.5274656,0.52438201,0.046818689,0.02129891,0.076176321,0.012262036,0.54467116,2.3156288
0.81783428,1.9088307,0.49536554,0.030584694,0.025651358,0.069365143,0.01233019,0.70844386,2.3979932
0.82454932,1.9787111,0.53604888,0.031510238,0.01406681,0.096705828,0.010593039,0.69670862,2.4968531
0.81641896,1.4963754,0.45234282,0.033783855,0.01154111,0.074088108,0.014766639,0.44475536,2.2598956
0.80683785,1.5146994,0.43818935,0.027056479,0.019305473,0.0663295,0.013039933,0.44619325,2.2421165
0.80397794,2.0983255,0.56132057,0.049081083,0.019389838,0.083912368,0.011246225,0.56088945,2.4184322
0.79214391,1.4827594,0.45658058,0.023891524,0.016287406,0.077987391,0.013504489,0.50500946,2.2465127
0.80081225,1.4391763,0.48340012,0.022794752,0.02087984,0.063937121,0.016574019,0.47708938,2.3148171
0.86314892,1.6099675,0.52786539,0.035560958,0.01515758,0.092203867,0.010365183,0.63493178,2.5124475
0.84350216,1.6420433,0.48534252,0.034026532,0.017285748,0.086535187,0.010610792,0.5556408,2.3981162
0.80388478,1.9576284,0.50028944,0.033641047,0.013976682,0.070599717,0.010064597,0.63708151,2.3627642
0.83450253,2.1167566,0.49766979,0.040206857,0.010791848,0.08180241,0.010132176,0.59037782,2.4232861
0.83596229,2.0106295,0.4934263,0.029450783,0.032020527,0.0829173,0.010101404,0.56801147,2.4583566
0.81724382,1.7175286,0.52352211,0.038472176,0.010592683,0.07006462,0.015509749,0.71423964,2.3860678
0.82702563,1.7843982,0.50239006,0.054702886,0.011791307,0.065031787,0.012529522,0.87123613,2.3106605
0.81516726,1.6783091,0.50711102,0.047191288,0.012581946,0.066368454,0.012987912,0.76218441,2.3089208
0.83516954,1.7535221,0.5004043,0.025065782,0.025906799,0.094469731,0.011477271,0.45585439,2.4608054
0.80793205,1.654646,0.49657881,0.020980835,0.019400052,0.095407451,0.011417988,0.50376478,2.3910952
0.81786955,2.1458516,0.49888374,0.030221105,0.015761968,0.09171398,0.010904901,0.65425013,2.4350938
0.81254364,2.1606243,0.57312114,0.032756818,0.014447828,0.095804987,0.011763424,0.62315283,2.5573898
0.84589449,1.3350174,0.50563527,0.037993264,0.012705514,0.071048055,0.01080268,0.51050842,2.3850277
0.79868569,1.8845304,0.52176994,0.041995305,0.034176364,0.080011239,0.012650306,0.61298408,2.3401994
0.8338704,1.8236679,0.57134361,0.029637739,0.018129229,0.092263999,0.01134772,0.7154144,2.5776561
0.80247497,1.999496,0.46924002,0.035034789,0.028843906,0.07732712,0.01075763,0.48698253,2.3008499
0.82334671,1.6300176,0.52822797,0.031113312,0.0285227,0.067288035,0.010620998,0.57514773,2.4349575
0.81516841,1.9533786,0.55481578,0.045748383,0.016868518,0.096026895,0.010766814,0.54943367,2.4316071
0.8327638,2.0033002,0.56740369,0.040465311,0.018049815,0.091280224,0.012720039,0.67921471,2.5341597
0.81643558,1.7844947,0.4397821,0.026418585,0.029792092,0.091019636,0.013864778,0.59604485,2.2976738
0.86246661,1.8122922,0.48623199,0.039248781,0.017051597,0.08592962,0.010986496,0.7115524,2.4421032
0.79283483,1.492451,0.53401316,0.032992504,0.011317396,0.06051396,0.012112057,0.45425921,2.3381526
0.78631658,1.5366383,0.48295998,0.033159698,0.013452446,0.067007504,0.011474258,0.46281957,2.2415441
0.83465676,1.7672062,0.52593044,0.027605022,0.017728966,0.097970866,0.015990294,0.72934889,2.4963516
0.81567537,1.4179145,0.49975817,0.043649258,0.024861356,0.093707611,0.010543054,0.52162904,2.2839681
0.84613978,1.3352999,0.46005906,0.030513896,0.025002427,0.085882854,0.010869916,0.57021962,2.3446816
0.83638818,1.34501,0.47022674,0.033584013,0.021397186,0.084109521,0.01148056,0.56572364,2.3244705
0.80694143,1.7019124,0.51923347,0.046233712,0.017397296,0.076794079,0.010791798,0.53607742,2.3151406
0.82738983,1.7197407,0.54058007,0.027040479,0.027534288,0.09669115,0.014038344,0.62692939,2.5013835
0.83264291,1.8047393,0.48382738,0.035675847,0.011299413,0.089302293,0.012160869,0.53504805,2.3785946
0.82959836,1.8936107,0.53697068,0.032838104,0.012913387,0.092114169,0.011527515,0.59654984,2.4933617
0.82174055,1.5292735,0.50206966,0.036984137,0.020136627,0.080828669,0.010344307,0.50854189,2.3451428
0.81202757,1.9549655,0.5181386,0.045824135,0.022955558,0.072767914,0.01017335,0.47750657,2.3586909
0.84523834,1.7154308,0.45719441,0.028864101,0.017110623,0.07579322,0.01235137,0.71057365,2.3837227
0.83872965,1.5703888,0.43839713,0.042293578,0.012862682,0.079042575,0.01462578,0.5411735,2.2647125
0.79262198,1.8914833,0.56781078,0.029984002,0.0133582,0.072785425,0.010892225,0.63804034,2.4687778
0.83501155,1.8631533,0.46934722,0.043235359,0.020026299,0.075883133,0.011827746,0.56784814,2.3319188
0.78823284,1.777546,0.55849967,0.030673086,0.01237934,0.069905842,0.012522787,0.65022402,2.4195126
0.79817753,2.2385716,0.59965074,0.038490739,0.028721659,0.079581586,0.011672637,0.65015555,2.5520404
0.79887032,2.1650931,0.57982599,0.0501957,0.035434455,0.082921606,0.011947688,0.73480884,2.4429978
0.84724889,1.294811,0.44967278,0.020942295,0.021496308,0.086415644,0.01076381,0.46532691,2.3686569
0.82426988,1.7639213,0.48338187,0.017364692,0.01593232,0.079565553,0.010849292,0.59028716,2.4401697
0.83437829,1.9782161,0.4804331,0.015282222,0.011921093,0.080871015,0.010428213,0.55160034,2.4970134
0.80162015,1.5295835,0.56637842,0.025568524,0.018501068,0.071496225,0.010755205,0.62920232,2.4604444
0.83979309,1.5662851,0.47753287,0.044133131,0.012656001,0.06843622,0.01453426,0.6118942,2.3226786
0.83476119,1.8546162,0.51681448,0.031509188,0.010415401,0.083604098,0.010011214,0.56070525,2.4705406
0.80500206,1.7348672,0.50128529,0.04101599,0.039506695,0.073214198,0.010027049,0.65418228,2.3074112
0.84879308,1.5534315,0.58190782,0.035680284,0.013694425,0.097449977,0.010068189,0.62919982,2.5626789
0.80514492,2.3548625,0.49538958,0.035157057,0.012727967,0.045443058,0.010088271,0.71987515,2.3969653
0.79997869,2.2974004,0.48307819,0.036619488,0.011761824,0.057387743,0.010214492,0.73546653,2.346369
0.86852383,1.575705,0.40149133,0.039054218,0.013527754,0.099404057,0.010687997,0.54827418,2.289019
0.8420995,1.8316892,0.56753893,0.036036322,0.01498075,0.090595536,0.012574341,0.6498235,2.5578759
0.78049146,1.6553628,0.52643603,0.025272755,0.034507718,0.067557158,0.010126396,0.69062318,2.3519039
0.80872511,2.3056978,0.56480909,0.034588934,0.020477243,0.091513799,0.011947745,0.67814566,2.5420627
0.82033744,2.2375202,0.57054424,0.032130811,0.015515246,0.089615076,0.012681146,0.68789393,2.5880469
0.80100053,1.9340229,0.50767956,0.034947198,0.012836179,0.0856921,0.010869632,0.5898863,2.3599272
0.79172735,1.9112526,0.50328038,0.036480322,0.013344696,0.0854692,0.01175673,0.59209489,2.3185244
0.79204545,1.952492,0.50582456,0.041617661,0.012724164,0.066435644,0.010722021,0.54340506,2.3055756
0.81607715,1.8707817,0.56017983,0.047733699,0.011975628,0.050934405,0.010384865,0.48750146,2.4223163
0.82078964,1.7283155,0.5623306,0.039713711,0.013041078,0.095233087,0.019248218,0.56641158,2.4583486
0.78813291,1.8110573,0.51117044,0.034224678,0.031152893,0.0714899,0.010196759,0.63816059,2.321543
0.77637334,1.8554186,0.48489293,0.033230179,0.04087598,0.078878501,0.01025041,0.61347158,2.2551564
0.82535674,1.5726324,0.53434834,0.025380033,0.010379791,0.093442514,0.015736428,0.5560848,2.4732816
0.82528431,1.4709809,0.4522536,0.043405265,0.077288747,0.098752822,0.013199078,0.45784786,2.2403722
0.82111746,1.7062358,0.45677673,0.038497942,0.020654629,0.099075231,0.016269455,0.53132111,2.2801869
0.82049195,1.5654627,0.49512642,0.04102097,0.018730002,0.099260941,0.015910881,0.49006688,2.3166506
0.83096783,1.7453389,0.41390756,0.03755441,0.02910685,0.09684211,0.01780431,0.44259192,2.2392366
0.83028041,1.9700985,0.40598277,0.049778114,0.019378761,0.095823404,0.01519352,0.46821446,2.1980317
0.85999509,1.407324,0.54193108,0.034107829,0.013961904,0.096121097,0.01141336,0.53672222,2.5100303
0.80315608,1.8073004,0.46924711,0.045452007,0.011712579,0.041894844,0.010270297,0.45283091,2.2386694
0.81163976,1.3991534,0.51800195,0.02702051,0.017521761,0.094608501,0.011600869,0.71541139,2.3772783
0.82052808,1.857855,0.52619087,0.022895334,0.014237345,0.0653528,0.012122946,0.56553995,2.49671
0.85488311,1.7854816,0.49538285,0.042492785,0.015532684,0.088427176,0.012205323,0.56907521,2.4214123
0.82496486,1.8469305,0.52778033,0.050140098,0.017512116,0.060521667,0.010411975,0.51833148,2.374792
0.81703375,1.6100833,0.45668825,0.027081218,0.014724391,0.070609842,0.018555275,0.46848485,2.308924
0.83228107,1.7122503,0.46118341,0.045159705,0.022219615,0.078996845,0.010695838,0.5754689,2.2881629
0.80832233,1.6649309,0.5017198,0.022016628,0.017786332,0.090363171,0.016349068,0.60261763,2.397708
0.85134011,1.609519,0.44142051,0.023562261,0.030397729,0.09736812,0.012660361,0.5696501,2.3836863
0.81476897,1.8131791,0.47428507,0.034137693,0.028713277,0.096365386,0.010502835,0.60169944,2.3245264
0.81938913,1.5746913,0.46781323,0.047218595,0.011339608,0.06172132,0.010944324,0.52503316,2.2453652
0.83225941,1.7854982,0.47081779,0.030171463,0.01112632,0.073132792,0.011013035,0.49372483,2.3772765
0.80788552,1.5151745,0.53094988,0.024438495,0.019184313,0.074615513,0.010363293,0.53057419,2.418017
0.81768133,1.9838826,0.45086805,0.016819319,0.0243545,0.08284236,0.011336192,0.53158354,2.3862011
0.78121641,1.5689636,0.5549139,0.015136155,0.017096566,0.070888722,0.012848755,0.7172164,2.4472555
0.8329329,2.0763183,0.52316205,0.058738664,0.016144079,0.071988754,0.01271015,0.51011814,2.3762122
0.8345278,2.120297,0.38743041,0.027283068,0.027014138,0.086226184,0.012409589,0.51435837,2.270854
0.82468952,2.1379557,0.40583587,0.029107906,0.035937801,0.089992703,0.012886248,0.50272711,2.2761803
0.8099424,2.0355373,0.64880346,0.04023569,0.01953644,0.078920496,0.012152135,0.6720082,2.6349399
0.78831586,1.807263,0.57525997,0.042390907,0.014733915,0.080317824,0.011764304,0.52964529,2.3940883
0.82689119,1.5422567,0.49232849,0.029870886,0.013769587,0.084869245,0.011480366,0.58061687,2.3761442
0.88505019,1.4927176,0.40084173,0.027728595,0.016800359,0.084073201,0.010738569,0.44286751,2.3656681
0.82400716,1.5495108,0.47943025,0.036204201,0.017971985,0.074647306,0.013030055,0.63944378,2.3188671
0.82309335,1.6253273,0.5094969,0.038750966,0.021154086,0.058246474,0.01179607,0.62427089,2.3643054
0.82631897,1.8378832,0.47942887,0.031554888,0.019160332,0.093488656,0.010579085,0.62540731,2.3773602
0.82655091,1.4704103,0.5132508,0.041485619,0.022468865,0.06715792,0.012973404,0.5487956,2.3482927
0.78906735,1.5563073,0.50806222,0.041365133,0.038195094,0.081429909,0.015335703,0.55173609,2.255973
0.86408616,1.5258975,0.42804248,0.038570865,0.017315393,0.083306307,0.011792545,0.5736739,2.3200296
0.83942962,1.9357965,0.5413409,0.049970052,0.019352814,0.089752036,0.010439302,0.64746559,2.4465513
0.84902541,1.8016515,0.58132031,0.041022323,0.019100322,0.098339126,0.012737653,0.78132266,2.5699816
0.84108543,1.8547782,0.46493174,0.040108294,0.010740779,0.08222341,0.013436675,0.5101286,2.3517184
0.81602459,1.5818173,0.49549572,0.025164124,0.042497351,0.08831138,0.011629653,0.63505316,2.3808698
0.82663094,1.6273016,0.48896776,0.030765664,0.015619706,0.089021035,0.014823083,0.60624986,2.3751743
0.75820945,1.9265115,0.56250934,0.02567728,0.019946255,0.072861017,0.010684785,0.68021838,2.3948024
0.79201213,1.8562658,0.56829213,0.023644561,0.015558482,0.088764686,0.013473721,0.61297446,2.4976629
0.7803977,1.6488765,0.50885375,0.024068499,0.025653918,0.055373566,0.012371239,0.516744,2.3253863
0.81812312,2.0862057,0.5792425,0.025896691,0.015604416,0.097776684,0.011058485,0.6976165,2.6128525
0.83381976,1.4808051,0.48991152,0.041498143,0.051297376,0.097954486,0.011083241,0.52018749,2.3300121
0.8168307,1.9619102,0.47397177,0.037025012,0.010761834,0.060086723,0.011882268,0.65030521,2.3324519
0.81793592,1.578896,0.50018504,0.041992812,0.013789053,0.082037461,0.013628771,0.56707179,2.3157741
0.85590655,1.5588622,0.56202177,0.046801552,0.019833939,0.082726483,0.014297567,0.62592902,2.4892413
0.83570978,1.9807331,0.49071197,0.026054971,0.011089892,0.084491374,0.016727183,0.55341356,2.4658405
0.83407861,1.4161194,0.59925434,0.036685014,0.021621113,0.093467649,0.010070231,0.55030018,2.5269637
0.82587082,1.8705108,0.57039436,0.049224511,0.016006646,0.070319602,0.010312608,0.54468904,2.4577718
0.83274452,1.7095188,0.44697553,0.025093618,0.022348217,0.096954688,0.016756282,0.60739278,2.3500822
0.80934397,1.6944219,0.50738521,0.041721774,0.018209877,0.098683895,0.014890442,0.62158387,2.3207107
0.87237828,1.7677495,0.44865483,0.039421361,0.02540156,0.093397955,0.01084638,0.44861694,2.3942456
0.7982302,1.5468051,0.50054916,0.038330661,0.012259905,0.072038673,0.010864271,0.56553216,2.2791069
0.83165003,1.7120183,0.48980706,0.034704027,0.02591358,0.091267107,0.010841536,0.61835164,2.3807475
0.7929499,1.8199088,0.48163037,0.03490779,0.011266978,0.068408061,0.014275846,0.4977083,2.279939
0.837841,1.7564178,0.53151671,0.039713866,0.012691223,0.088849185,0.010761416,0.6975635,2.4517777
0.8397842,1.6643962,0.51167554,0.038595051,0.012537556,0.068509583,0.011371369,0.67103365,2.4158619
0.85608576,1.4748378,0.450393,0.050491309,0.012638433,0.08639589,0.011305824,0.57318103,2.2848195
0.80641006,1.8276811,0.53143839,0.0228903,0.014068551,0.072039077,0.015384287,0.62846341,2.4653271
0.80337921,1.8818297,0.52755927,0.02763889,0.017440525,0.086887996,0.011516219,0.66374382,2.432314
0.80966408,1.5773589,0.59695332,0.024609895,0.017674731,0.088391925,0.01108068,0.66065856,2.5507021
0.78855361,2.1559151,0.50193713,0.037616495,0.020472778,0.063500247,0.011231418,0.5640673,2.3322113
0.78934026,2.408514,0.53517307,0.041260089,0.013936967,0.068477627,0.012964681,0.62750669,2.4124664
0.81843423,1.4364709,0.55997029,0.030113945,0.029069243,0.087483286,0.010796195,0.6323846,2.4564301
0.81038199,1.7795488,0.53657703,0.039628313,0.022090777,0.08527862,0.017145197,0.48601326,2.393636
0.85707625,1.7383097,0.49481534,0.031281596,0.010357023,0.070827024,0.011775689,0.66711323,2.473877
0.79712877,1.8412219,0.61603773,0.039611198,0.030353999,0.098071738,0.014928853,0.50172637,2.5093759
0.82566621,1.7433721,0.48424816,0.037357145,0.011901482,0.080785535,0.011156301,0.54053584,2.3473735
0.82970041,1.5759877,0.56240744,0.041696303,0.010737675,0.092811092,0.01562061,0.68779706,2.4502363
0.81414369,1.9864716,0.51393407,0.027910975,0.030120506,0.076146259,0.010396655,0.49152459,2.4466253
0.79184535,1.9676405,0.41707695,0.029083675,0.049853732,0.091712287,0.010416859,0.52508374,2.2019546
0.86417261,1.76969,0.59457066,0.041426904,0.011394634,0.079905782,0.010262984,0.67868131,2.6270903
0.82511642,1.6281988,0.38598751,0.032904154,0.014905998,0.062070664,0.011124887,0.48571194,2.1864178
0.79903221,1.499046,0.45453726,0.018316164,0.021286416,0.064562161,0.010230472,0.47970056,2.2869341
0.81726267,2.0550496,0.54301271,0.019519233,0.013604943,0.084172758,0.010258826,0.63012932,2.5682153
0.80086832,1.7630959,0.46066329,0.027457045,0.023580962,0.066109927,0.010226848,0.63913843,2.2894747
0.86490234,1.8493166,0.52387891,0.051704537,0.013513138,0.096895995,0.013098203,0.57714607,2.4608458
0.85693104,1.8408957,0.47034554,0.040196224,0.017195489,0.097095617,0.010368057,0.54684568,2.398642
0.83046014,1.7993156,0.5252059,0.038649065,0.023583193,0.091954655,0.010905129,0.56894116,2.4323361
0.8264471,1.6493251,0.45739806,0.037092859,0.023071598,0.091289618,0.016079546,0.56304318,2.2945656
0.84150581,1.6070875,0.49287398,0.039508023,0.01709071,0.097639388,0.010696017,0.6525726,2.3770494
0.83800163,2.0368945,0.48422853,0.03001396,0.023232297,0.081733777,0.010906219,0.54136917,2.445955
0.81495211,1.5103195,0.50891783,0.037081047,0.020314402,0.079617901,0.010422435,0.64918703,2.3365662
0.79241926,2.2507415,0.55284487,0.040375755,0.012453552,0.076188609,0.015799665,0.5638388,2.4374555
0.85396915,1.5606705,0.43214303,0.036251428,0.011091395,0.078585895,0.012173146,0.57720332,2.3147255
0.78164122,2.0761395,0.5849746,0.024636581,0.013305934,0.063163596,0.010602621,0.61979346,2.5309813
0.87135283,1.4754676,0.50019239,0.049479576,0.024226689,0.092393039,0.014217172,0.47843834,2.4041988
0.865552,1.5231563,0.49939828,0.052792399,0.020043285,0.093294894,0.015400953,0.49650676,2.3794745
0.87200808,1.4606058,0.43962082,0.045087317,0.015646731,0.094022806,0.015868632,0.53610729,2.3262023
0.77217402,1.9410557,0.53531078,0.028954513,0.024635582,0.064331813,0.010273083,0.6275263,2.366184
0.78092462,1.8076975,0.45001558,0.031484855,0.024982457,0.062910877,0.011476125,0.64635487,2.208194
0.79387737,2.0077171,0.52702462,0.02649521,0.020124647,0.071472071,0.011881974,0.62809493,2.4290434
0.85914188,1.6131301,0.43650438,0.033894423,0.016221007,0.084875036,0.013204818,0.52238184,2.3494326
0.83083795,1.2915016,0.517817,0.04122853,0.03310404,0.089795838,0.013240624,0.47634946,2.3461831
0.83126522,1.4090389,0.4409154,0.042017381,0.029385677,0.074135498,0.010930189,0.55241065,2.2369643
0.80473405,2.1184371,0.57415381,0.033131326,0.012093035,0.081921337,0.01142135,0.6359265,2.5302012
0.79400759,1.9629971,0.56669424,0.032024265,0.017557942,0.083293777,0.01035332,0.67666122,2.4700149
0.81253152,2.0735374,0.60641222,0.030886177,0.019237418,0.092368476,0.010406698,0.70602491,2.6211146
0.8095211,2.0337589,0.44426054,0.027209771,0.01093178,0.055449559,0.012008158,0.68018841,2.309978
0.81651401,1.4863516,0.56762658,0.024568635,0.011133055,0.091147912,0.010583959,0.63815602,2.5020547
0.79217537,1.9890136,0.4163184,0.03322848,0.035553592,0.078198948,0.015401099,0.54323034,2.18713
0.82516456,2.0156213,0.48473947,0.031966622,0.0207008,0.078490049,0.018120032,0.53031129,2.4024944
0.80944064,2.0017319,0.49900034,0.025975915,0.011364686,0.088869842,0.011192319,0.5104773,2.4171119
0.8048468,2.030573,0.52614705,0.021366502,0.012243944,0.092194919,0.011571577,0.59553662,2.4865902
0.8437913,1.5058122,0.53148217,0.054701397,0.01265389,0.060491081,0.011873914,0.57131543,2.3654827
0.85656204,1.3183709,0.43285045,0.030222189,0.016710015,0.098129485,0.011290148,0.62737515,2.3251332
0.7992273,2.087156,0.57376348,0.039830148,0.026501901,0.077755597,0.011253788,0.46316881,2.4741807
0.8533802,1.3551101,0.44043368,0.033764511,0.014787526,0.070218326,0.013210948,0.55488817,2.3183835
0.81827905,2.1067968,0.52253507,0.029390408,0.017840606,0.082765913,0.010690787,0.63075034,2.48222
0.83760661,2.153306,0.50324816,0.047314226,0.02181359,0.094381901,0.012856279,0.61871024,2.4127038
0.84960321,1.5472429,0.45806614,0.028960724,0.023604629,0.092106768,0.010283297,0.54384596,2.3785318
0.86871109,1.2008206,0.43256383,0.067148464,0.054621931,0.097851801,0.013915038,0.45389769,2.2060441
0.75453701,2.05909,0.57322012,0.016122012,0.010483563,0.084213667,0.010035731,0.73781157,2.4792973
0.84547296,2.476209,0.64918527,0.032554106,0.012497079,0.093250397,0.011573672,0.72281204,2.8626742
0.73865127,1.5889927,0.55320601,0.037492856,0.067117298,0.088850256,0.012809628,0.57519175,2.2201973
0.81119776,1.9512812,0.57896306,0.025604579,0.02334569,0.089086208,0.011809421,0.59877265,2.5740923
0.79793471,2.0482104,0.58357002,0.022304541,0.02328642,0.079803358,0.010560359,0.59296533,2.5819612
0.85280839,1.2528629,0.53976121,0.048369422,0.018515922,0.080851563,0.010403539,0.52434957,2.3981773
0.81132454,1.2574547,0.48759964,0.04023894,0.015580224,0.054986142,0.010356596,0.56212939,2.2511391
0.87710987,0.94625854,0.47781433,0.036044293,0.016354307,0.092454034,0.01027809,0.58027247,2.3862133
0.85898218,1.4799198,0.44964776,0.044448596,0.013245578,0.090294027,0.012988312,0.4652689,2.3149552
0.86401307,1.4114669,0.45826915,0.028226444,0.01606981,0.088328878,0.010965394,0.48415503,2.4046156
0.81045493,1.5050967,0.68497497,0.032304048,0.012096818,0.087310644,0.010390861,0.76228327,2.6525586
0.74892422,2.305639,0.55668653,0.023536485,0.014057328,0.088083529,0.022170007,0.60229729,2.426704
0.80264659,1.6647964,0.56112336,0.027682211,0.016906068,0.094791961,0.010357653,0.58807552,2.4621842
0.80068708,1.6861194,0.57785244,0.02940964,0.019337664,0.083087386,0.0101229,0.67107372,2.4811803
0.80731887,1.9035579,0.58459259,0.03605774,0.029835936,0.086084234,0.01000385,0.77378299,2.5082745
0.82192857,1.6107616,0.43085481,0.029771343,0.014337213,0.061482097,0.010149287,0.44965297,2.2649289
0.78792598,2.027932,0.59142246,0.041829438,0.019418922,0.091158624,0.017166041,0.74658859,2.4579484
0.80395788,2.0852912,0.57066931,0.043550194,0.020149031,0.074858314,0.010636913,0.71946344,2.4611862
0.80474473,1.5830784,0.63038924,0.024967897,0.015749746,0.09374778,0.01179273,0.56509561,2.5976738
0.80550465,1.5791419,0.57632446,0.022124996,0.035661217,0.093352315,0.011012062,0.69903189,2.5157889
0.81366021,1.7019534,0.48010879,0.01930089,0.011740417,0.084553554,0.01402767,0.60835758,2.3892363
0.83932608,1.6933675,0.49859389,0.032316893,0.01004152,0.085798844,0.011348658,0.64839212,2.4250575
0.81186385,2.0500841,0.52350947,0.028938289,0.019659514,0.097553761,0.012970075,0.52494185,2.4623012
0.83153933,2.1711521,0.49732117,0.043277592,0.016855261,0.068929872,0.011926501,0.62818717,2.4072536
0.83920004,1.2274243,0.49336298,0.023448613,0.018671777,0.095694653,0.014189663,0.62938407,2.4038922
0.85442636,1.2184506,0.46608077,0.025605592,0.019301835,0.092423497,0.013360343,0.62215339,2.3857278
0.81271619,2.1415048,0.45059451,0.021699027,0.016092361,0.068571703,0.010974673,0.65025821,2.3665094
0.8424694,1.4170622,0.4840371,0.025735168,0.0224057,0.098261008,0.012750501,0.53645617,2.4070045
0.83971688,1.8502962,0.54194423,0.043027264,0.023480984,0.094740599,0.010349819,0.64661589,2.471003
0.81541602,2.0246299,0.52300745,0.031510942,0.020901837,0.089120738,0.011008583,0.72352589,2.4540215
0.81002135,1.6689837,0.56524655,0.046384375,0.029866361,0.085357538,0.011678613,0.58191359,2.3939732
0.80840319,1.6457937,0.53708847,0.037617003,0.021770939,0.07686879,0.0128025,0.58478864,2.3815953
0.79808295,1.748069,0.55185498,0.037110452,0.020142303,0.081843372,0.017968597,0.59422684,2.3966585
0.81577288,1.9071751,0.49137296,0.029842684,0.011102139,0.074579809,0.010190875,0.61575416,2.3886201
0.81645326,1.6797435,0.54448116,0.040317092,0.045601788,0.091453208,0.013916903,0.55234825,2.4064174
0.84446987,1.438312,0.45509936,0.027921896,0.011838462,0.095373668,0.011874542,0.54032835,2.3540118
0.78846402,2.0258751,0.5116221,0.049509687,0.025551213,0.072283117,0.011065569,0.58585078,2.2808626
0.84370374,1.6792436,0.4697848,0.022239061,0.010486999,0.089939033,0.011260094,0.55055296,2.4304784
0.83006362,1.7626149,0.42666932,0.025659273,0.010443846,0.072626885,0.010466836,0.61747824,2.3089451
0.77128745,1.8115602,0.6044303,0.028415128,0.010706883,0.073352003,0.016003177,0.57597035,2.4756213
0.79360765,1.6011003,0.5163309,0.02825472,0.033255656,0.072339987,0.010749265,0.57427544,2.3468179
0.83606481,1.9130608,0.44116263,0.030629229,0.014290831,0.097866388,0.013622509,0.56346331,2.3433474
0.87085794,1.886685,0.4116013,0.020002871,0.010950387,0.091553407,0.011249683,0.57783615,2.417776
0.85945018,1.9540735,0.42114432,0.022404907,0.010754188,0.088761883,0.010438713,0.572359,2.4035559
0.75967528,1.5697548,0.58632343,0.026331188,0.017595755,0.080607764,0.016781179,0.58814206,2.3838051
0.82639655,2.0218156,0.49487072,0.046043365,0.017811154,0.09058025,0.010281045,0.68186714,2.3603888
0.81987948,1.1744634,0.50566754,0.029609227,0.011650239,0.077348207,0.010705606,0.57774131,2.3384146
0.83181507,1.4467716,0.48630703,0.046616892,0.034969543,0.087966572,0.013331424,0.51543427,2.2938515
0.81910685,1.9789993,0.52926327,0.027778017,0.012569535,0.074586802,0.011074445,0.65048319,2.4891431
0.7699744,1.8702095,0.59241425,0.034639599,0.010944997,0.070633933,0.013847052,0.73255673,2.4254518
0.84409749,1.4526705,0.39728817,0.040850077,0.029945821,0.088009464,0.01185872,0.42834089,2.2080544
0.77752409,1.2059579,0.58606476,0.035383236,0.010185576,0.073970778,0.011675705,0.65473467,2.3290562
0.86116646,1.7635545,0.45474822,0.047520785,0.043684638,0.094035734,0.011627833,0.48681836,2.34304
0.85736861,2.0638567,0.47806205,0.033499547,0.020158731,0.096893825,0.012192427,0.49003991,2.4691542
0.83712954,2.2689399,0.44386277,0.037847762,0.03184457,0.089104677,0.010373925,0.59455746,2.3545486
0.84180898,1.6414752,0.54559879,0.031868942,0.014169187,0.094406053,0.014393909,0.57145757,2.5122111
0.79619887,1.7235632,0.5978609,0.042972934,0.034277694,0.078226631,0.010829371,0.55882246,2.4381377
0.82707607,1.7822265,0.41781656,0.028342349,0.016336683,0.066087924,0.011020976,0.49314861,2.2761504
0.83962721,1.8173741,0.47194892,0.037316097,0.014702429,0.079442339,0.010497218,0.59337273,2.3688637
0.81976977,1.8349116,0.51116402,0.033655245,0.011286484,0.075568384,0.012332456,0.60212709,2.4083338
0.81583288,1.6602918,0.47705245,0.031299507,0.014604418,0.084950005,0.011616952,0.58830087,2.3280758
0.82512653,1.700744,0.49628852,0.032546735,0.015883466,0.087107918,0.011708739,0.58431679,2.3844289
0.79629433,2.0460819,0.50409548,0.04225488,0.024507933,0.067729781,0.013253246,0.55043454,2.3214714
0.80705818,2.0413933,0.51062967,0.045448593,0.030158681,0.059351137,0.013727569,0.55967248,2.345169
0.79653394,1.9846342,0.50620818,0.041416632,0.024839716,0.076749559,0.01205681,0.43449535,2.3222783
0.8458136,1.0877581,0.44665665,0.036752963,0.01173654,0.085257899,0.011301468,0.62552754,2.2723627
0.78767793,1.8538865,0.54682383,0.029701809,0.028622939,0.083255043,0.012471556,0.56049472,2.4125366
0.77275551,1.9066361,0.5663286,0.023512514,0.017640725,0.065699089,0.010122031,0.72889835,2.4500416
0.83248013,1.4143904,0.54514193,0.04919764,0.012442685,0.082679829,0.010522781,0.52319267,2.3716615
0.82066781,1.6315805,0.48728004,0.033893392,0.013059586,0.063166549,0.011868917,0.63127224,2.3431419
0.83042454,1.673208,0.47291783,0.033200339,0.014339589,0.072142483,0.010864483,0.5907308,2.350519
0.82272304,1.912864,0.5826797,0.038345168,0.018973856,0.082199079,0.010259349,0.58299987,2.5344967
0.77320873,2.0537183,0.55397925,0.030846492,0.021568493,0.086601151,0.014982127,0.71002742,2.4102044
0.81500077,1.7674276,0.57780645,0.03558133,0.028953492,0.087078282,0.012170612,0.64577963,2.498143
0.83010722,2.039846,0.56203853,0.055276147,0.015634629,0.0858258,0.015270449,0.72700973,2.4478778
0.8710589,1.6604352,0.50179481,0.037879388,0.012199908,0.092553027,0.010455008,0.48633675,2.480803
0.86271588,1.8354749,0.42712616,0.047123451,0.013074393,0.092293239,0.0177057,0.62954333,2.308533
0.86249268,1.6029179,0.45005586,0.036947815,0.029076715,0.07365051,0.010308869,0.553003,2.367096
0.77384685,2.0624906,0.61992589,0.034592616,0.010744848,0.070612334,0.014013902,0.64054302,2.5189888
0.77022133,1.6631773,0.52969515,0.031257547,0.041713512,0.074781536,0.010061708,0.64875328,2.3025781
0.84536393,1.7368473,0.56206151,0.041073561,0.013181156,0.095100598,0.010983745,0.63937252,2.5160025
0.79779454,1.7992303,0.5158865,0.040092156,0.021187925,0.064203054,0.012296473,0.6311809,2.3259107
0.82825796,1.9010976,0.50794653,0.049854364,0.017012181,0.080801479,0.014324438,0.58575614,2.3570545
0.8143059,1.526284,0.48612838,0.028457808,0.011100571,0.076442539,0.012464426,0.5801446,2.3379223
0.80343206,2.0132832,0.55299267,0.042572832,0.038928938,0.091555405,0.011315451,0.61703785,2.4220893
0.84659783,1.5321551,0.4408592,0.033896218,0.015338675,0.063730366,0.010541739,0.56049271,2.3184159
0.78767586,2.0730388,0.59868402,0.035398044,0.023555798,0.078225,0.015272962,0.65492574,2.5127455
0.78824326,2.037739,0.60213664,0.032163573,0.018549845,0.083582118,0.012860652,0.64692202,2.533401
0.7808903,2.1420621,0.57581868,0.026142827,0.020106982,0.080679573,0.010208734,0.63179243,2.5123051
0.85380031,1.7536375,0.4174193,0.041741579,0.018540283,0.080947419,0.014031587,0.48802216,2.2846575
0.8527844,1.6113136,0.51113161,0.036534316,0.017239496,0.085647927,0.014776714,0.43402294,2.4515168
0.83922527,1.6318358,0.50042494,0.033173736,0.017416348,0.067911495,0.010516018,0.52204296,2.4166872
0.83631462,1.5965671,0.48364017,0.029949012,0.015171381,0.06576489,0.010505284,0.4682011,2.3907982
0.78004362,2.0125594,0.5377509,0.027394781,0.013601768,0.083694325,0.020553621,0.48979787,2.409293
0.78555784,1.8393367,0.5538023,0.031658622,0.036068518,0.062432887,0.010778296,0.47827413,2.4076309
0.77039186,1.9479964,0.52875523,0.028642479,0.013949567,0.050724371,0.011223457,0.52670992,2.3518082
0.78920427,2.3230756,0.51508384,0.02797191,0.014987284,0.078341643,0.018203514,0.45125298,2.4272049
0.82328726,1.3084929,0.50753996,0.026619717,0.024481874,0.086548695,0.01041405,0.7807881,2.3806849
0.81058889,1.6843547,0.51536048,0.027849451,0.018743439,0.075633919,0.010909383,0.59547,2.4018962
0.7960955,2.0709126,0.50765174,0.040620335,0.024256565,0.080071323,0.012286432,0.66259793,2.3377445
0.82399399,1.7413611,0.59548169,0.042024753,0.010538443,0.075219894,0.011925548,0.5700901,2.515032
0.78140813,2.1747862,0.56419257,0.0338343,0.011574482,0.073846693,0.011414616,0.60128949,2.4535364
0.75869486,2.2946427,0.59556544,0.042288797,0.017770729,0.052491143,0.011064511,0.60903062,2.4281194
0.80028493,2.1393882,0.56360486,0.028618195,0.026582998,0.083915111,0.011533307,0.65027691,2.5255379
0.81352993,2.0424102,0.58129413,0.027750457,0.026244334,0.081579244,0.01165759,0.59074723,2.5868239
0.7505966,2.1175496,0.57146693,0.040097744,0.013091395,0.059011258,0.01290168,0.53672554,2.3459246
0.75814168,2.0699953,0.53369326,0.030812409,0.013497512,0.053464221,0.016629394,0.59181937,2.3347282
0.82170585,1.5850378,0.57606717,0.037474125,0.010676375,0.079581217,0.010850202,0.5222344,2.4756764
0.81212026,1.928508,0.45432077,0.028408191,0.036009627,0.09123887,0.013255912,0.60433393,2.3193195
0.80195757,2.0134319,0.52337014,0.028096315,0.037773814,0.093550185,0.011524909,0.65100903,2.4356609
0.81304108,1.9707527,0.62750286,0.041710891,0.018316331,0.097560529,0.010039668,0.58404667,2.5829832
0.83130314,1.5922545,0.45631311,0.029870609,0.032863176,0.099664385,0.010528612,0.63700141,2.3300444
0.85804462,1.7185341,0.52034655,0.038399465,0.013771449,0.099714372,0.010933475,0.55292368,2.4852736
0.79367938,2.0482121,0.50445809,0.034316961,0.040993639,0.098423593,0.014521669,0.6688824,2.3522232
0.84684034,1.5239339,0.43852233,0.043678962,0.012770795,0.085334635,0.011833406,0.56078243,2.2749216
0.80611081,1.4420183,0.50589629,0.029141055,0.024302126,0.083867801,0.011923352,0.48937424,2.3374687
0.84020981,2.1742571,0.45760232,0.045898222,0.020348739,0.070857225,0.013639854,0.48873392,2.3441568
0.79681652,1.6802868,0.55283421,0.033411855,0.027907819,0.075419187,0.01554646,0.5086041,2.4041942
0.79471243,1.8308881,0.5641072,0.034081562,0.022671049,0.066569066,0.017710148,0.51274939,2.4368407
0.8245049,1.8695518,0.56908089,0.032697539,0.013601743,0.099945667,0.010167433,0.68480722,2.5380751
0.85304132,1.3733107,0.50163928,0.038336992,0.02927203,0.09242817,0.0104365,0.51039819,2.3994922
0.79471152,1.7696441,0.48819252,0.04533039,0.033201616,0.085277487,0.011711935,0.501641,2.2454729
0.80017337,1.8521665,0.49282573,0.042457716,0.031724682,0.081994902,0.011890805,0.49497558,2.2881303
0.82101224,1.5924834,0.47931563,0.034936817,0.013155562,0.084957107,0.010442701,0.67826517,2.3213952
0.79840713,1.5457724,0.49520034,0.042354214,0.016781595,0.082788119,0.010878817,0.68652044,2.2535308
0.90304436,1.9819912,0.47354403,0.039523642,0.017894423,0.072236453,0.010036992,0.45467553,2.5368396
0.79165555,1.4836168,0.58484036,0.028995559,0.036839027,0.099587536,0.012440438,0.61662928,2.4404043
0.80644564,1.8309307,0.49552415,0.026730051,0.035646625,0.097814842,0.010567833,0.56577234,2.3783256
0.8619495,1.1373957,0.50352254,0.035681276,0.017338403,0.098137845,0.011041432,0.77516016,2.4103168
0.79950206,2.1353415,0.53290123,0.032897161,0.03825968,0.099585586,0.017816639,0.45567007,2.4394074
0.78742732,2.3167811,0.54362643,0.047629246,0.022079998,0.099600302,0.016618857,0.56377479,2.3807818
0.86729852,1.4980384,0.41756514,0.028125576,0.020510588,0.097177066,0.010562332,0.60739946,2.3504141
0.83896119,1.872518,0.50151141,0.04739643,0.026104686,0.099075704,0.011488879,0.58287941,2.3801465
0.80831297,1.6246777,0.55275705,0.024156061,0.031878245,0.096162695,0.011019484,0.5624151,2.4753234
0.79904601,1.8721918,0.47516617,0.038093421,0.010491088,0.055146521,0.010868899,0.56223632,2.2758963
0.84794451,1.6851792,0.49729323,0.03235708,0.017370889,0.094869401,0.013767679,0.58001227,2.4435833
0.8457814,1.438851,0.50272299,0.050149026,0.018993536,0.094061806,0.011001612,0.51032502,2.3379768
0.82035148,2.258499,0.48337377,0.02674139,0.016950764,0.098941212,0.0137202,0.62359302,2.4410373
0.81600467,1.4792165,0.46784555,0.04390716,0.014958288,0.069227031,0.010175043,0.58848112,2.2407206
0.84428594,1.2801949,0.48625603,0.033556423,0.021432702,0.089794793,0.017613077,0.45998782,2.363618
0.80222165,2.0359899,0.52350619,0.026707064,0.013915746,0.07950708,0.010695838,0.69405915,2.4467743
0.81351728,1.8582956,0.53481448,0.026398175,0.011673635,0.069320405,0.014386127,0.57918888,2.4761422
0.82204595,1.8728702,0.54763933,0.029086735,0.011360449,0.070222557,0.013722492,0.6185417,2.5108757
0.76971766,1.8199094,0.59928489,0.034768395,0.016937678,0.06214344,0.010912129,0.61581383,2.4284762
0.817883,1.7431104,0.58081757,0.03740728,0.011875063,0.080828567,0.011963799,0.72789373,2.4977738
0.79886401,1.9604049,0.49619414,0.027433768,0.030967846,0.076654068,0.011211269,0.49703,2.372202
0.81474138,1.4805582,0.532303,0.031540758,0.023433274,0.094036506,0.016535733,0.55609454,2.3979585
0.84153406,1.9784606,0.53641758,0.040648901,0.010326603,0.092487165,0.011815547,0.54195518,2.4943619
0.84613248,1.9839563,0.49034262,0.047817687,0.01025035,0.097489265,0.010978473,0.5232301,2.3890395
0.86260977,1.5061435,0.46711857,0.029325378,0.011582483,0.098504187,0.010595083,0.54407737,2.4213625
0.78491781,1.7496301,0.52812451,0.040325779,0.031089721,0.070879802,0.010190268,0.50652543,2.3067112
0.78867283,1.7273388,0.52083028,0.033785244,0.013391381,0.060334287,0.010054131,0.49050046,2.3314351
0.84541893,1.8208356,0.54508503,0.031464866,0.012580267,0.091456801,0.017666817,0.66819569,2.5475658
0.82407481,1.7971298,0.39193942,0.030268911,0.033912026,0.077213742,0.010185674,0.46184606,2.216781
0.79250229,1.3218855,0.61033678,0.030596825,0.01898767,0.076342197,0.010456477,0.60435356,2.451429
0.8335477,1.6849204,0.48545174,0.043494688,0.019194498,0.075028377,0.01315935,0.64319117,2.3356606
0.79921278,1.9523695,0.56733006,0.029947649,0.012573608,0.091262588,0.010429023,0.60972322,2.4947454
0.8017659,1.5847025,0.46998641,0.027485867,0.036206426,0.083131111,0.017994679,0.59026053,2.2889528
0.85724515,1.0621471,0.53734938,0.041010904,0.011405321,0.094909653,0.010229236,0.60604243,2.4163803
0.80916135,1.5124822,0.49056238,0.02953769,0.030775669,0.086564339,0.011031623,0.5303796,2.3257969
0.81059488,2.024366,0.52470481,0.04135302,0.012330476,0.079759131,0.010859974,0.63152578,2.3962845
0.81445227,1.8739071,0.45113046,0.036723828,0.012801515,0.064473453,0.01093443,0.52091681,2.2780889
0.82567941,1.6592961,0.47953808,0.032263869,0.013037325,0.057909151,0.010294139,0.47739665,2.3528629
0.83642986,1.7380077,0.53643796,0.04259974,0.02752955,0.086845422,0.014654739,0.58234072,2.4403091
0.84544092,1.6185978,0.53376044,0.035575867,0.014532431,0.081291939,0.014386379,0.72204497,2.4781708
0.79373478,1.8949192,0.56361489,0.027018131,0.01105931,0.080883143,0.010459858,0.61282561,2.4804272
0.8228082,1.7215708,0.53533154,0.035970697,0.047774169,0.096766122,0.012375897,0.58606117,2.4338358
0.82038218,1.647924,0.51918018,0.041223734,0.039276614,0.096876202,0.011612403,0.58180783,2.3650878
0.86939889,1.8550312,0.45953628,0.034308562,0.013742613,0.076567352,0.010766198,0.53554479,2.4379641
0.79750209,1.5715031,0.53577833,0.038787319,0.012527688,0.059716219,0.010015219,0.59104964,2.3359923
0.82431338,1.2961013,0.47466408,0.03388926,0.011515721,0.092088791,0.01101604,0.54680619,2.2947915
0.80519363,2.2490915,0.58998404,0.041460044,0.011563322,0.081546778,0.012027895,0.62282869,2.536844
0.82263342,1.3901878,0.47873155,0.027249163,0.033325538,0.075416719,0.012402762,0.53917845,2.3368924
0.81429656,1.7161173,0.54104941,0.029562992,0.013675897,0.089420928,0.012370074,0.56263809,2.4538107
0.81963315,1.3520245,0.49253729,0.034971568,0.015832901,0.082542936,0.011326966,0.62000429,2.3129146
0.82722394,2.1515233,0.5132581,0.040164654,0.015869135,0.090461109,0.012905762,0.56391402,2.4387845
0.81145337,2.0323536,0.44459723,0.030704752,0.045640951,0.075080842,0.010509058,0.58296543,2.3000788
0.83661363,1.6999202,0.50925961,0.043273116,0.010888633,0.079721201,0.011472216,0.50620937,2.3861299
0.86621254,1.5877309,0.40689387,0.040850009,0.043129029,0.080212638,0.010460301,0.63900176,2.2865911
0.81233223,1.711433,0.5031328,0.037685582,0.011823018,0.073251676,0.010405192,0.58080384,2.3412668
0.81856406,1.4852062,0.51609822,0.034780937,0.028092099,0.084004118,0.01171642,0.61451669,2.3653928
0.82999928,2.0018802,0.50277543,0.033951528,0.010548521,0.090977065,0.011805241,0.53962255,2.4378553
0.80516013,1.911747,0.49371595,0.028539608,0.010378363,0.066589432,0.011416031,0.55151285,2.3725796
0.81384314,1.9439069,0.56551683,0.032655419,0.017470346,0.070825887,0.012537722,0.66314107,2.5141917
0.82685803,1.6129734,0.46771213,0.044281073,0.03199389,0.086694901,0.011896985,0.60400936,2.2791638
0.85517681,2.0695767,0.42919943,0.029723103,0.010589028,0.07251052,0.013368079,0.5075121,2.3868678
0.81290523,1.5242899,0.56301345,0.042587477,0.011471243,0.083284513,0.010768795,0.76018265,2.396058
0.82396911,1.8304678,0.51744798,0.030583465,0.014348291,0.072235078,0.015820055,0.54608048,2.4453875
0.78567976,1.5424803,0.60028952,0.026808969,0.010765453,0.065667348,0.01062922,0.70623619,2.4725094
0.78282011,2.2925243,0.54127567,0.018076029,0.018220624,0.070358047,0.012020144,0.56980515,2.5142504
0.78208059,2.0136094,0.48081063,0.022087958,0.01961599,0.069843204,0.010898218,0.56167188,2.3315127
0.79677129,2.0142877,0.50387324,0.021242156,0.02656591,0.068542917,0.011211181,0.52868558,2.4191898
0.8184523,1.835245,0.48256163,0.018327015,0.015914256,0.092538709,0.014878457,0.44135829,2.426896
0.83535396,1.6483571,0.49279631,0.048040493,0.023346895,0.085714912,0.010889837,0.69748288,2.3286895
0.82953796,1.7686725,0.49962175,0.043815142,0.026096592,0.07773125,0.010623438,0.6289198,2.3575379
0.80324843,1.9130533,0.51916581,0.036072935,0.022120629,0.081856,0.010421239,0.75652492,2.3785985
0.8030122,1.7284781,0.55285428,0.036948742,0.015851678,0.079803923,0.013511606,0.47322232,2.4093577
0.79027986,1.4957716,0.50289519,0.028547429,0.022790069,0.073349214,0.010987799,0.53053965,2.3007226
0.81113515,1.7239434,0.58032897,0.033687029,0.012446359,0.087557454,0.011924491,0.77143024,2.4961177
0.81660709,1.7261168,0.57195077,0.034605231,0.012193726,0.085453623,0.012840467,0.76364949,2.4908927
0.77997967,1.9711366,0.54984986,0.039566207,0.018690175,0.061817938,0.010884142,0.72610991,2.3648362
0.83296215,1.5523815,0.53898613,0.02842043,0.021476051,0.086813318,0.010097717,0.59606379,2.483031
0.81151868,1.5882485,0.58345612,0.033704175,0.026700639,0.072616165,0.01030205,0.48495389,2.4820423
0.83626595,1.9621263,0.53153286,0.027426094,0.018208833,0.084819663,0.01435263,0.67435548,2.5383396
0.78227016,1.7304434,0.56257538,0.026824831,0.020707073,0.09229554,0.010513846,0.60637419,2.4243977
0.77023046,1.8863336,0.60253579,0.033477736,0.033042327,0.057891495,0.010330138,0.47866325,2.4534399
0.83258175,1.5301562,0.51406387,0.039907492,0.019564369,0.070235775,0.010017183,0.47745698,2.3792955
0.87624424,1.5026309,0.44605115,0.036081914,0.024637042,0.091896929,0.010126723,0.53505066,2.3882094
0.82079955,1.7507747,0.52526021,0.041059479,0.016553429,0.090565988,0.010960074,0.55628226,2.3900632
0.82383655,1.6538939,0.5037031,0.03104497,0.024607486,0.071763078,0.010278423,0.82089653,2.3958972
0.81643696,2.2745556,0.5779092,0.034400792,0.015323774,0.088093465,0.010364069,0.48936887,2.5855245
0.79695523,2.0644866,0.52979178,0.028398514,0.016712615,0.081464902,0.010176011,0.50468134,2.4402898
0.78959074,1.8576719,0.52234322,0.031215956,0.016728775,0.08424498,0.010101437,0.52525461,2.3655455
0.81916411,1.5576663,0.50002442,0.037454925,0.025410163,0.093260886,0.016884517,0.47015407,2.3363696
0.8193166,1.6058653,0.47769136,0.045843469,0.019335636,0.093461394,0.013496188,0.55094711,2.2695208
0.82458117,1.7316091,0.49923924,0.037366185,0.012993842,0.080661486,0.010236495,0.5292186,2.3693746
0.83072657,1.6390469,0.49559468,0.037418503,0.013556434,0.077784278,0.010207313,0.5009833,2.3676685
0.84913948,1.2501314,0.44514705,0.042144999,0.023627897,0.09157706,0.012776898,0.60725521,2.2718619
0.79477864,2.0945538,0.56520026,0.035734369,0.01316671,0.068725327,0.010174296,0.52511562,2.4688685
0.85998235,1.4050273,0.45489139,0.034521906,0.017380676,0.092786824,0.011690091,0.57226233,2.3601588
0.82855569,1.3226668,0.42813659,0.050393813,0.048455199,0.088002424,0.015144945,0.53283843,2.1730781
0.84465771,0.9247119,0.45073794,0.039565541,0.013620915,0.055607559,0.012768157,0.50599209,2.2491421
0.81810594,1.6365878,0.56804478,0.039079078,0.022974163,0.094131974,0.012440827,0.60791254,2.4514964
0.82012684,1.8016564,0.4494145,0.03452318,0.016006983,0.062053564,0.011097055,0.52939659,2.2911531
0.80657937,1.8244831,0.54333257,0.049112909,0.016032158,0.081538675,0.012867299,0.64491403,2.3566592
0.82734807,1.5673354,0.51642729,0.049544695,0.017849929,0.083374298,0.013255774,0.70915937,2.331015
0.81925487,1.8325583,0.5045908,0.034056841,0.015843009,0.093428138,0.010678272,0.47599225,2.3928424
0.78728621,1.8949451,0.57378512,0.035167549,0.028670666,0.064070387,0.010307554,0.5997224,2.4386248
0.85018465,1.5705808,0.4497245,0.042272475,0.028790898,0.099507352,0.010331062,0.5907286,2.3110328
0.82128265,1.2871064,0.56134679,0.036292733,0.024489302,0.099888756,0.011364022,0.5575136,2.4133812
0.7857756,1.7949155,0.61132442,0.034614182,0.036511355,0.099918294,0.01855788,0.54679479,2.4902851
0.80230948,1.4241121,0.50911173,0.046409657,0.030488047,0.099955045,0.014018857,0.51790426,2.2539143
0.82495942,1.5087711,0.56101851,0.035487907,0.013730535,0.098546268,0.012569741,0.55325128,2.4577146
0.81572856,1.9412081,0.46285987,0.032619756,0.011253706,0.078028955,0.012864625,0.58337788,2.3267579
0.81841928,1.9499006,0.41340766,0.023623004,0.01278282,0.062302739,0.011334629,0.62781217,2.2812248
0.80844031,1.822371,0.41509762,0.026725515,0.012224569,0.067079646,0.011405841,0.63067168,2.2356154
0.80805029,1.6993571,0.60605048,0.048112011,0.020302297,0.098270476,0.014208005,0.55162106,2.4528933
0.83598431,1.2707295,0.40744353,0.023088775,0.017955182,0.083591296,0.010126876,0.71347915,2.2571832
0.84070966,1.2879104,0.4332522,0.022246351,0.0250981,0.08240326,0.010132602,0.70184466,2.3173951
0.80302207,1.6474205,0.5103366,0.047931642,0.011461686,0.074410174,0.016085237,0.44955417,2.2770851
0.83678284,1.5201424,0.48560334,0.038681845,0.012002832,0.075955717,0.010607453,0.46996261,2.3470616
0.82887387,1.4891329,0.4728772,0.043424654,0.012824082,0.064807612,0.010750861,0.50589202,2.2832389
0.82834082,2.0706136,0.47985446,0.031304196,0.032830509,0.09184069,0.011070007,0.64589956,2.4105911
0.81859787,1.4283431,0.51640472,0.03879532,0.016340024,0.050738451,0.011042277,0.53498732,2.3403835
0.81144341,2.068311,0.53127867,0.039747605,0.012235995,0.089331332,0.011904986,0.60228022,2.4239823
0.81855281,1.7080004,0.57377074,0.040666299,0.034999744,0.087527655,0.012773735,0.50505107,2.4647504
0.8491442,1.6897783,0.53448536,0.039919752,0.017097453,0.092638666,0.011354033,0.57963545,2.4764055
0.8357145,1.866736,0.45863494,0.032342477,0.029876866,0.075833865,0.010281889,0.61224417,2.3624309
0.80432938,1.7254277,0.47789085,0.042416505,0.012261395,0.063994475,0.011105874,0.66770783,2.2596512
0.80084004,1.7269071,0.59824201,0.031327739,0.035642641,0.091267484,0.011090454,0.59702832,2.5145472
0.82937187,1.6168868,0.46535359,0.045792508,0.012766049,0.089257633,0.016924702,0.63042744,2.275775
0.86695551,1.9749382,0.483106,0.038228976,0.019196546,0.071346958,0.01002106,0.56704542,2.4704121
0.79265945,1.6968871,0.54015561,0.033617964,0.019549764,0.088244626,0.010291597,0.54079801,2.3723224
0.80437769,2.03487,0.51640172,0.030137456,0.014536401,0.051689227,0.010245698,0.5622461,2.4209568
0.79653938,2.0061415,0.43177282,0.027400534,0.012522364,0.051113518,0.010158257,0.5694126,2.2507432
0.77891848,1.9326743,0.62776666,0.026538554,0.010787386,0.082129038,0.01028292,0.63223092,2.5727843
0.79203183,1.6695936,0.5997957,0.033123708,0.010854758,0.061674523,0.012549676,0.67414259,2.4743721
0.79922476,1.7626676,0.59131478,0.028152484,0.010408503,0.089972407,0.012449271,0.5482998,2.5209909
0.80781014,1.9785404,0.44096875,0.049349301,0.015403635,0.038797572,0.010210168,0.48474541,2.2047629
0.76860772,1.7756011,0.58261867,0.020686028,0.05884073,0.099018118,0.011454642,0.63853397,2.4652225
0.73592688,1.894044,0.58536677,0.019145335,0.051403721,0.098804491,0.013071084,0.63523312,2.4079036
0.82276618,1.7172324,0.53407871,0.022462273,0.022649048,0.095544892,0.011793063,0.72443466,2.5011884
0.822974,2.2121737,0.58459469,0.047835419,0.010986758,0.051812179,0.012263943,0.54696688,2.5330101
0.81378866,1.8903397,0.52497599,0.040579682,0.02044605,0.095536036,0.012686785,0.66749136,2.3915874
0.8543131,1.3263761,0.48542365,0.030152226,0.019420816,0.089724198,0.01250892,0.48893034,2.4085757
0.81487503,1.3018825,0.48304121,0.044191963,0.01958105,0.065416961,0.010751478,0.66589952,2.2416095
0.81150595,1.3148378,0.50313738,0.043258877,0.016376494,0.075746443,0.010777102,0.63015405,2.2686953
0.81538101,1.7842807,0.52670082,0.033692522,0.023180546,0.075083935,0.013680997,0.61232095,2.4186458
0.81162131,2.007369,0.48653375,0.043320406,0.015853385,0.080513322,0.010929159,0.59181772,2.3193311
0.8008836,1.9355836,0.50443728,0.035188239,0.014286051,0.074035531,0.012832864,0.57920762,2.3527897
0.83081626,2.2083447,0.49477136,0.043332637,0.029952729,0.096590145,0.016685427,0.50507513,2.4047195
0.82415547,1.3510594,0.54486368,0.037040427,0.014395085,0.085380471,0.01135692,0.55221818,2.3992589
0.81078257,1.3788334,0.52447026,0.047923946,0.013031057,0.067542197,0.010470604,0.55892687,2.2865719
0.82790618,1.5546105,0.49844867,0.031770676,0.01575785,0.070213677,0.010410539,0.61613755,2.3818531
0.81581921,1.7422011,0.51248415,0.027263633,0.014913164,0.089204191,0.011235741,0.56517009,2.420511
0.83463354,1.7826813,0.46452489,0.042567717,0.027580395,0.086658477,0.012777182,0.56402345,2.3172836
0.83200829,1.7321742,0.44882703,0.048897215,0.017166122,0.083593792,0.011443486,0.49836895,2.2545175
0.8329209,1.6869848,0.46479421,0.028117982,0.016573501,0.089580696,0.0106694,0.51655225,2.3668706
0.81303941,1.8303649,0.48329903,0.038000072,0.013802522,0.069532211,0.010801571,0.54940105,2.320851
0.82248621,1.9371421,0.51690596,0.038709173,0.010440389,0.079452116,0.012097997,0.7053193,2.414009
0.82857431,1.5803213,0.52508689,0.042071142,0.011503778,0.08523409,0.011511142,0.61769624,2.383504
0.85193806,1.7492748,0.52621654,0.048760265,0.011849374,0.093101737,0.011466974,0.55118879,2.4340076
0.8292752,1.6401954,0.47557673,0.033255319,0.010919184,0.075920117,0.01130865,0.59619847,2.3484549
0.80259968,1.8013529,0.48030062,0.028601531,0.039596398,0.08886973,0.013298836,0.50816131,2.3282377
0.78596563,1.6194564,0.56049963,0.022533189,0.019168793,0.091144367,0.016372552,0.50137356,2.4372555
0.78517408,1.6438743,0.5277852,0.028639164,0.018049009,0.064846409,0.010933825,0.62607002,2.3484688
0.83442532,1.1086054,0.51642865,0.039891436,0.02218664,0.074369578,0.012921284,0.59252441,2.3373967
0.82221167,1.3420775,0.48460245,0.033475916,0.023997234,0.094081538,0.010260443,0.50212764,2.312193
0.79079548,1.7255843,0.59730514,0.026629451,0.018441341,0.072955369,0.010369936,0.62898065,2.5118717
0.81672165,1.6304265,0.41843832,0.034266829,0.027087406,0.067736722,0.01306145,0.65787817,2.2151203
0.82590318,1.7929379,0.51021725,0.039843429,0.016799056,0.098364239,0.011416018,0.49303923,2.3877064
0.81882359,1.2689574,0.51367687,0.032907872,0.014012078,0.078423107,0.012339591,0.62085731,2.3444592
0.86118202,1.1763818,0.48725957,0.04014694,0.02826523,0.097135024,0.011227501,0.49269286,2.3670186
0.87013536,1.1530574,0.47472609,0.044853213,0.033671099,0.095556214,0.011443985,0.5090773,2.3475047
0.84244008,1.0448803,0.46679974,0.048245555,0.024392662,0.099796506,0.021887688,0.53058338,2.24386
0.84766679,1.271224,0.53478068,0.033526359,0.014941801,0.099123014,0.011306904,0.50879573,2.4508885
0.80477248,2.115279,0.50561822,0.045695139,0.013568256,0.062737714,0.010498874,0.59642827,2.3382137
0.83641375,1.6717398,0.48443874,0.032755946,0.019520495,0.096283395,0.014242294,0.5594888,2.3877986
0.82960233,1.489984,0.50268849,0.036440851,0.018292499,0.09456002,0.013566833,0.58089668,2.3640405
0.85282167,2.1355368,0.49112372,0.032807859,0.014737996,0.081464221,0.010913082,0.54840994,2.4948763
0.85099643,2.0952025,0.48748171,0.031021983,0.023766896,0.073623714,0.01029739,0.5870383,2.4871911
0.81588536,1.864552,0.51504928,0.027948299,0.013971786,0.090396635,0.010173917,0.58859746,2.4375365
0.7940837,1.7697513,0.53852631,0.038532455,0.025773819,0.068055559,0.018759081,0.54800198,2.3590522
0.81937896,1.7257197,0.48805658,0.027979525,0.01626811,0.094301556,0.010170051,0.61168894,2.379472
0.81054103,1.9553726,0.49907113,0.045736263,0.01399046,0.077354532,0.010459645,0.50245358,2.3221924
0.84275571,1.4881958,0.51123713,0.031682598,0.029859045,0.087956157,0.012103106,0.70816673,2.4346898
0.8023478,1.943738,0.52166113,0.040416016,0.01245494,0.080031701,0.010207201,0.67822481,2.364064
0.79542334,1.5824147,0.51976741,0.024881014,0.02508358,0.092191747,0.011891004,0.58103984,2.3717945
0.83374153,1.6145985,0.50741359,0.046108218,0.017183042,0.069789555,0.011117006,0.57507689,2.3531022
0.79741135,1.556789,0.52576866,0.033886832,0.012331947,0.089313937,0.024824311,0.55863126,2.34028
0.79398354,1.759939,0.4675763,0.039511882,0.021886019,0.090651528,0.01617289,0.4101841,2.2325702
0.839358,1.8003517,0.48476825,0.03486064,0.024452125,0.076820396,0.011412554,0.49361417,2.4004747
0.84508031,1.5142979,0.44798931,0.043762285,0.013027047,0.07058679,0.010733785,0.54902622,2.2845109
0.80210881,1.9716155,0.55542202,0.033239156,0.018797546,0.095507167,0.01648903,0.59248321,2.4649081
0.79701342,1.6354141,0.53780378,0.029881971,0.042292544,0.08825258,0.011457274,0.70244633,2.3898872
0.84542322,1.9039923,0.50000551,0.037924686,0.010784239,0.085820619,0.012897207,0.57854054,2.4410115
0.83119812,2.0081381,0.4709446,0.028641647,0.01479708,0.096635751,0.013531034,0.48730233,2.4063002
0.81543994,1.7727076,0.50529223,0.044892267,0.039095292,0.089657858,0.011758129,0.53562937,2.3276088
0.81823759,1.7059596,0.46371827,0.025428406,0.011059319,0.093656403,0.0233275,0.47999995,2.3420307
0.82957123,1.6787558,0.50896395,0.024627434,0.017063695,0.09645626,0.011756149,0.50178404,2.455285
0.81078749,1.7444754,0.48718733,0.020049872,0.019711151,0.097326232,0.018805944,0.48838209,2.3964134
0.85430825,1.451253,0.4613433,0.024153784,0.030323285,0.09932274,0.010936174,0.50752715,2.4084178
0.81464337,1.7683803,0.54918054,0.044266221,0.014007725,0.093051683,0.010381309,0.8332875,2.4025321
0.81948178,2.0036966,0.48670755,0.029069712,0.024863928,0.080605716,0.013242262,0.49808104,2.4042596
0.81928844,1.7379199,0.39721682,0.029556723,0.022304479,0.092148145,0.01739412,0.44275368,2.2123649
0.80596752,1.789321,0.57066841,0.04206039,0.010665089,0.058964294,0.012372645,0.73120112,2.4311429
0.78297882,1.4294361,0.59424044,0.038245972,0.010370492,0.084882132,0.013429553,0.58419865,2.3759881
0.81220981,1.6056082,0.59124506,0.035483953,0.010646506,0.068628856,0.016431553,0.59160987,2.4905913
0.82265622,1.7114886,0.6079927,0.036823519,0.010898756,0.087101951,0.012997418,0.60446745,2.5577516
0.82481828,1.8887515,0.55997584,0.031727387,0.012223571,0.082152059,0.011264915,0.57833933,2.5297189
0.8390943,1.6643156,0.47498441,0.042623932,0.012459579,0.070714911,0.010159628,0.60094115,2.3334513
0.82759367,1.7838328,0.5343073,0.037258523,0.014885826,0.094401636,0.020290111,0.57481912,2.4461321
0.82218375,1.9686203,0.4641285,0.03388351,0.013355788,0.097043283,0.011412516,0.51042687,2.3425007
0.84213603,1.8633272,0.45434622,0.030299718,0.012961002,0.096261076,0.012591363,0.56039535,2.3793908
0.84321141,1.835462,0.47034234,0.037600417,0.014377466,0.094244961,0.01126032,0.5347983,2.3755747
0.83018271,1.537899,0.54458385,0.03646411,0.010870692,0.092501037,0.014934083,0.57895578,2.4422583
0.8244281,1.5716396,0.53553467,0.036347267,0.01129132,0.093614852,0.015027579,0.61148841,2.4168587
0.81782442,1.6558276,0.5002322,0.033080345,0.045968421,0.08003326,0.011352178,0.56657003,2.3649352
0.84653793,1.6816035,0.53168447,0.037492403,0.020319175,0.092902239,0.012218753,0.56663745,2.4758295
0.86892659,2.0807195,0.39891549,0.02880339,0.017750954,0.073511384,0.010545847,0.66913792,2.3667299
0.82861963,1.5549416,0.5226791,0.041516837,0.012341426,0.09430622,0.017606817,0.4470959,2.3790667
0.81996269,1.677086,0.50482717,0.042813615,0.011838139,0.096556337,0.019116155,0.44017025,2.336234
0.83878814,1.9740171,0.42939416,0.037504478,0.027991134,0.064527367,0.010759378,0.51303624,2.3053617
0.83740342,2.0117888,0.55696176,0.037200546,0.012757766,0.079188069,0.013683825,0.6082157,2.5450455
0.81747217,1.5851566,0.54284062,0.037406445,0.014331048,0.077372893,0.012877373,0.50437484,2.4078957
0.80653608,1.3520107,0.47622195,0.039542001,0.021404444,0.062287067,0.010541703,0.54012262,2.2348473
0.79116104,1.4586418,0.47667628,0.053721936,0.03617562,0.061032746,0.011695185,0.49380416,2.1533799
0.81769461,1.817763,0.51770418,0.029788106,0.025814093,0.0914226,0.010142065,0.71803939,2.43196
0.84334607,1.638771,0.56370839,0.048068618,0.010179421,0.086923087,0.011223701,0.58816279,2.4645172
0.81410193,1.6009906,0.56304975,0.038908101,0.010844448,0.086581993,0.015392027,0.53121902,2.4282602
0.81030341,1.9896385,0.51501922,0.033780559,0.03817103,0.077662153,0.010927221,0.6522167,2.4098264
0.83814863,1.7372981,0.51639679,0.040253825,0.012581115,0.08974568,0.017872461,0.59111885,2.4209062
0.77883325,1.8643824,0.49896956,0.029996911,0.024021987,0.082597544,0.010838073,0.57915531,2.3020658
0.83873936,2.1110267,0.52264127,0.045840263,0.012835747,0.090852003,0.012764436,0.6299137,2.453096
0.80668216,1.284369,0.50119376,0.031718963,0.019527279,0.082262432,0.010684194,0.50925744,2.3005547
0.8014034,1.627256,0.54815201,0.035262452,0.014448802,0.08462462,0.012201655,0.61404234,2.3914536
0.81451394,1.7723736,0.51321985,0.045981408,0.021154104,0.062496964,0.011070147,0.51026821,2.3337419
0.82055906,1.8005692,0.46919122,0.028248163,0.021329667,0.097927212,0.011188407,0.66923432,2.355178
0.78645668,1.8080917,0.54818051,0.034023734,0.012915664,0.070641807,0.012218608,0.51574922,2.3834755
0.82135708,1.6746259,0.54265609,0.045228936,0.013798795,0.082181701,0.012677615,0.53969571,2.3916115
0.82344536,1.7597068,0.46985264,0.033651904,0.021605758,0.06698193,0.01042395,0.59828729,2.3348497
0.83709595,1.4741333,0.52482244,0.033968111,0.014016846,0.089060747,0.010940683,0.49449343,2.4304873
0.80495533,1.8972472,0.6036785,0.041868463,0.0462295,0.087307839,0.011073809,0.53786575,2.5045989
0.77428692,1.4510545,0.49243216,0.022169544,0.011477357,0.066596003,0.012205073,0.5956041,2.2656712
0.77067014,1.4426226,0.49968052,0.021664753,0.011268984,0.057706846,0.012752362,0.59941517,2.26987
0.82484342,1.3114603,0.52563113,0.023751061,0.012409862,0.079207516,0.011135155,0.51206772,2.4303152
0.83422071,1.1988186,0.50530379,0.038386798,0.013081021,0.071457289,0.012391167,0.49377614,2.3372829
0.81729182,2.1934729,0.56672754,0.035111194,0.03101351,0.086855598,0.011171908,0.67537862,2.5490338
0.81517231,2.1308259,0.56764785,0.036657413,0.032280538,0.080244343,0.01163073,0.6621232,2.5276074
0.86762093,1.3034972,0.46540895,0.036077506,0.023815114,0.075169149,0.011513299,0.54983634,2.379562
0.80422439,1.6328584,0.57400711,0.020570992,0.020126257,0.085698325,0.012534021,0.77839186,2.5251629
0.79247053,1.7266943,0.59692171,0.021374814,0.021240408,0.087034685,0.010835244,0.67741991,2.5465753
0.81227722,1.7008956,0.59209118,0.025783405,0.022107505,0.077653924,0.010067747,0.69308141,2.5618514
0.82170186,1.9870548,0.5322311,0.040366554,0.01593759,0.095054608,0.010819708,0.45134527,2.4383655
0.83724439,1.6284271,0.47569462,0.029710257,0.024725681,0.076044595,0.010588444,0.53329398,2.3837086
0.79988481,1.6195889,0.55491262,0.03036428,0.015895258,0.09008867,0.014823477,0.62589789,2.4230288
0.79366368,1.4503579,0.56494951,0.030933065,0.014542489,0.092245722,0.014435311,0.6257415,2.3966576
0.82165963,1.5097328,0.47138448,0.037911402,0.017703618,0.054486334,0.013464376,0.52593945,2.2881468
0.81069811,2.0094047,0.53145069,0.046517208,0.025154805,0.088874219,0.010360451,0.43472211,2.3824161
0.83624677,1.7570641,0.55803687,0.041225384,0.027457241,0.087222322,0.01056639,0.51678409,2.4872225
0.80348794,1.6428267,0.44805422,0.050763775,0.029431114,0.07932563,0.010221005,0.48144753,2.1694906
0.80593832,1.7417148,0.42186317,0.031989385,0.012068367,0.094892664,0.019171438,0.68804133,2.213222
0.80562227,1.4334078,0.62274531,0.034214712,0.01151836,0.084471731,0.010295595,0.48072482,2.5064017
0.81116896,1.8139774,0.43944879,0.04381516,0.010874479,0.057097634,0.014105897,0.67867304,2.2161605
0.79457182,1.8373579,0.51965773,0.024096639,0.016235937,0.09958623,0.010351637,0.47252239,2.4065094
0.86311416,1.1371917,0.45483111,0.050997375,0.026062414,0.096960793,0.010293523,0.66825438,2.2752432
0.84776141,1.4724915,0.52297774,0.035118749,0.017038108,0.079914676,0.01270198,0.46538865,2.4490039
0.84183194,2.1182371,0.41448918,0.034208857,0.021592622,0.073264157,0.011714172,0.54114983,2.3116848
0.79770001,1.8456022,0.53228256,0.034561162,0.014227866,0.087536878,0.016218292,0.67553041,2.3866417
0.81818478,1.6390705,0.4450256,0.032557023,0.016897586,0.070819063,0.010743278,0.53655598,2.2710725
0.80960485,1.5333318,0.46162107,0.027466063,0.022189143,0.064187419,0.010347931,0.52827083,2.289051
0.81678151,1.9287898,0.59887313,0.045347994,0.0195872,0.093437308,0.010356845,0.64853247,2.5133543
0.82607532,1.1709034,0.56983313,0.040002902,0.012611781,0.09383277,0.011944884,0.56567274,2.4044976
0.84938086,1.6776515,0.45698197,0.03697635,0.030610555,0.070029571,0.010113533,0.53511355,2.3538987
0.84701042,1.5392592,0.49333161,0.037078338,0.01412207,0.087510446,0.020395103,0.49133495,2.3951262
0.81749002,1.1698618,0.52889565,0.029993962,0.027659811,0.092883645,0.011953598,0.48939429,2.3668632
0.86020037,1.0522426,0.42319931,0.047121586,0.02189339,0.065081419,0.011252502,0.51050878,2.2306516
0.83280663,2.0057774,0.49938073,0.032809894,0.016225346,0.094477938,0.013672621,0.52767608,2.4446124
0.81801049,2.0029085,0.47151892,0.046606556,0.034956541,0.078769681,0.011989207,0.6308496,2.2943531
0.82369838,2.0321026,0.5240648,0.042552526,0.031634149,0.081636116,0.013378513,0.62303295,2.4236161
0.81657468,2.1261687,0.54358539,0.049652097,0.026187922,0.080348834,0.011514439,0.69886632,2.419355
0.77224576,1.6702484,0.57817532,0.034273677,0.018599782,0.075680074,0.011738406,0.6116662,2.3774678
0.86129748,1.690173,0.5232666,0.033106574,0.015346483,0.083059407,0.011142528,0.57670649,2.5221623
0.80467996,1.8092094,0.47092336,0.035878675,0.011621188,0.094926748,0.01418107,0.50601534,2.2853205
0.81396195,1.2909672,0.54202797,0.040304848,0.0235783,0.085067686,0.010111476,0.67172484,2.3448395
0.81079185,1.1106734,0.58491199,0.037395194,0.045568264,0.097402135,0.010127613,0.62259654,2.3916191
0.81360676,2.1856225,0.48621959,0.039680088,0.01467023,0.071129193,0.010015922,0.55788846,2.3598365
0.81314084,1.6475102,0.51344837,0.031512918,0.041779376,0.095077061,0.010137682,0.51235121,2.3825285
0.8047791,1.5774781,0.54410805,0.03077274,0.01994321,0.092762396,0.01321744,0.50573892,2.4090248
0.82456364,1.7412616,0.50947995,0.032783314,0.012136797,0.08462884,0.01029248,0.59994172,2.4103097
0.8529166,1.8014156,0.50780398,0.034516822,0.013554934,0.080211337,0.010205717,0.6209285,2.478772
0.80227287,1.7850141,0.53203111,0.031263989,0.019775979,0.070131637,0.013283513,0.57088707,2.4064246
0.83664989,1.7750086,0.47512693,0.031898986,0.010509361,0.083796372,0.012022709,0.59054514,2.3870989
0.81538263,1.5660788,0.50086145,0.041680339,0.037839771,0.069883613,0.011518304,0.53828935,2.3103703
0.833733,1.7164303,0.4641944,0.042140213,0.011942735,0.090107654,0.019664124,0.48344121,2.3095847
0.80264107,1.6176106,0.49318254,0.02886945,0.021247469,0.068380296,0.010266128,0.68782487,2.3288782
0.81314591,1.7340869,0.54186901,0.046807865,0.020781712,0.079544185,0.010070734,0.64154662,2.3697431
0.8152944,1.5925122,0.58611034,0.037342167,0.01531417,0.090936599,0.01011072,0.5850245,2.4778914
0.78214972,1.4797621,0.55971171,0.034211161,0.011559773,0.056489902,0.010224049,0.65999828,2.3450978
0.84345222,2.003637,0.46895984,0.0357816,0.021406427,0.091767867,0.015280078,0.59350624,2.3996935
0.80933585,1.7614892,0.45742641,0.039788571,0.02649215,0.092740219,0.014082301,0.5427786,2.2524831
0.83307673,1.4320651,0.5513083,0.045877205,0.023656117,0.064924418,0.012737216,0.48975845,2.4007119
0.81799574,1.654466,0.42184661,0.036916161,0.021147056,0.090526774,0.012752889,0.49496636,2.2157833
0.79181518,1.825806,0.58152314,0.042508507,0.010114348,0.069678342,0.013782077,0.61233382,2.4162556
0.85899024,1.69943,0.4938821,0.044095608,0.012495763,0.098190626,0.013278354,0.56548218,2.4120691
0.86939237,1.2555239,0.43105884,0.03647175,0.011734151,0.085955463,0.011242685,0.62602315,2.3224272
0.8080566,2.0221723,0.58254079,0.03227646,0.039138865,0.087784305,0.010659213,0.43997205,2.5455192
0.76738876,1.6306618,0.52902689,0.039578783,0.010880607,0.060975305,0.010208039,0.7085806,2.2515874
0.81643234,1.8592593,0.43557136,0.031594377,0.016875409,0.099636207,0.018984943,0.49341986,2.2753599
0.87578098,1.904814,0.49166879,0.04389563,0.027729763,0.0798237,0.010410495,0.52947601,2.4737909
0.85066846,1.821573,0.40691487,0.035739335,0.013769109,0.097358385,0.010900774,0.60834431,2.2880078
0.82241463,1.604293,0.55982088,0.02625906,0.027803664,0.087771364,0.011844572,0.65746852,2.5117599
0.88175335,1.6942345,0.47756393,0.040421849,0.015659688,0.072394286,0.012534892,0.4502468,2.456495
0.84155505,1.6874851,0.41551541,0.049419265,0.011446171,0.091083996,0.015199808,0.4850818,2.2184865
0.82882495,1.7908135,0.5092443,0.034025341,0.012039302,0.068944583,0.012032467,0.52609209,2.420853
0.8443456,1.5838805,0.50314186,0.040505232,0.026273347,0.079860671,0.012275733,0.57185088,2.3943531
0.80999121,1.9379533,0.56725577,0.023497413,0.020646597,0.088393328,0.010706087,0.60040535,2.5576631
0.78663117,2.048386,0.50626232,0.024747852,0.015672031,0.096521461,0.012706548,0.55838598,2.3839097
0.78121813,2.0464898,0.47749722,0.021367792,0.031182925,0.096895994,0.015806031,0.4852937,2.3301396
0.80394936,2.0685855,0.46322274,0.023483045,0.048756145,0.092044673,0.011948813,0.47302783,2.3530367
0.80139251,1.891184,0.53394342,0.021564166,0.026648279,0.096277855,0.014653095,0.4589299,2.4726778
0.84541921,1.4868277,0.45818542,0.054342737,0.019252437,0.054244714,0.011086516,0.63162014,2.2573835
0.84010783,1.5134596,0.4437194,0.056927099,0.019994545,0.079303572,0.012333979,0.68394787,2.2161876
0.83069566,1.4819546,0.54793323,0.028801574,0.019641807,0.09302916,0.011668859,0.60544663,2.4813364
0.81915059,1.2956847,0.49506544,0.028394519,0.023586634,0.085993925,0.012561049,0.65612381,2.3392434
0.79608829,1.9603624,0.45681376,0.026745627,0.013102336,0.096964374,0.010724519,0.54394949,2.2943365
0.85214792,1.6160448,0.53507254,0.036091544,0.029626966,0.098449701,0.011667955,0.61739857,2.4949134
0.81126329,1.6447776,0.48137525,0.028302736,0.012963395,0.098699645,0.011377654,0.53955592,2.335972
0.82478077,1.8340931,0.46759958,0.047326466,0.015028509,0.077966323,0.012863738,0.62037037,2.2839056
0.80470879,1.9526184,0.54866395,0.034127502,0.015476747,0.075407901,0.011537662,0.55557936,2.4517049
0.76989941,1.8952387,0.53936068,0.04364719,0.024240513,0.067272937,0.011535542,0.62033709,2.2911414
0.76499096,1.7990271,0.55106877,0.040699406,0.027032408,0.060542259,0.012769291,0.68690786,2.2991365
0.80597865,2.2450421,0.58880775,0.027088494,0.010523671,0.083478794,0.011811162,0.68841911,2.6179054
0.86913845,1.5614735,0.42628433,0.031897573,0.019082632,0.097493343,0.011347031,0.45232091,2.3599211
0.75720735,2.1026744,0.61011807,0.022135134,0.036237178,0.079806924,0.011240501,0.54753547,2.5334652
0.76442961,1.6090811,0.62224789,0.023540378,0.017099979,0.05236873,0.01460751,0.63148619,2.4828595
0.83512356,2.0153186,0.57752026,0.048720639,0.02488231,0.098260942,0.011123617,0.63182624,2.5175164
0.82241146,1.2974534,0.46069372,0.025813327,0.01711168,0.098637933,0.012875473,0.6626295,2.3026496
0.79096936,2.140584,0.48119594,0.039930161,0.020674576,0.0601886,0.01143576,0.50537914,2.2879947
0.82934687,1.6750694,0.4482712,0.035513395,0.011029611,0.073927566,0.010434937,0.78229469,2.2953902
0.8286058,1.9966933,0.53079484,0.042990392,0.034692932,0.09329373,0.01272389,0.46775271,2.4417593
0.86552033,1.229872,0.55705836,0.033706486,0.019215931,0.096592835,0.01031437,0.62065984,2.5282625
0.82024981,1.4878444,0.47043663,0.032815145,0.021829476,0.096740015,0.010151463,0.65272881,2.3026338
0.85757231,1.4915243,0.56177037,0.053906469,0.027695998,0.084874545,0.013864779,0.58883953,2.4492488
0.82369454,1.4008224,0.45985417,0.038564246,0.023038417,0.091632747,0.011267837,0.61380466,2.2609104
0.86125701,1.5299411,0.52461744,0.041201293,0.024854795,0.083670822,0.010392242,0.46580506,2.4637845
0.86016749,2.0425143,0.36634958,0.043841859,0.016587583,0.07680065,0.013419432,0.543821,2.22696
0.8297885,1.7685723,0.5391822,0.03304409,0.015311915,0.084689204,0.011694248,0.55636504,2.4800785
0.81272946,2.0634807,0.47553086,0.031556068,0.013010771,0.091174045,0.012914618,0.68030692,2.3608841
0.7987342,1.5289678,0.56764368,0.039612733,0.019370307,0.081702596,0.010685204,0.527301,2.3820578
0.83086629,1.8884668,0.48640647,0.033465867,0.013229916,0.088630458,0.013026108,0.75360789,2.3984735
0.86579623,1.4797361,0.43185035,0.042050919,0.015627263,0.085415321,0.010696228,0.43137992,2.3124845
0.85489634,1.2936584,0.42264089,0.039875534,0.015874844,0.086561385,0.010644708,0.51924292,2.2640126
0.85012692,2.1159863,0.49989268,0.040037424,0.017000592,0.079950228,0.011315483,0.55519507,2.4674621
0.83940598,1.8387359,0.45997229,0.041534591,0.016299219,0.089641706,0.012632177,0.56994375,2.3311888
0.81141623,1.3213709,0.56700103,0.033053892,0.016800367,0.057080444,0.010277983,0.57560913,2.4178108
0.82280816,2.346763,0.49320418,0.029955332,0.012273979,0.092266081,0.012564179,0.57699605,2.4619332
0.84537264,2.1184262,0.44103134,0.026823494,0.011817994,0.090076309,0.011840368,0.62426905,2.4034757
0.83600423,1.3936736,0.52724235,0.038329176,0.017755139,0.093178319,0.011788393,0.55811785,2.4004292
0.80248162,1.0759943,0.48582005,0.030884599,0.01577707,0.065407996,0.011961138,0.56915633,2.2459638
0.85099997,1.35788,0.4944877,0.039005887,0.043860675,0.095078589,0.012656177,0.47672484,2.3779013
0.83521512,2.0216423,0.47632569,0.035546764,0.011758942,0.095998902,0.011346783,0.63112188,2.3959089
0.83314339,1.8818504,0.53504188,0.038703035,0.012366313,0.087328072,0.012245735,0.64568392,2.467388
0.81281277,1.7569042,0.49634811,0.034729147,0.033873452,0.085305101,0.010286016,0.70606515,2.3495724
0.84128498,1.4273299,0.52102799,0.034269936,0.014630647,0.097394109,0.011841756,0.54492526,2.4275
0.8486219,1.3315789,0.45629134,0.043966891,0.029343301,0.084405745,0.010012428,0.71704328,2.2879978
0.84068952,1.2117813,0.5083451,0.032428999,0.023083534,0.091223851,0.010012812,0.5366629,2.3875882
0.82087362,1.2322581,0.52096965,0.033045613,0.02287561,0.078081717,0.01000367,0.68723947,2.3562664
0.85265232,2.1293858,0.49135732,0.038870103,0.018961195,0.076177701,0.011605337,0.43089721,2.4646328
0.81547777,1.4707905,0.51526812,0.017989092,0.012011346,0.073922031,0.013602847,0.76216541,2.4376419
0.82494524,1.9932687,0.49441489,0.041888412,0.013725758,0.070709203,0.014128991,0.56414312,2.3713166
0.80188303,1.6666622,0.55492713,0.032288219,0.010237439,0.06865604,0.010891915,0.66799267,2.4250632
0.8122392,1.7494671,0.52949163,0.036396743,0.010677688,0.072987263,0.01086511,0.57001331,2.3977233
0.8300042,1.419944,0.46388474,0.035093324,0.017960855,0.062225778,0.01021488,0.48449599,2.2994124
0.82820727,1.8681031,0.47448688,0.047524423,0.017271752,0.082069955,0.010466105,0.49453617,2.3064989
0.81548485,2.0433385,0.52129716,0.036365696,0.011266586,0.073441382,0.010194119,0.59731797,2.4290353
0.79873104,1.5306112,0.48635405,0.03124472,0.037636708,0.077896467,0.011831497,0.5925118,2.2863905
0.80801106,1.590293,0.54562908,0.038666566,0.013985527,0.066851792,0.013105442,0.54575147,2.3826266
0.77885469,2.4377439,0.65118391,0.03493454,0.010424984,0.083556049,0.011246815,0.83264332,2.6604022
0.7756011,1.9990129,0.65200391,0.028446532,0.010791283,0.075436772,0.012183238,0.76022382,2.6114108
0.76896635,1.7165564,0.66890653,0.022130995,0.039785537,0.089242873,0.011423216,0.63010128,2.6110004
0.75429353,1.7295171,0.66124659,0.021281942,0.028022023,0.071442126,0.011973356,0.7218909,2.5621204
0.81470507,1.9561191,0.50377562,0.02503047,0.015867228,0.077358865,0.011173551,0.54389232,2.4391983
0.80427621,1.493882,0.50534314,0.02573124,0.031273852,0.090916402,0.011069649,0.55560097,2.3543302
0.86568603,1.5756808,0.48987804,0.034482793,0.018396958,0.094766078,0.011963283,0.57179625,2.4526597
0.7927041,1.9268785,0.5296873,0.035962691,0.035634692,0.098883934,0.01362031,0.55315418,2.3728739
0.81982893,2.1778156,0.51263145,0.040075381,0.015575944,0.098505557,0.012912122,0.6387162,2.4225526
0.82147491,1.8433314,0.51874848,0.029826941,0.012122212,0.098756945,0.015750108,0.65293364,2.4468061
0.82931875,2.1342447,0.48312196,0.044532932,0.041018238,0.085510396,0.010446056,0.4847242,2.3656846
0.78696234,1.5641857,0.59358319,0.024656262,0.011570127,0.070902862,0.010502072,0.71763688,2.4796877
0.84286627,2.0558938,0.45256824,0.048178769,0.01008739,0.089128647,0.010597309,0.47541247,2.3205667
0.7862936,1.4921445,0.54019444,0.026025343,0.014540757,0.067004658,0.012163505,0.74649867,2.3656757
0.84533739,1.9127357,0.47873378,0.029763747,0.026095936,0.087897324,0.011617136,0.43784793,2.4411297
0.82558378,1.8164508,0.47580298,0.028725787,0.022898111,0.084701315,0.0118948,0.44589502,2.3796236
0.80454501,1.7782564,0.53186597,0.023552959,0.011491088,0.069097955,0.012596704,0.47699035,2.4509258
0.80981995,1.7764571,0.54221916,0.024250715,0.011400118,0.084502029,0.013610422,0.51616767,2.4806434
0.79671018,1.3054617,0.49986763,0.032286116,0.027196395,0.073700108,0.010150796,0.71311079,2.2727944
0.79798288,1.7064879,0.56746537,0.032198194,0.0117475,0.075898611,0.010735043,0.63706049,2.4432661
0.84649078,1.9402856,0.41868545,0.04493972,0.034271645,0.08223079,0.011482473,0.53819308,2.2728856
0.81813064,1.1218499,0.52348239,0.029187005,0.011493222,0.071883719,0.013324793,0.61367176,2.3577315
0.83880094,1.4098994,0.47963409,0.034397066,0.011358442,0.07131009,0.010813811,0.60415979,2.3492897
0.86381298,1.5780152,0.43718421,0.05058978,0.019307015,0.084679967,0.010097045,0.51860249,2.2917439
0.80993099,1.8743119,0.5231016,0.024587183,0.025308326,0.08925957,0.01336577,0.5669796,2.4558912
0.78861512,1.9986443,0.51572838,0.024663869,0.016189685,0.067353823,0.010920255,0.5896875,2.4015186
0.84851752,1.5283414,0.53768999,0.046224241,0.025314261,0.08491898,0.010735864,0.54637489,2.4288834
0.80223824,1.7079905,0.42708701,0.030891645,0.013166364,0.076548074,0.015913082,0.48744597,2.2143701
0.81938175,2.076205,0.42049189,0.032678625,0.019597376,0.062846534,0.012353713,0.51607041,2.2707916
0.85447461,1.9300742,0.44020624,0.037229558,0.015666464,0.090401485,0.010784834,0.51176638,2.3601827
0.82501853,1.6742604,0.48002895,0.031449125,0.013406957,0.068246328,0.013375333,0.56534101,2.3574283
0.83439777,1.6625461,0.48421988,0.033114322,0.010522322,0.08847397,0.01113868,0.62854648,2.3796167
0.82528681,1.6564953,0.48402791,0.042405621,0.010029401,0.051013566,0.010738609,0.52468175,2.314397
0.839194,1.515489,0.47260528,0.038305295,0.010044942,0.080807874,0.010340743,0.45992907,2.3327205
0.78189363,1.8005918,0.51214012,0.029930838,0.010481041,0.068820879,0.010594468,0.59630888,2.32608
0.82907443,1.9335257,0.44300112,0.02463766,0.021934395,0.078548758,0.010057653,0.51408435,2.3579739
0.82701374,1.7489421,0.49820136,0.032013947,0.02504461,0.089291399,0.010069821,0.63221228,2.4008836
0.84380732,1.6360255,0.49392725,0.030838474,0.022421855,0.081252535,0.010146957,0.62590363,2.4285475
0.79292804,1.6619615,0.51018773,0.051251771,0.011425531,0.058228594,0.010114119,0.5112168,2.2395425
0.78415091,2.0430059,0.56370736,0.023805065,0.013542345,0.078443117,0.010114226,0.47109678,2.494794
0.84050641,1.4307546,0.52156013,0.05015985,0.016948712,0.088558221,0.01332759,0.70520238,2.3530029
0.81591976,2.2953147,0.46227461,0.031440263,0.019741607,0.078892675,0.011505537,0.49162853,2.3690882
0.81018946,1.7419623,0.54011867,0.045973549,0.02076003,0.077749466,0.013319552,0.59425653,2.3642127
0.80193078,1.9373302,0.48519738,0.030026104,0.011492784,0.072623649,0.010990623,0.49452909,2.3444316
0.79684172,1.7671984,0.50861051,0.038946719,0.035752691,0.089491091,0.01287796,0.59494649,2.3123184
0.79394283,1.7672438,0.60973789,0.037438616,0.010963006,0.079447431,0.010550571,0.66724525,2.4893362
0.83598745,1.6011555,0.41376922,0.029882932,0.012466511,0.078339176,0.014361019,0.58841822,2.2688342
0.83694659,2.0125258,0.52524316,0.047040556,0.019715395,0.093603015,0.010219096,0.49952185,2.4353434
0.84754575,1.6895581,0.41440978,0.031580528,0.021195487,0.091973327,0.016345366,0.60019486,2.2989403
0.81728355,2.0421619,0.54252178,0.045540994,0.014206272,0.065125605,0.010549754,0.60810759,2.4278692
0.82669497,1.5312614,0.50542188,0.026596378,0.021986044,0.098231947,0.010363115,0.54205709,2.4131721
0.82216088,2.2024069,0.53429051,0.046550072,0.024168273,0.086067412,0.013542687,0.64958714,2.4411973
0.77526104,2.4233738,0.48241128,0.034056453,0.016240827,0.056020045,0.010798252,0.58572859,2.3091163
0.81502783,2.1405475,0.54085017,0.031760238,0.012629049,0.076270884,0.011169822,0.57783635,2.5021415
0.81148315,1.7501325,0.5132898,0.044479356,0.043289802,0.08787799,0.012503209,0.57498308,2.3302977
0.8197642,1.9838509,0.4633297,0.036965187,0.01010184,0.072444928,0.010808189,0.59101091,2.3230937
0.84011708,2.0375682,0.49548575,0.047659141,0.010187477,0.070260268,0.011716593,0.57931274,2.3900234
0.80744922,1.8504897,0.4913429,0.052314802,0.010044918,0.061211194,0.011126541,0.52307762,2.2620709
0.82000583,1.4653268,0.47865313,0.037429572,0.010019475,0.054605479,0.010440994,0.45783491,2.2931797
0.8401377,1.3363911,0.56633533,0.037782961,0.010158994,0.084595749,0.010939418,0.4361197,2.470365
0.85001801,1.7915737,0.40251264,0.040974358,0.010268974,0.074847618,0.010006353,0.62434638,2.2565227
0.78172838,1.6891797,0.55379188,0.037282741,0.016412532,0.054428657,0.01307084,0.64920317,2.3483585
0.78019571,1.7884428,0.64501177,0.044038278,0.02507546,0.080641864,0.012186968,0.73464331,2.4819227
0.80592957,1.9214903,0.55757346,0.035138171,0.016947413,0.075177465,0.010626862,0.76789054,2.4618932
0.82554554,1.8630877,0.48561593,0.044057569,0.027246645,0.078307648,0.01138837,0.52049185,2.3331128
0.84566283,1.9991148,0.45512738,0.033061987,0.015750673,0.086431468,0.014123828,0.52277169,2.3910812
0.84598393,1.8574301,0.44236869,0.029188077,0.012396417,0.088332782,0.013270149,0.46774288,2.371121
0.77652218,1.5503647,0.60573399,0.042456867,0.023032297,0.06245886,0.011373897,0.67612204,2.3748766
0.78937419,1.5710722,0.51267662,0.028527539,0.011397587,0.058464452,0.010191142,0.57987406,2.3243755
0.82949572,1.7726272,0.47053489,0.036448052,0.011315108,0.070646334,0.011057611,0.58350155,2.3402028
0.81868096,1.7390045,0.55730131,0.036144979,0.012895759,0.082632102,0.01319467,0.64059636,2.463765
0.80731791,1.6409473,0.4815251,0.028703335,0.01031982,0.067653879,0.010431951,0.57644895,2.3238961
0.82278642,1.684052,0.46505497,0.034744028,0.010689962,0.06070526,0.010628716,0.56071126,2.3120746
0.83975278,1.6586344,0.47665299,0.038109531,0.010759123,0.093383987,0.010459709,0.5398129,2.356934
0.80944788,1.6603264,0.48120389,0.025261232,0.030745273,0.074868044,0.012083437,0.63077505,2.3469226
0.82116691,1.6846313,0.49571926,0.045860018,0.013824254,0.076447296,0.010428762,0.55339648,2.3117003
0.84891512,1.7165454,0.48178953,0.037870716,0.038581884,0.073885759,0.01036637,0.51450343,2.3960773
0.80514702,1.9486932,0.45328962,0.044624063,0.010884974,0.076024223,0.024231906,0.55771345,2.2343484
0.82034898,1.7358519,0.511012,0.035958902,0.010458963,0.059495241,0.010362894,0.49206219,2.3863412
0.79003738,2.2384916,0.51097154,0.041798564,0.011421655,0.087049645,0.018117911,0.55253175,2.3436029
0.81415586,2.2871429,0.53629819,0.048491646,0.010807788,0.092629026,0.017286844,0.60645599,2.4264677
0.83828926,1.2039013,0.46006266,0.024248526,0.017501144,0.088414788,0.010796009,0.60464573,2.3392434
0.82455167,1.2032404,0.46275795,0.025706967,0.018940398,0.088792365,0.010705875,0.55991599,2.3021793
0.84293713,2.0699433,0.48817659,0.054876729,0.014483544,0.068802809,0.011329987,0.53010897,2.3563298
0.84556067,2.1489607,0.49895523,0.059041014,0.016068693,0.063288914,0.011610439,0.5404739,2.3723265
0.83971862,1.8081158,0.47106238,0.041884392,0.010768571,0.078996837,0.011420166,0.54229364,2.3465434
0.79441798,1.5525421,0.5623343,0.033948345,0.021016361,0.092197541,0.011600709,0.59878267,2.3935273
0.81666445,2.1276779,0.48641758,0.026391372,0.029961203,0.09924669,0.013947418,0.61819084,2.4240699
0.86412797,1.5002017,0.46835077,0.037603789,0.017380407,0.093309393,0.01102345,0.51096045,2.3891402
0.84377917,1.8933936,0.49394038,0.039100293,0.024650076,0.085568854,0.013475028,0.61949726,2.4190178
0.81917346,1.5161669,0.51181914,0.034198967,0.014340664,0.068246016,0.010565752,0.53283127,2.3662923
0.81947389,1.9594652,0.53087928,0.039077791,0.015006473,0.084186119,0.015776352,0.65518288,2.4329265
0.8213068,1.8176031,0.47086072,0.035091683,0.022650269,0.084019039,0.011561133,0.65015156,2.3310874
0.8294268,1.8149479,0.42630242,0.052583624,0.037855495,0.08200347,0.013072783,0.66341581,2.2060949
0.80327803,1.6853945,0.58221169,0.024894172,0.010990878,0.077524151,0.011378128,0.5037886,2.5213612
0.81953168,2.0992145,0.4575543,0.04918309,0.012195696,0.052343519,0.013335962,0.62069361,2.2731366
0.82848973,2.0061417,0.55379115,0.041831625,0.017725911,0.091203588,0.012701458,0.57835743,2.4908657
0.81923031,1.7957826,0.41829502,0.028405568,0.015200482,0.06784024,0.011037346,0.60670081,2.2586838
0.8127629,1.7465807,0.54063031,0.029870981,0.012408972,0.070649834,0.011010453,0.5672856,2.4515653
0.78643024,1.8499937,0.51805271,0.030836569,0.012066008,0.066240444,0.01035786,0.65534945,2.3504041
0.84874349,1.6691216,0.44774573,0.04287557,0.040211408,0.09454424,0.012552873,0.52736919,2.3111499
0.82792434,1.5519648,0.46602745,0.041500874,0.037873763,0.090619945,0.013426366,0.55806611,2.2843057
0.85935993,1.7052951,0.45917894,0.036310192,0.015793576,0.089231167,0.010923457,0.54558371,2.3881316
0.80379185,1.5637453,0.51410494,0.036737413,0.017610424,0.084709194,0.013309999,0.55830308,2.3247119
0.80334186,1.3882882,0.48259455,0.047569479,0.052496711,0.081340122,0.01580963,0.49380431,2.2080511
0.81402265,1.4273599,0.50714927,0.040560183,0.022535015,0.087267376,0.014603645,0.51857429,2.3059106
0.77674712,2.1015711,0.52852303,0.028825992,0.011434913,0.081478304,0.011221451,0.74435702,2.3877005
0.787066,1.6829031,0.60137218,0.025924006,0.028506937,0.09037569,0.011832875,0.63365207,2.5062389
0.81969283,1.4641091,0.51645222,0.030107467,0.032828788,0.092892956,0.01246873,0.49630103,2.3886973
0.79513634,1.5838744,0.54943197,0.031695091,0.01608471,0.088309102,0.010529176,0.64307196,2.3890829
0.79784723,1.9097502,0.57452911,0.036598643,0.010431743,0.076679638,0.010511498,0.65316469,2.4625987
0.7985863,1.5750348,0.63493841,0.031501098,0.011439928,0.075777689,0.010539544,0.60984519,2.548148
0.80095808,1.7515551,0.54914785,0.034255508,0.033459752,0.083274433,0.010350003,0.63222991,2.414184
0.79704256,1.7186423,0.51410367,0.035148274,0.024915597,0.078094789,0.010196318,0.63207058,2.3337983
0.8295404,1.7409589,0.54238149,0.022750594,0.018704177,0.089750723,0.012097842,0.66214164,2.536962
0.80205277,1.7731907,0.53065591,0.037135124,0.020466156,0.0771756,0.011767871,0.49767373,2.3730216
0.81331337,1.5162204,0.43662513,0.04050342,0.018745523,0.077407955,0.013552159,0.53436478,2.2022337
0.83215989,1.6206035,0.48954707,0.032811376,0.014901762,0.081806274,0.014774273,0.6164363,2.3799616
0.86665814,1.6362557,0.48326987,0.031119563,0.013963076,0.070630154,0.010770227,0.54739693,2.4662315
0.82620071,1.7032416,0.52665474,0.031921261,0.016766604,0.099685064,0.013315679,0.54641128,2.4450033
0.82658364,1.6251979,0.47545776,0.045946083,0.015406871,0.099951036,0.01631368,0.512442,2.2853929
0.84126829,1.5771492,0.48556702,0.047054277,0.023339459,0.099685939,0.010861713,0.53576397,2.3280789
0.79073572,1.7833035,0.51482252,0.05103695,0.011854708,0.064927204,0.010156274,0.68908667,2.2565348
0.85313726,1.7928693,0.48962441,0.030429289,0.019960379,0.093713049,0.010241805,0.50634358,2.4646833
0.82876717,1.7396497,0.43832721,0.026497264,0.02035169,0.068356292,0.010412544,0.57127729,2.3211261
0.79543841,1.8478126,0.61801774,0.022601789,0.021496242,0.080729089,0.010679875,0.67959693,2.6089632
0.76589528,2.0909291,0.57941017,0.018756815,0.019799894,0.078722192,0.011689855,0.78841082,2.5130839
0.77334946,2.293488,0.56384559,0.020958861,0.018104305,0.066058278,0.01156985,0.80473007,2.5202411
0.77723064,2.09003,0.57667141,0.018492828,0.025520686,0.079448695,0.011285838,0.73875986,2.5401483
0.86181717,1.4422237,0.45707564,0.055308018,0.018161953,0.083471232,0.010969449,0.52480944,2.2871202
0.86506787,1.4051623,0.48735027,0.054072529,0.02150543,0.084862857,0.010962149,0.52486398,2.3416778
0.79671886,1.7978693,0.4384012,0.026805244,0.016322691,0.065177272,0.014742658,0.4373153,2.2456247
0.81033894,1.7166045,0.40038506,0.028159348,0.015810796,0.081752772,0.019694532,0.48902396,2.1997218
0.81747395,1.6757606,0.40556747,0.028151116,0.01859264,0.084962116,0.018280042,0.48366372,2.222677
0.80503679,1.8637644,0.49281987,0.040325045,0.01518501,0.078490915,0.01031169,0.46384359,2.3108957
0.81815751,1.4147349,0.46598716,0.038730064,0.019906791,0.092567515,0.016545685,0.54714085,2.2575959
0.82444554,1.3736615,0.52001046,0.043054578,0.014779144,0.086554068,0.021312187,0.61552515,2.3350355
0.82136953,1.8332036,0.48481521,0.038368472,0.017421551,0.099002041,0.010638564,0.59180548,2.3430475
0.81617364,2.003663,0.4927315,0.033282559,0.021002251,0.088886221,0.01239523,0.66601804,2.3871424
0.80969674,2.2337261,0.55835133,0.039559675,0.022594351,0.084071158,0.010533256,0.66686303,2.4946471
0.81927722,2.0122607,0.48858936,0.05360885,0.019424796,0.070675986,0.01026519,0.73090908,2.2986162
0.84334212,1.7071033,0.50086095,0.033849699,0.016521062,0.084018437,0.011135938,0.56899568,2.4336232
0.80882855,1.8713175,0.48695235,0.029988085,0.015199545,0.076797737,0.012972176,0.47909039,2.3578198
0.81385214,1.8756223,0.54228566,0.035149623,0.032869963,0.092673911,0.012227257,0.61106011,2.4478916
0.82304747,2.090773,0.56091145,0.044692829,0.02461939,0.097628912,0.011121153,0.6305313,2.4872815
0.84993019,1.8476738,0.51321446,0.045736633,0.028823507,0.099181384,0.012486665,0.65454604,2.4325387
0.84527509,1.7214252,0.45240732,0.027938796,0.01468228,0.098764684,0.010896702,0.5552068,2.3798934
0.8338025,1.7341044,0.43766927,0.029735329,0.015183453,0.098664389,0.010623221,0.5663666,2.317981
0.80292108,1.6684263,0.53327404,0.02446128,0.011083358,0.068670599,0.012196101,0.62699294,2.4295517
0.81358726,1.5748207,0.53087261,0.039000051,0.043829818,0.09133219,0.01096903,0.65103551,2.3686181
0.80989092,2.0823011,0.57242125,0.033712347,0.017983728,0.098668705,0.010178934,0.4857426,2.5318385
0.8293017,2.334194,0.49279098,0.026796436,0.037702317,0.096636807,0.013072578,0.44523148,2.4922471
0.78812695,1.7909285,0.49740492,0.034732876,0.020847179,0.094491879,0.016156865,0.48851548,2.2926756
0.81035192,2.1169212,0.52686423,0.032375933,0.014929959,0.078093375,0.010618884,0.64676231,2.4560443
0.79116636,2.1824191,0.54590119,0.035270167,0.023670811,0.08275448,0.0121087,0.68313864,2.437235
0.80719896,2.0230259,0.59624877,0.035298616,0.012873859,0.076098503,0.01211337,0.572426,2.5529185
0.81181672,1.5651651,0.47985284,0.035533435,0.024443385,0.071536519,0.010113461,0.70875638,2.2935838
0.80431147,2.2227769,0.60302424,0.030990699,0.017378944,0.083591517,0.014153833,0.54807104,2.6160089
0.7729128,1.8782426,0.55140053,0.050230637,0.02728159,0.077107336,0.012321801,0.52307411,2.2870118
0.78377297,1.8653654,0.56928287,0.046612275,0.021095059,0.082520349,0.012681064,0.53948484,2.359791
0.8610233,1.4642714,0.45489771,0.031224956,0.018008813,0.091097965,0.011624036,0.5437561,2.3831002
0.87379968,1.4887342,0.44615106,0.027596709,0.015142759,0.09564929,0.010763358,0.5444571,2.4184607
0.77077262,1.8688671,0.52798928,0.041207801,0.027058606,0.072176139,0.016201927,0.56330529,2.2816012
0.85203268,1.5925347,0.40363451,0.045724864,0.013752442,0.081515774,0.011926856,0.66041214,2.2301906
0.78796476,1.7399929,0.55880355,0.028629817,0.015026383,0.078559922,0.011986055,0.50788754,2.4246118
0.79853249,1.8217993,0.53348005,0.039152349,0.016077248,0.061490736,0.012881084,0.53128328,2.365582
0.79332835,1.6802145,0.54802542,0.035618101,0.032679469,0.087679787,0.012603499,0.56481468,2.3756377
0.85085146,1.8321248,0.43434909,0.040698221,0.013567764,0.066574383,0.012266748,0.5566203,2.3174819
0.82203897,2.1112362,0.40174592,0.051491297,0.016266037,0.071837361,0.010887093,0.49241598,2.1768855
0.80949922,2.0989952,0.56734762,0.034705453,0.021562899,0.086099905,0.014980201,0.4738616,2.5179573
0.76079968,1.7506123,0.5511144,0.047284651,0.013345679,0.089292721,0.026851838,0.5158409,2.2518469
0.81802088,1.6219622,0.5263561,0.032069945,0.011333937,0.051185307,0.011229979,0.46093697,2.4119459
0.85599947,1.4601068,0.48707695,0.04143877,0.012236395,0.093952972,0.01114339,0.65325646,2.3787672
0.81190399,1.8476932,0.4861658,0.037274102,0.034374183,0.072949573,0.010220266,0.46771864,2.3281909
0.78809112,1.6674321,0.49674126,0.037404515,0.01904881,0.065789447,0.01029045,0.48360006,2.2652242
0.78272514,1.978149,0.51178327,0.031018715,0.015501957,0.061005969,0.011025656,0.50830594,2.3447057
0.8444042,1.6727495,0.48974323,0.040457194,0.026363558,0.079721944,0.010948898,0.52778702,2.3820419
0.82003674,1.6848728,0.49407885,0.03623786,0.010386528,0.07491818,0.014160023,0.59373364,2.3486813
0.80394772,1.5872085,0.56287274,0.032464176,0.010054021,0.082153963,0.012509664,0.61414903,2.4322631
0.80800603,1.5881024,0.55508586,0.035023888,0.01005153,0.081316881,0.014037491,0.56888041,2.4164737
0.83109208,1.5180976,0.57692939,0.032565481,0.010063196,0.074994747,0.012366297,0.53337197,2.5185116
0.83797421,2.0143035,0.54806315,0.028404332,0.023267904,0.091019153,0.01445088,0.60839239,2.5776183
0.77843322,1.6214387,0.52628978,0.03552265,0.013286276,0.065179513,0.010757039,0.51312508,2.2927135
0.83877758,1.7350175,0.4909399,0.039139862,0.018073185,0.090902769,0.012012544,0.58522801,2.3829473
0.8037024,1.7594476,0.5407194,0.044971057,0.014402166,0.066780262,0.010805715,0.64031486,2.3556715
0.8052143,1.8587027,0.5112058,0.028352546,0.024283595,0.074434559,0.010969605,0.63215076,2.3998021
0.84327542,1.7313761,0.42651265,0.034760582,0.030860882,0.085439836,0.011081271,0.54655065,2.3004369
0.87491277,1.5845555,0.44877777,0.035968961,0.017365824,0.093564452,0.011212355,0.45928066,2.397961
0.78188484,2.1337566,0.63943302,0.040052992,0.024046652,0.075714291,0.010111401,0.71498349,2.559349
0.79846914,1.9009197,0.55146847,0.02475364,0.018509133,0.080653641,0.013218379,0.59687918,2.4830093
0.84800181,1.5905222,0.5034027,0.041808015,0.018576709,0.08646843,0.012945057,0.55302904,2.398783
0.85129934,1.4947448,0.47075993,0.043803065,0.020095481,0.085418454,0.011046219,0.57754115,2.3340838
0.81954139,1.95455,0.49232456,0.037432213,0.012185412,0.066740083,0.015794633,0.48913426,2.3698603
0.8357355,1.419357,0.49806857,0.029411211,0.028477969,0.091558789,0.010392355,0.66439843,2.3966347
0.84875162,1.4419395,0.42514198,0.036748935,0.018273472,0.092871811,0.018866205,0.61739618,2.2779316
0.85678933,1.6744832,0.47051685,0.032360972,0.025178079,0.097244481,0.010254227,0.51576323,2.4165339
0.82208314,1.6892671,0.46602662,0.036813867,0.024424338,0.085983679,0.010837453,0.52905077,2.3036235
0.79217329,1.8011633,0.53553036,0.0261019,0.01176193,0.086302603,0.013602933,0.67608936,2.4147733
0.83769567,1.9505242,0.48014801,0.046566247,0.025650727,0.084358669,0.010058272,0.48999346,2.3522188
0.8065846,2.0549343,0.51742013,0.028879688,0.022306836,0.088491347,0.011741019,0.61372669,2.4375956
0.79832174,1.6200308,0.53287382,0.038574889,0.014464743,0.074941614,0.011799353,0.5908275,2.3405529
0.80994532,1.723999,0.50761575,0.030229263,0.019068717,0.06254679,0.0108654,0.59221072,2.3795514
0.80519186,1.7206576,0.53802394,0.046023107,0.037062705,0.092978375,0.0111426,0.53811855,2.3450438
0.7959003,1.9910508,0.48922072,0.031732515,0.041970023,0.09563699,0.011265866,0.60238532,2.3348436
0.79166406,1.6481536,0.59797699,0.038705594,0.010539108,0.059718041,0.010067717,0.55685607,2.4368522
0.80105421,1.8793306,0.47697056,0.025936757,0.033454116,0.084983033,0.013706225,0.59025861,2.339342
0.82415291,2.2989455,0.52767386,0.039191625,0.019076176,0.093753509,0.011394427,0.56568385,2.4824231
0.8347814,1.9991357,0.47597156,0.037236834,0.026897526,0.096752041,0.014243372,0.55976545,2.3839859
0.85017657,1.9055416,0.46607402,0.042880435,0.016792048,0.077833323,0.011892519,0.59129769,2.3693451
0.80562688,1.6490698,0.5294299,0.036596815,0.016506163,0.087058202,0.011352817,0.56806547,2.3666508
0.79918529,1.388003,0.58039576,0.036847241,0.022121109,0.088415072,0.016087448,0.61115049,2.39752
0.80563251,2.0810973,0.49125255,0.041705933,0.013751615,0.07918883,0.01008944,0.56754659,2.3282619
0.80787341,1.8615343,0.55963174,0.031129417,0.01118381,0.090727051,0.017147018,0.62420083,2.483442
0.82292998,2.0139945,0.49469971,0.032108251,0.039246406,0.080859068,0.010388648,0.70957261,2.4148811
0.80757162,1.7137815,0.53420862,0.040393115,0.011134738,0.082336653,0.022970538,0.43039642,2.370098
0.81937155,1.9799437,0.51382792,0.032222865,0.01153777,0.058428764,0.010715482,0.72088084,2.4373918
0.82705872,1.5278208,0.51831372,0.036409735,0.013284627,0.092629703,0.011442459,0.48167196,2.388462
0.85919433,1.6113366,0.43125472,0.040983166,0.017787623,0.098717679,0.013214943,0.57542059,2.3114244
0.75391843,2.0585151,0.62073441,0.030463273,0.019636799,0.060419628,0.010734446,0.578168,2.4889863
0.78321824,2.2769532,0.61013882,0.043929159,0.021860467,0.085040336,0.013423677,0.45760801,2.5091356
0.7812939,1.8519974,0.55587788,0.034597981,0.018103983,0.071827596,0.012281276,0.63466871,2.3870106
0.81326516,1.3395951,0.59662572,0.03685719,0.021084264,0.085511158,0.014288903,0.64214398,2.4540533
0.84896483,2.1183098,0.44485365,0.030562171,0.015522598,0.071747382,0.010775584,0.52880958,2.4028994
0.84250231,2.0209627,0.50062934,0.031313967,0.024293844,0.065478347,0.010800762,0.53714307,2.4810725
0.84173497,1.5051452,0.45798886,0.044783385,0.015808118,0.099605142,0.015029309,0.56052272,2.2872834
0.85489009,1.1927349,0.49240218,0.032047529,0.031541465,0.099289102,0.011269942,0.57841566,2.3977544
0.82031954,1.1340579,0.58582096,0.027090837,0.012874709,0.099692467,0.010345036,0.49087627,2.4765606
0.7975128,2.3234108,0.45438618,0.026451407,0.011746088,0.068435005,0.010063719,0.56966289,2.3329964
0.78821148,2.234478,0.50438208,0.026472908,0.012772873,0.067150728,0.010087634,0.55429217,2.3991974
0.80784157,1.9212195,0.49069638,0.02719055,0.013036956,0.063476001,0.010050653,0.52696117,2.381405
0.84851499,1.5645157,0.49828611,0.049383086,0.030452785,0.096446974,0.010755579,0.72601029,2.3550189
0.8052334,1.8446535,0.50892943,0.029088817,0.017359201,0.079021237,0.013933029,0.54340517,2.3902365
0.84249037,1.7170784,0.46120423,0.030875125,0.029927059,0.085491187,0.010254602,0.46195873,2.3751371
0.85249793,1.6403903,0.49549783,0.036247371,0.024215492,0.085965682,0.010969659,0.6263176,2.4281494
0.79871743,1.29417,0.50308831,0.038001826,0.018183877,0.05567903,0.0103564,0.47182625,2.2565428
0.85336205,1.0097033,0.47715917,0.036300305,0.010775381,0.079711663,0.016539201,0.56953084,2.3311218
0.81425447,1.2007336,0.50021374,0.035670527,0.022775672,0.06303798,0.010287504,0.52782611,2.2910178
0.81423213,2.3614057,0.5440588,0.037479361,0.016779569,0.087597146,0.011226784,0.62603962,2.5068508
0.82123987,1.1525822,0.45581901,0.03700707,0.023099431,0.078422795,0.010500633,0.56224294,2.2305792
0.83028365,1.1714994,0.4692211,0.041463381,0.013758249,0.093895844,0.011850961,0.49815358,2.2568213
0.90546287,2.0539681,0.45365578,0.040486058,0.033158839,0.092522492,0.013219602,0.40891169,2.5076938
0.82781942,1.8809671,0.43758076,0.046972642,0.025547397,0.094579128,0.011015983,0.464427,2.2471691
0.85236075,1.3210243,0.47540524,0.032794727,0.017163349,0.081828197,0.012869622,0.6282112,2.374131
0.82145135,2.2671809,0.4952566,0.042551587,0.028382995,0.079219765,0.011808994,0.46037535,2.3926998
0.81554601,1.6848906,0.51840342,0.034242709,0.01415522,0.078839156,0.011114652,0.76315376,2.3889348
0.84846929,1.2765426,0.51058657,0.04487151,0.011410222,0.075223528,0.012155722,0.61447435,2.3613878
0.81902214,1.7696754,0.50307987,0.025027397,0.013888559,0.08795332,0.01641609,0.61222608,2.4260076
0.82889764,1.6028647,0.46204119,0.028044912,0.034248786,0.077516239,0.010298741,0.51272687,2.3432446
0.82764018,1.6933401,0.47445644,0.02624735,0.012830449,0.082275268,0.010398669,0.6053178,2.3803632
0.80854033,1.8951448,0.55684341,0.044282235,0.022059683,0.079669617,0.019339979,0.53498043,2.417391
0.81143689,2.0827913,0.55722892,0.064317536,0.029745804,0.077506142,0.013243385,0.50154459,2.3572578
0.79605841,1.3331227,0.45167216,0.017499241,0.012204557,0.068517151,0.010978878,0.54435398,2.2606819
0.80084629,2.3487048,0.56654926,0.021139121,0.010290233,0.091247031,0.012445318,0.69880907,2.6083425
0.79704416,1.4708346,0.5448269,0.050527263,0.010554094,0.052982985,0.010667637,0.61241678,2.2828608
0.84099171,1.3931957,0.53355867,0.02815251,0.010255552,0.083375402,0.012517202,0.78603585,2.4747211
0.81442902,1.8073514,0.46217263,0.041265623,0.01569618,0.0908028,0.013017804,0.53299489,2.2715686
0.85064778,1.8217307,0.51535865,0.039020847,0.02440918,0.095204023,0.010987945,0.62498746,2.4671086
0.8307197,1.7770907,0.50752608,0.026385338,0.020541558,0.095053176,0.012940027,0.54140861,2.4588795
0.84321396,1.532762,0.49295881,0.024728289,0.013075477,0.097097745,0.011448995,0.45947167,2.4431169
0.81862297,1.3682448,0.50006477,0.026866355,0.01269767,0.098472231,0.012775004,0.38866763,2.3619488
0.82068421,1.5371733,0.4653432,0.057731976,0.016435346,0.097691949,0.020829387,0.51132356,2.2008712
0.82930698,1.8967584,0.44150659,0.022831259,0.012007745,0.075254102,0.010198156,0.58515427,2.3602083
0.82024463,1.7737922,0.49890181,0.028672524,0.01524117,0.081945718,0.020388015,0.50976612,2.4038731
0.82885956,2.0985618,0.46653296,0.047508011,0.020437132,0.090636258,0.01071055,0.5490907,2.3182103
0.8085475,1.4712236,0.5400777,0.026287614,0.017828637,0.080599989,0.012529919,0.60445998,2.420405
0.84791556,1.744244,0.52170464,0.034714752,0.018263327,0.080119476,0.012498772,0.62226806,2.4833845
0.77164903,2.0936731,0.51232981,0.029312686,0.0218727,0.056979941,0.013006521,0.46038692,2.3399618
0.8101609,1.7592949,0.59436106,0.04531255,0.012769425,0.083086695,0.012471676,0.60125566,2.4621675
0.83319976,1.7822333,0.49359254,0.02339664,0.033959198,0.093760786,0.010522954,0.55299652,2.4546638
0.8227005,1.5388148,0.49048449,0.025198786,0.011216792,0.066224796,0.011999744,0.55974506,2.3839741
0.79582836,1.5867371,0.52929075,0.025596044,0.010322004,0.091714453,0.017455617,0.5156523,2.3867672
0.7985166,1.9995966,0.54120212,0.038769973,0.010838103,0.050626374,0.010931198,0.66245038,2.4048032
0.80699143,1.859581,0.52734997,0.020216718,0.011680891,0.091245535,0.010643013,0.53977601,2.4776679
0.81104585,1.54488,0.4493,0.045782678,0.010263662,0.078470243,0.011296759,0.58720795,2.1990352
0.77940167,1.853829,0.56907665,0.026675936,0.010246057,0.088028955,0.012868046,0.47493957,2.4479455
0.80682562,1.9194577,0.51622809,0.022046051,0.010586481,0.060601954,0.013212745,0.61903078,2.4536267
0.82021089,1.6210557,0.47790941,0.038826128,0.010383945,0.061522228,0.013613083,0.51088356,2.303161
0.82331914,1.9078494,0.51366183,0.044619415,0.013807956,0.089085525,0.013713961,0.72604376,2.378975
0.8072863,2.2222426,0.5906225,0.049498405,0.021234204,0.063984471,0.012463224,0.67841506,2.4967019
0.80904716,2.4612896,0.59972982,0.046795012,0.014285471,0.089527825,0.013682156,0.61474094,2.5703652
0.85347859,1.1646807,0.43048783,0.020766791,0.011907205,0.067330258,0.010157604,0.54320073,2.3397107
0.80689211,1.1512803,0.43028576,0.026433092,0.014419013,0.064504474,0.010496051,0.45859169,2.1980293
0.81258612,1.1529036,0.46915974,0.031246456,0.01310104,0.065993161,0.010667328,0.48271416,2.2528865
0.83282243,1.3036979,0.47911208,0.036524568,0.014674941,0.073547608,0.010747737,0.52984639,2.3126519
0.84946228,1.4026466,0.51877073,0.033463601,0.020483053,0.091236484,0.011523741,0.51705717,2.445673
0.84360878,1.2982649,0.48037729,0.030374806,0.037152867,0.097695856,0.010756833,0.52387365,2.3687266
0.80008162,2.1008694,0.47656581,0.03016386,0.012731577,0.064432098,0.011317355,0.61697949,2.3414895
0.83463749,1.371512,0.54761518,0.03871337,0.027691115,0.079968325,0.012398415,0.55383559,2.4254611
0.8267716,2.0757294,0.46201917,0.039365553,0.014592963,0.081703082,0.010431078,0.60225051,2.337166
0.82877361,2.0424078,0.5535768,0.031340185,0.011811928,0.085302993,0.010642741,0.65896728,2.5519689
0.78417472,1.4742473,0.5070918,0.038200314,0.033197789,0.081484526,0.013683224,0.64665483,2.2460707
0.77969962,1.429555,0.49849697,0.038249075,0.030400085,0.085955417,0.014766943,0.64437418,2.2158456
0.82727234,2.0644192,0.45371722,0.048687623,0.017797645,0.064714602,0.010076974,0.52531449,2.2837411
0.84642792,1.2100826,0.48076791,0.030425777,0.012235266,0.071419259,0.010064283,0.46680762,2.3666811
0.81054923,2.1782449,0.53034137,0.039756145,0.02807862,0.077042977,0.010122682,0.66043995,2.4342509
0.78226974,2.2011927,0.56343392,0.034153624,0.023168296,0.09044371,0.010099746,0.60523717,2.4565351
0.82929618,1.584844,0.52349162,0.036945221,0.010467743,0.068532226,0.010303941,0.60890606,2.4075483
0.83829878,1.3150384,0.46337719,0.027961234,0.010369479,0.097399412,0.012189695,0.45255221,2.3396659
0.88201488,2.041188,0.44487444,0.040029302,0.010213357,0.095834115,0.013453037,0.57112798,2.4345734
0.84671712,1.5988931,0.54047291,0.044018729,0.010330351,0.080996997,0.010525536,0.53646114,2.4485842
0.80735907,1.4506978,0.47286255,0.028399172,0.010037458,0.063545159,0.014435494,0.55975637,2.2895141
0.79739657,1.4861766,0.50390066,0.023803669,0.010035276,0.082245687,0.021346303,0.57028595,2.3422305
0.8251589,1.5845445,0.47220728,0.024636984,0.010020445,0.090663476,0.011768888,0.52966465,2.3654987
0.81363635,1.5635766,0.51672972,0.041049431,0.027341608,0.069373445,0.010822303,0.58734346,2.3344125
0.83964174,1.6972909,0.43535304,0.036879806,0.011159395,0.086799523,0.015493629,0.55882464,2.2950823
0.79698595,1.854513,0.59945637,0.031609851,0.03043998,0.097959434,0.010339813,0.55464973,2.5253053
0.82129237,1.4383059,0.43719782,0.031808648,0.015417592,0.068261973,0.014950515,0.5375549,2.2496676
0.84783156,1.3831406,0.52973711,0.03519251,0.019812457,0.078735634,0.014231025,0.5680723,2.4489879
0.83124534,1.4548411,0.45751994,0.051079811,0.016179994,0.091509435,0.01416317,0.46415083,2.2317141
0.82991704,1.5446507,0.49633271,0.043992689,0.012239471,0.092241816,0.011758323,0.47999616,2.32687
0.83719466,1.5931048,0.41893335,0.04087029,0.020967519,0.088638977,0.014906325,0.49439241,2.2370899
0.84306266,1.9734818,0.54166432,0.036342597,0.014979698,0.087686845,0.011417878,0.59482197,2.5297319
0.80340338,1.6849453,0.4367281,0.043091635,0.033115248,0.078641928,0.014540456,0.43589589,2.1839259
0.82202375,1.880526,0.48320195,0.039631113,0.015640029,0.070166734,0.014008925,0.41291902,2.3414692
0.80763845,1.6359622,0.50592322,0.035593041,0.023730391,0.083909739,0.012384127,0.52656947,2.3347298
0.80900726,1.7253479,0.5451341,0.033342368,0.019753938,0.07254129,0.012609082,0.54488461,2.4291197
0.8066003,1.2714996,0.42720824,0.029430454,0.019479523,0.086480662,0.015290381,0.58881532,2.1915896
0.86040625,1.3546973,0.44757851,0.030765612,0.029937262,0.083087567,0.011717167,0.60969622,2.3603424
0.82011672,1.8930219,0.56425316,0.041911852,0.01041627,0.098950861,0.011166083,0.52521668,2.4721077
0.85944662,1.4923234,0.45973549,0.02943426,0.013453827,0.099392867,0.010251983,0.61605016,2.3984476
0.76446201,1.9170633,0.53436534,0.049153185,0.016853483,0.068680697,0.010879983,0.54403054,2.2473239
0.79302192,2.1219542,0.5399945,0.031295018,0.016970464,0.070566113,0.010788369,0.59624513,2.4427038
0.7807194,1.9355716,0.57290326,0.040198456,0.02309796,0.076357975,0.014772243,0.60728239,2.3999023
0.79667387,1.9574771,0.52525191,0.039030443,0.015346354,0.063944102,0.011410432,0.70011201,2.3643113
0.82376916,1.6531405,0.5556566,0.03007922,0.020266358,0.090533264,0.011694208,0.57396081,2.4940144
0.83111283,1.8250286,0.51007504,0.029459183,0.022070868,0.088519933,0.010606738,0.51721286,2.4550881
0.86558796,1.7839119,0.40340213,0.051599676,0.019487519,0.094950638,0.015163941,0.52507595,2.2555602
0.86472513,1.7038004,0.41430455,0.048629511,0.019146185,0.093688631,0.012868792,0.50661206,2.2754721
0.85702557,1.850988,0.38056669,0.046340737,0.023703525,0.086994811,0.012407253,0.4932689,2.2217998
0.86626251,1.6521194,0.47123642,0.043690795,0.020821334,0.068852993,0.011263385,0.44099949,2.3882768
0.86163979,1.8740986,0.44830188,0.040705358,0.012945913,0.09330231,0.011291701,0.60770413,2.3721161
0.83313694,1.645928,0.52714333,0.033989186,0.020178804,0.094791899,0.01125715,0.48790103,2.4460959
0.85865791,1.5790852,0.39418371,0.025929494,0.022627442,0.094046235,0.012825122,0.5168343,2.3039294
0.81189437,1.8990578,0.54513642,0.033267375,0.025219105,0.098261029,0.012542354,0.50900583,2.4609407
0.81202749,1.6177863,0.54414293,0.029850688,0.047835509,0.098102051,0.011458914,0.58613773,2.4384449
0.79808442,1.6715263,0.53876866,0.031739353,0.030063928,0.079804642,0.010531691,0.51992475,2.3899684
0.82467587,1.9713656,0.50880692,0.029979942,0.022523504,0.095603959,0.013097789,0.69555233,2.4516455
0.8016654,1.5235243,0.49968156,0.026607452,0.022958058,0.088242124,0.010610824,0.69111982,2.3371283
0.83462197,2.2376027,0.4767574,0.041974756,0.0195202,0.069622319,0.011209123,0.5065771,2.3896347
0.81111797,1.3804,0.54841571,0.026883032,0.020417407,0.086411612,0.012522332,0.65352093,2.4260965
0.87023699,1.8522942,0.44916885,0.035894485,0.015201124,0.092834413,0.011544827,0.53690212,2.4135203
0.79350988,1.675611,0.51807577,0.043678921,0.019982719,0.080925473,0.010255965,0.5885711,2.287535
0.83627067,1.8357931,0.51811283,0.028872581,0.01890445,0.090218818,0.010125923,0.64394847,2.4880295
0.829088,1.527906,0.4714683,0.044594835,0.01666606,0.060752327,0.01016264,0.42779313,2.280702
0.83591707,1.9602052,0.49075382,0.025393514,0.013307984,0.078551358,0.013486361,0.58468644,2.4673561
0.82360579,2.0514242,0.45894819,0.026107613,0.015843842,0.077996777,0.015313763,0.58712174,2.3804325
0.78239729,1.7913411,0.58547547,0.023631491,0.013734856,0.072242893,0.011224092,0.60362912,2.4943088
0.84105456,1.6985048,0.54420801,0.045540125,0.031106047,0.083602054,0.013788975,0.65890221,2.4460684
0.8169511,1.3233138,0.52327899,0.032063452,0.017960801,0.097842752,0.010351013,0.7375818,2.3658898
0.83408153,1.793121,0.50423131,0.032017407,0.02420993,0.086017044,0.011456208,0.5520951,2.4352504
0.84107109,2.3129497,0.54084343,0.033336931,0.013091526,0.089589997,0.012536634,0.60153968,2.5854778
0.80226993,1.3293229,0.5553609,0.03195158,0.024349135,0.064340227,0.010700007,0.55654315,2.3812231
0.83284492,2.1068147,0.56331816,0.037024842,0.027760704,0.094366115,0.010612181,0.69125266,2.5600113
0.8241125,2.1967536,0.51791507,0.038038854,0.012344562,0.092658734,0.010405481,0.68122409,2.4558586
0.84212973,1.7182278,0.53923874,0.035432113,0.01864505,0.088975662,0.010430313,0.64371588,2.4932555
0.8421755,1.558802,0.53776491,0.033626856,0.027981041,0.077986534,0.010372559,0.6315461,2.4788376
0.80695248,1.8141527,0.49189552,0.037059084,0.010038879,0.073326232,0.012492846,0.50006106,2.3229549
0.81314185,1.6802611,0.54898873,0.034023871,0.045965011,0.082921322,0.011372679,0.71172788,2.4371528
0.80961897,1.4513981,0.53634288,0.042517275,0.021553732,0.084315972,0.011058229,0.68956784,2.3351689
0.80924779,1.9720741,0.48866011,0.018593139,0.019317282,0.0830897,0.011105319,0.46371409,2.4299385
0.80398388,1.9714238,0.55298398,0.017042758,0.028586805,0.085015523,0.01024926,0.45460604,2.5549422
0.78087527,1.7150709,0.52002334,0.019059843,0.012060487,0.074076189,0.013949947,0.74981451,2.3806126
0.82316093,1.6708738,0.59769108,0.040892478,0.013135496,0.084949383,0.010328297,0.5977866,2.5119059
0.83176392,1.6987523,0.58473499,0.048728178,0.013882687,0.076770532,0.010702858,0.6081658,2.4753574
0.83991176,1.8360054,0.47122991,0.016261632,0.02025505,0.099077706,0.01079918,0.52602772,2.4709828
0.81413398,1.6261491,0.54528523,0.027050533,0.030289116,0.098657716,0.012040337,0.49711112,2.461885
0.79528029,1.8070809,0.47699675,0.030455042,0.044135767,0.099831466,0.010910056,0.53297306,2.2959376
0.86019824,1.4535396,0.52513377,0.043570826,0.011285033,0.074606307,0.011013491,0.58358021,2.4411658
0.85552687,1.5996152,0.48520392,0.050291857,0.011442088,0.063839135,0.011868224,0.63438096,2.3512142
0.78787371,1.7113822,0.52081575,0.019851943,0.026995551,0.085607645,0.012481061,0.49978433,2.3961626
0.81031448,1.6975287,0.56406548,0.020706261,0.015485859,0.079037414,0.015944578,0.60218471,2.5319884
0.79834508,1.7696487,0.55192449,0.036286534,0.024278033,0.079413698,0.011319642,0.64816458,2.4045665
0.80890934,1.5559597,0.50800573,0.026991787,0.021950416,0.087624692,0.014180592,0.55565145,2.3725672
0.81810183,2.1212265,0.53255375,0.035303544,0.020164673,0.073947967,0.011116408,0.5564853,2.4727683
0.80836756,1.4518567,0.53258963,0.037745072,0.016124856,0.089991916,0.014377667,0.52488624,2.3482074
0.85599126,1.7933988,0.45827797,0.039217039,0.019270081,0.079505001,0.010905106,0.7050499,2.3743715
0.83060493,1.7505467,0.40230866,0.03077607,0.021232666,0.085424146,0.012342786,0.67526736,2.2449561
0.835054,1.8879188,0.45174643,0.039435468,0.022796952,0.088438328,0.011962902,0.59077956,2.3198617
0.80368354,1.728884,0.51134524,0.038255731,0.012878228,0.067950835,0.010036898,0.57874319,2.3328901
0.77513364,1.8824596,0.57731677,0.0302122,0.013956376,0.067730812,0.010014402,0.60310011,2.4371322
0.81712325,1.9593902,0.60555255,0.038150146,0.0161221,0.079680431,0.010004415,0.50451854,2.5709485
0.79296275,1.706853,0.51267136,0.030928386,0.019152342,0.062554634,0.010205852,0.77650422,2.3391958
0.79296275,1.706853,0.51267136,0.030928386,0.019152342,0.062554634,0.010205852,0.77650422,2.3391958
0.82041537,1.6482325,0.51819791,0.028928094,0.021860841,0.074963971,0.010140196,0.72678898,2.4226652
0.82272329,1.7249915,0.53544217,0.028038423,0.011822874,0.092490213,0.010476984,0.58380784,2.4748743
0.82646466,1.5118914,0.46254557,0.040980544,0.011309451,0.060175813,0.012408496,0.61008623,2.2732119
0.79389263,1.542692,0.47977936,0.04762526,0.014559139,0.058463357,0.010657027,0.5127459,2.1965684
0.82327858,2.0021741,0.4702074,0.031452574,0.028996495,0.098286674,0.011023128,0.65576232,2.3711372
0.84665218,1.5437052,0.55191233,0.041466503,0.020909534,0.091527831,0.016203443,0.52864332,2.4730948
0.82945234,1.6789978,0.49200592,0.034405293,0.018303776,0.092720571,0.011130028,0.52857688,2.3766631
0.82832823,1.9424777,0.55091174,0.034388545,0.02718099,0.094633632,0.014003926,0.62808112,2.5150088
0.82645284,1.7501503,0.43372694,0.02774409,0.022368455,0.092082517,0.012159856,0.61448039,2.3026999
0.7856617,1.9264096,0.57794204,0.044647798,0.013454425,0.083585098,0.011346368,0.55769974,2.398101
0.82715125,1.9657845,0.57722158,0.039711303,0.015834534,0.069958204,0.012323457,0.73916523,2.5364871
0.80873493,1.72709,0.51368308,0.034857395,0.013402404,0.081370982,0.011297699,0.54808762,2.3654554
0.84384215,2.0613216,0.48774194,0.044872179,0.017377198,0.069894999,0.010617489,0.56512522,2.4004256
0.7890333,1.9240088,0.52701906,0.031120651,0.021879273,0.094300703,0.015299659,0.69357713,2.3818116
0.82954306,1.4871509,0.56855563,0.042409819,0.013656816,0.059536433,0.011388827,0.61623077,2.4440497
0.81788882,1.9767947,0.47625572,0.035324633,0.021294559,0.094585587,0.01163273,0.54330006,2.3484571
0.83223826,2.2298262,0.5461485,0.044089758,0.036399391,0.091364597,0.013205863,0.52472778,2.5051244
0.84784098,2.0368641,0.51132411,0.044574139,0.018071144,0.090216961,0.015600456,0.54812938,2.4520369
0.83832073,1.8958695,0.4865103,0.047368783,0.013134191,0.073899939,0.01079395,0.44739918,2.3554227
0.81603318,1.7539881,0.46449553,0.031895751,0.026636374,0.085825463,0.013857881,0.62999261,2.3139443
0.81596301,1.6830936,0.47118537,0.031140025,0.022882523,0.086534206,0.0133957,0.64340188,2.3213369
0.82926971,2.1884306,0.52638056,0.046283286,0.02426573,0.085392135,0.011793489,0.51861798,2.443826
0.85042673,2.2031311,0.49658003,0.050497548,0.021614326,0.076081631,0.011244904,0.51979153,2.4233878
0.80775282,1.5639714,0.59300137,0.022679234,0.017709263,0.072803068,0.010050156,0.66036186,2.5472717
0.8071484,1.7811112,0.51706305,0.017339042,0.01531986,0.095213358,0.012242911,0.63750381,2.4629378
0.81569282,1.7744959,0.46254042,0.030336686,0.017070492,0.082009049,0.010794669,0.535833,2.3186497
0.83474203,1.4009055,0.57486994,0.036658647,0.015919522,0.076330295,0.010057403,0.52567321,2.4854349
0.79521634,2.3001047,0.51283433,0.033383926,0.015851543,0.080944892,0.015969504,0.69252485,2.4080957
0.78255075,1.6152091,0.60828712,0.034611035,0.023961857,0.077544769,0.010171177,0.59587326,2.4467647
0.80564591,1.8824455,0.50432088,0.040129396,0.012175349,0.067159214,0.010243063,0.57198637,2.3355485
0.82154673,1.7446419,0.57016854,0.030499973,0.030313931,0.090540018,0.015063013,0.61341914,2.5258196
0.83029205,1.9120177,0.52875888,0.03059384,0.030380826,0.086745396,0.013149579,0.57502892,2.4937261
0.81423331,2.1512652,0.48807706,0.040299749,0.012402872,0.095398339,0.010866551,0.5412804,2.3581709
0.86725839,1.7882452,0.46074593,0.040183079,0.032914325,0.082971981,0.012664148,0.60059302,2.4017452
0.82760436,1.6111317,0.56163022,0.026684076,0.011097887,0.094790717,0.012047639,0.56556321,2.5276792
0.8096453,1.7468997,0.50078599,0.033133273,0.013320623,0.090866116,0.011702139,0.54005312,2.3555686
0.83799208,1.9145878,0.50433215,0.042042612,0.035122867,0.092230769,0.01471022,0.52835916,2.4119787
0.84115382,1.8536151,0.41776191,0.037019734,0.039442103,0.092629021,0.011493057,0.48791687,2.2817443
0.85690927,1.9596829,0.43738591,0.038636639,0.02555495,0.085754519,0.01189775,0.46702268,2.3578515
0.8364438,1.3480061,0.50637597,0.03277938,0.01321489,0.09867191,0.013283551,0.52708127,2.3880023
0.79181821,2.0814931,0.48700219,0.0447904,0.01124157,0.048616751,0.011609724,0.49244991,2.2730574
0.83007178,1.3576997,0.47571689,0.027211614,0.014610531,0.098369748,0.011048339,0.63909618,2.3474049
0.79963898,1.9682425,0.56419942,0.022636301,0.010852372,0.086651818,0.016875843,0.69744772,2.5330211
0.79220868,1.8184016,0.51962106,0.043413695,0.045657866,0.080128419,0.010057431,0.51275851,2.3054763
0.81393523,1.8456031,0.5339379,0.036917816,0.015936696,0.06315364,0.018923035,0.4467064,2.4200146
0.80397668,1.7851051,0.45778183,0.045811431,0.020064229,0.086377048,0.013149568,0.50340782,2.2182626
0.81006461,1.7355564,0.50882008,0.027046245,0.017522809,0.072502848,0.010076473,0.7707195,2.3990395
0.80791943,1.832641,0.5144967,0.030901727,0.017749113,0.083522009,0.010106472,0.76834933,2.3970487
0.8764946,1.5862334,0.51407475,0.047219378,0.010610406,0.091559428,0.011803147,0.66187635,2.462605
0.81877727,1.6524642,0.44716422,0.032522311,0.010790698,0.073703336,0.01284885,0.70368538,2.2776439
0.81361715,1.6231515,0.5992686,0.044347282,0.011332589,0.078858785,0.010643856,0.53826062,2.4637568
0.83426413,1.343889,0.45477911,0.032955424,0.011900324,0.069596951,0.01023783,0.58148523,2.2966563
0.85016825,1.9072645,0.51337146,0.048560915,0.018588508,0.097634508,0.013187186,0.58101113,2.4274083
0.83479181,2.0768971,0.51042182,0.037826578,0.030437682,0.098203737,0.013585276,0.46475188,2.4547718
0.81112904,1.225904,0.50869348,0.028588476,0.011241711,0.046712223,0.011704478,0.59052239,2.331546
0.81553873,1.9299906,0.52367866,0.030927833,0.011535255,0.094538422,0.012554286,0.60387689,2.4462636
0.81986814,1.8951625,0.58712896,0.041232095,0.04131351,0.08324569,0.013605669,0.608024,2.5169176
0.80165028,1.80778,0.54757173,0.044814102,0.021728065,0.098249463,0.01190651,0.65435779,2.3691899
0.8011614,1.7756006,0.5538597,0.042643817,0.022019146,0.098643568,0.011740729,0.6400575,2.384752
0.82500071,1.3926406,0.55010826,0.043662083,0.034592092,0.081946278,0.013590146,0.53612209,2.3834232
0.83907604,1.9440734,0.46617753,0.033844763,0.017329272,0.091955271,0.010887703,0.59569576,2.3860599
0.8496409,2.0594649,0.48234643,0.030895312,0.019786474,0.086118764,0.010317566,0.53982618,2.4701354
0.7691866,1.6302366,0.59004943,0.039893433,0.017610004,0.074704148,0.014022242,0.64505046,2.3549706
0.79801295,1.8320357,0.60981817,0.038452719,0.020678106,0.072820235,0.014165496,0.60357286,2.5053704
0.85561416,1.9293399,0.43375773,0.030500849,0.027486851,0.097195436,0.011283887,0.59375699,2.3800237
0.82829392,1.5914815,0.47120585,0.045491413,0.017057216,0.084612293,0.011849395,0.53091859,2.281163
0.83158055,1.6428885,0.52921829,0.037470923,0.02980805,0.084215639,0.0128104,0.60051396,2.4281114
0.85142724,1.5506019,0.54546837,0.029138585,0.030167906,0.08524028,0.012851558,0.61416824,2.5395107
0.8180366,2.3806556,0.50043421,0.034589241,0.013301837,0.095045356,0.013162055,0.55101584,2.4456169
0.82898696,1.22366,0.50485388,0.029469567,0.012859959,0.057679191,0.010533537,0.66568769,2.3671605
0.85690973,1.2160459,0.48837144,0.04705562,0.010392606,0.094387817,0.012626358,0.64070497,2.3325824
0.83481954,1.4031714,0.45975638,0.030314353,0.010354871,0.087685285,0.011415357,0.5961149,2.3235296
0.86946857,1.3756157,0.50122031,0.04950078,0.013863127,0.085205502,0.013814962,0.48936724,2.3900015
0.84125342,1.5720497,0.4154192,0.033463039,0.014826434,0.076408335,0.011437301,0.61059582,2.2678016
0.79263159,1.6299763,0.55056442,0.038497722,0.014012556,0.060830708,0.012566841,0.61554378,2.3572311
0.81774374,1.8487381,0.44820917,0.038635313,0.035561159,0.086100156,0.010503178,0.44511259,2.2707408
0.86008631,1.7488588,0.47197131,0.040253375,0.012570854,0.08633908,0.011982675,0.65660478,2.3994317
0.79429355,1.8168108,0.5654044,0.033011027,0.02404895,0.098506156,0.013496698,0.54344797,2.4416356
0.81620776,1.6976618,0.52603159,0.040182393,0.019660202,0.097622214,0.017313748,0.57819963,2.3771389
0.83493547,1.5569511,0.55903534,0.030698202,0.021358878,0.091927007,0.010475188,0.57490439,2.5127537
0.75483014,1.9188825,0.54697244,0.03738837,0.011808112,0.066142024,0.012510907,0.60846184,2.2978221
0.79198028,2.0944546,0.56638555,0.034846385,0.013686303,0.080264639,0.014793804,0.58273523,2.4684523
0.82863795,1.5508423,0.48348222,0.037849548,0.018884275,0.085027176,0.010554936,0.60118873,2.3301558
0.85961606,1.4965829,0.52503955,0.033197213,0.027174436,0.094303358,0.011486675,0.56044095,2.495907
0.81245515,2.1401299,0.48731316,0.040172765,0.01726538,0.093930463,0.013224932,0.52320808,2.3516269
0.82886662,1.9346763,0.53765906,0.043157085,0.025995415,0.077160827,0.01185468,0.5535476,2.4460321
0.845283,1.991652,0.51205763,0.045858192,0.019889724,0.083748481,0.013443234,0.55855881,2.4354934
0.81016127,1.7931065,0.4305394,0.035612178,0.018557243,0.067022315,0.011193182,0.49888931,2.2287544
0.80419575,1.8928384,0.50019187,0.034008661,0.032650366,0.085559848,0.013183712,0.64286052,2.3539036
0.77999606,1.9375857,0.5894465,0.034465377,0.01010026,0.076413475,0.010831286,0.62029694,2.4583433
0.77386603,2.0528343,0.59369956,0.034664599,0.010079696,0.068689752,0.011946655,0.58594593,2.4670317
0.8787353,1.5106846,0.42362794,0.041914714,0.01008847,0.082218475,0.010381691,0.55107444,2.3335364
0.81739038,1.9079127,0.48863439,0.04102863,0.010032623,0.072096607,0.013194949,0.58122626,2.3363421
0.84138843,1.6363953,0.52219196,0.043605927,0.010342892,0.079279081,0.011829647,0.71019254,2.4108885
0.81014431,1.9703598,0.47933652,0.043820485,0.047960657,0.087053754,0.012186364,0.52041236,2.2968501
0.80837109,1.7897158,0.5214912,0.038069582,0.047902578,0.087459975,0.011179835,0.59633603,2.3708156
0.7830523,1.9593836,0.58718729,0.031453881,0.010084498,0.068758912,0.010224115,0.68347362,2.4821207
0.83595337,1.55488,0.45334634,0.044758187,0.05026181,0.095534962,0.01298918,0.49621046,2.270731
0.832686,1.897336,0.51915101,0.030246239,0.012347188,0.06960713,0.012640066,0.55411119,2.4814828
0.83527137,1.9502535,0.5041077,0.030408251,0.013783265,0.07213271,0.011289863,0.5223457,2.4651747
0.80382881,1.6282664,0.51402842,0.031287956,0.032901969,0.076463479,0.011155692,0.65934337,2.3581636
0.83315782,2.0068786,0.46151225,0.034876057,0.010636242,0.083108478,0.012597026,0.4753033,2.3646037
0.80934176,1.4608498,0.4963001,0.035117417,0.011024648,0.086257803,0.012515523,0.69445141,2.3046304
0.80423589,1.4802211,0.5011804,0.033342225,0.011047987,0.087312516,0.013303136,0.73306651,2.3098926
0.79918143,1.4300626,0.48226529,0.035724702,0.011463839,0.091336105,0.013227399,0.71894554,2.2501894
0.87579748,2.0752976,0.53280169,0.041821524,0.027574757,0.077392919,0.010418436,0.50424003,2.5817263
0.86776555,1.8139621,0.47395559,0.038352213,0.021883152,0.091850043,0.011068405,0.52381477,2.4374948
0.79023094,1.6012794,0.49589863,0.03554101,0.014940693,0.05968168,0.012185124,0.61284084,2.2697645
0.83007568,1.9064891,0.49543367,0.037703466,0.020004718,0.089640426,0.013288635,0.5172686,2.3952506
0.83444498,1.913788,0.48193223,0.032869645,0.020702356,0.086748677,0.014555404,0.52983994,2.4049008
0.85710962,1.7332809,0.44170688,0.037209417,0.014612468,0.07616992,0.010574292,0.45201469,2.3507752
0.77250028,1.7151935,0.54105261,0.026499592,0.018947266,0.06838007,0.011313487,0.61548163,2.3588564
0.86578247,1.4965996,0.44583609,0.036132349,0.037113972,0.095243134,0.01181392,0.59128743,2.3612936
0.83599873,1.5232294,0.53151639,0.04319578,0.011476687,0.091809442,0.0107777,0.57253225,2.4006114
0.81914798,1.5679329,0.49201215,0.034085584,0.019739491,0.07826913,0.013064559,0.71413289,2.3392952
0.81033027,1.9557514,0.46555593,0.041840788,0.021135438,0.061838385,0.013334483,0.4881724,2.2801048
0.81846818,1.6213813,0.55772347,0.035499162,0.028125047,0.086480352,0.011119074,0.51621655,2.4507478
0.8262731,1.5822677,0.57588679,0.031396254,0.043089806,0.091821878,0.011279892,0.51487367,2.5197594
0.82318308,2.0934002,0.47213275,0.035290569,0.011258935,0.097202511,0.012621908,0.5974132,2.3669389
0.83377024,1.8943162,0.53431599,0.028194761,0.012458221,0.097824662,0.012190249,0.57147657,2.5239071
0.83128183,1.9210873,0.49852598,0.026707224,0.011660622,0.098361467,0.012845277,0.57910146,2.4592041
0.81632157,1.4229165,0.46877659,0.030248437,0.010746935,0.05913867,0.010457103,0.54301466,2.2943031
0.81239937,2.0781249,0.54903566,0.045503703,0.031447619,0.095106144,0.010229561,0.59543501,2.4322903
0.81273212,1.5728576,0.44191328,0.027394956,0.012573858,0.072519333,0.015125725,0.61554346,2.2673731
0.84468417,1.9279697,0.53189605,0.025946948,0.018506595,0.094543068,0.010680828,0.46917809,2.5647355
0.84492039,1.3666536,0.40852669,0.033961524,0.014202229,0.098231128,0.013921096,0.55380217,2.2462973
0.83477226,1.6862015,0.59436066,0.041610006,0.026071285,0.074988765,0.011990816,0.56069554,2.535254
0.80197821,1.8046795,0.53920141,0.048212992,0.018373429,0.083036874,0.010955679,0.62887013,2.3396663
0.83097376,1.6729294,0.47509173,0.032460665,0.018917338,0.080132077,0.011827414,0.5817733,2.3590233
0.81605364,1.9510264,0.50587857,0.036322506,0.018233072,0.079011177,0.011968443,0.60845185,2.3905617
0.85897804,1.3449486,0.44052196,0.033924067,0.024162893,0.092236154,0.01118945,0.5099603,2.330721
0.78977237,1.7475083,0.53349045,0.0287378,0.01420452,0.06840472,0.013242522,0.62023539,2.3839876
0.84909933,1.7942469,0.49854149,0.043868861,0.019449345,0.096061363,0.01006161,0.5471523,2.4071901
0.79776345,1.9517095,0.52798861,0.039864475,0.020532846,0.065942702,0.01018649,0.6726215,2.3673155
0.78915449,1.8109839,0.58523862,0.032479013,0.017488636,0.090184381,0.020911763,0.58945033,2.4661314
0.79197173,2.0074696,0.56701017,0.029710634,0.024405645,0.065806155,0.010329936,0.57894812,2.4843153
0.84173688,1.5943608,0.51774532,0.050783788,0.016132939,0.099035514,0.011240964,0.51132393,2.366675
0.84334213,1.5180198,0.50471072,0.041115874,0.059781706,0.098341778,0.011509102,0.48951819,2.3840058
0.81122014,1.7873835,0.47424961,0.03266557,0.010367906,0.050040324,0.011878818,0.58675172,2.3192834
0.81511501,1.779991,0.58226838,0.041601331,0.022537578,0.095343598,0.011340747,0.58542288,2.4764168
0.80645114,1.7567769,0.48789287,0.039042339,0.037440004,0.084489528,0.013818364,0.57167434,2.2995157
0.87147378,1.690628,0.46634952,0.038930231,0.01180637,0.090725404,0.01042168,0.50393675,2.4176353
0.87116582,1.690533,0.45588853,0.038153555,0.015441706,0.085906907,0.010665773,0.56940331,2.4019524
0.80549584,1.4747502,0.48648543,0.036978911,0.01780004,0.073545279,0.015478301,0.53235615,2.2723821
0.84107971,1.9221602,0.50230751,0.034044163,0.015822829,0.088857612,0.011066562,0.65583463,2.4551917
0.8311808,1.2270015,0.52522168,0.036040564,0.035159168,0.085843129,0.011337766,0.47782958,2.3748248
0.80684627,1.3710767,0.46100046,0.038188192,0.035298682,0.090425943,0.01204239,0.60040737,2.219603
0.80712132,1.7543371,0.59241715,0.032273998,0.013895956,0.075942593,0.012113167,0.58427994,2.5198928
0.8178346,1.7433857,0.57491737,0.034810363,0.012120349,0.087384923,0.016540783,0.67050905,2.5009772
0.84111084,1.4732166,0.53162567,0.037362203,0.013897594,0.089986652,0.012226936,0.60059935,2.4356035
0.8464016,1.5424746,0.46072654,0.051987976,0.018308913,0.076252702,0.014167354,0.63143292,2.2779405
0.81111481,1.7052439,0.50458164,0.025765642,0.023055953,0.085682722,0.010622547,0.51499536,2.3965821
0.83219513,1.4870548,0.50669048,0.048333926,0.016751063,0.069671103,0.012868566,0.62262609,2.3236972
0.82648218,1.9024295,0.48905992,0.0302888,0.025250109,0.090949204,0.012303199,0.48755517,2.4089569
0.87217342,1.7589649,0.45418793,0.040422894,0.02284859,0.099857318,0.012359559,0.61955693,2.3983105
0.82116844,1.7832292,0.61024977,0.028918204,0.016527439,0.099621284,0.013569803,0.53291483,2.6156857
0.86231252,1.935766,0.4642631,0.04121347,0.011151228,0.065354152,0.010803608,0.48700773,2.406318
0.79535214,2.1617941,0.49803888,0.024453301,0.016314103,0.08334949,0.013444295,0.70589306,2.4060397
0.81593481,1.7514192,0.56597251,0.041085862,0.02321511,0.079211761,0.011497939,0.67830135,2.4483807
0.78828979,1.6992054,0.62750241,0.037747117,0.012045971,0.07872467,0.011772085,0.59339936,2.4925492
0.82661608,1.7576858,0.53565568,0.037476389,0.010430904,0.063469951,0.010685477,0.62666889,2.4415074
0.85553353,1.4698919,0.42318409,0.03707189,0.012020584,0.083966579,0.010081161,0.68583431,2.2923645
0.81586001,1.7637293,0.58013491,0.040307247,0.020683664,0.07718788,0.010373549,0.57883045,2.4789448
0.8015269,1.7073542,0.48341678,0.027527348,0.023125489,0.065635722,0.010552707,0.59692474,2.3253762
0.79286209,1.9774499,0.55131197,0.028287015,0.015862889,0.094752361,0.01798605,0.47433873,2.459679
0.78671462,2.2430134,0.59203526,0.028494994,0.017179448,0.094764874,0.018645251,0.50675763,2.5636609
0.77350607,1.9656229,0.54223384,0.022481109,0.048414968,0.088141103,0.011318285,0.42113924,2.4197635
0.82931242,1.5441025,0.5959326,0.047801843,0.01023841,0.097767402,0.010091485,0.59548462,2.4694347
0.78050218,1.6363368,0.42781417,0.022804106,0.038284599,0.083022419,0.01736892,0.58459777,2.1876391
0.79227739,1.9264736,0.49938505,0.021459848,0.01458212,0.053400277,0.011583758,0.40573725,2.3864826
0.82812193,1.7254082,0.58388437,0.038623912,0.011075049,0.090535513,0.013705544,0.71725347,2.5211545
0.76550252,2.2540668,0.61088919,0.030633627,0.02733881,0.067461942,0.010097761,0.66472872,2.5337999
0.86687082,1.5187605,0.43823086,0.038921958,0.015374394,0.096528188,0.016249668,0.56449003,2.3416429
0.80342066,1.9470073,0.50773881,0.017558439,0.022001246,0.099540365,0.010460825,0.61870809,2.4551039
0.80615714,1.511911,0.46414635,0.056516297,0.010498203,0.060656714,0.010377046,0.5772579,2.166427
0.81512948,1.4928879,0.47182673,0.055550719,0.010453187,0.048809738,0.010471815,0.55687081,2.200818
0.83857964,1.3049994,0.49609966,0.022672144,0.013044689,0.081440493,0.017646868,0.45292866,2.419928
0.82062716,2.1485539,0.61862123,0.047210284,0.014364862,0.071931953,0.010271114,0.69990546,2.5850095
0.82879102,1.9017771,0.49388704,0.040505628,0.010716588,0.08847975,0.01002926,0.63261991,2.375803
0.84756079,1.7512891,0.52405108,0.038015162,0.023434036,0.099146246,0.011479946,0.55544154,2.471103
0.82043924,1.9220248,0.48792523,0.038962979,0.014793153,0.099896188,0.018861068,0.55212583,2.3535116
0.81730728,1.8605455,0.50926,0.040080638,0.034870526,0.099818552,0.010265694,0.66273105,2.371301
0.83726272,1.8142889,0.4768297,0.04454502,0.034024069,0.093109107,0.01083263,0.55152335,2.3396192
0.83540775,1.7015008,0.49812285,0.030392392,0.017465891,0.085026154,0.012334134,0.58073002,2.4244487
0.80671058,1.951818,0.53084072,0.048192129,0.042101645,0.095313263,0.011073138,0.62291933,2.356252
0.81986757,2.0403681,0.54280827,0.040868743,0.024966749,0.091837441,0.01504373,0.66767994,2.4577914
0.84399891,1.7534963,0.53379878,0.034799112,0.014673594,0.086637756,0.01065627,0.63366867,2.4961293
0.820288,1.6825213,0.46715636,0.029768147,0.030033932,0.079573452,0.011222908,0.4892514,2.3312273
0.81062264,1.4580254,0.51653731,0.030270875,0.025314825,0.095356565,0.012674814,0.44745108,2.3637349
0.82133506,1.6810183,0.50386344,0.045906116,0.015023692,0.089966474,0.018030156,0.48503981,2.3248819
0.81687459,1.7242317,0.53143391,0.038685004,0.018685045,0.091200061,0.026541383,0.52913932,2.3987071
0.81074286,1.7046107,0.49966285,0.044959317,0.02619021,0.096777702,0.011833916,0.53032065,2.2983846
0.84483447,1.6649288,0.47104636,0.029791006,0.012637199,0.087356537,0.011042307,0.66238955,2.3982077
0.82814505,1.8374544,0.53116213,0.051925473,0.025740589,0.078904372,0.012779437,0.62798085,2.3791639
0.81799884,1.8209345,0.45715101,0.026325514,0.01429805,0.082023513,0.010170385,0.54111204,2.3374903
0.80961085,1.8884782,0.5189525,0.024002692,0.041689134,0.089750071,0.010523123,0.5750415,2.4519642
0.83190194,1.6653251,0.51046716,0.052964092,0.016198542,0.071124738,0.010247607,0.59526785,2.3294482
0.8264194,1.5677057,0.45317292,0.040413883,0.012713674,0.08361864,0.010211089,0.59093965,2.2657995
0.82130737,1.8303056,0.54717946,0.035776889,0.023143206,0.084439729,0.010087429,0.66140433,2.4668942
0.78830032,1.6852885,0.50682718,0.032452193,0.013713734,0.071484838,0.020614613,0.60341061,2.3072055
0.83467313,1.8127925,0.51390015,0.042239795,0.024089622,0.093900085,0.010168827,0.56267846,2.4075324
0.86975341,2.0879497,0.36439657,0.042137683,0.029199519,0.096107346,0.010615171,0.60988085,2.2546875
0.89552919,1.8306013,0.44364973,0.036302484,0.013428006,0.09572526,0.014408762,0.5311988,2.4617016
0.79749598,1.920415,0.48960084,0.039049929,0.047645163,0.097932559,0.010256985,0.50265694,2.2984337
0.82918531,1.5492116,0.45887453,0.024671197,0.010983606,0.075314313,0.014098703,0.60517663,2.3480162
0.83162933,1.7949631,0.54505756,0.022862257,0.028220649,0.097541261,0.011828826,0.55314544,2.5547654
0.81502626,1.3504432,0.45483471,0.029760902,0.018142107,0.074109066,0.011461186,0.57426649,2.2627883
0.8517642,1.7200286,0.52340753,0.055354461,0.019263755,0.083506361,0.011549682,0.56491771,2.3952988
0.79658829,1.9083735,0.49134915,0.018453957,0.021210707,0.06686949,0.013343974,0.57806187,2.3950519
0.81578686,2.0641006,0.54717761,0.043819921,0.01804881,0.091946644,0.011034158,0.60949809,2.4439248
0.83611069,1.8233651,0.52907964,0.0401281,0.022354421,0.087623405,0.015535294,0.68756514,2.4495515
0.82948126,1.730724,0.51087636,0.047974894,0.019116924,0.087261103,0.011007898,0.62598907,2.3534396
0.772465,1.8879405,0.530536,0.019193614,0.018867662,0.08578356,0.010999449,0.59641992,2.4008501
0.78797524,1.7595143,0.51053174,0.027619393,0.014329641,0.08445697,0.012884879,0.46127393,2.3448925
0.80877971,1.8517603,0.48353047,0.029360382,0.022248342,0.098629742,0.01000174,0.46338413,2.3520936
0.85933614,1.8589868,0.47642473,0.037582756,0.028402254,0.097960894,0.010001133,0.54311639,2.4293286
0.85401263,1.5889613,0.43707001,0.04222484,0.016422922,0.085650344,0.010001668,0.48967841,2.3015271
0.83995218,1.3901841,0.48230713,0.037526734,0.02081222,0.090413963,0.010007023,0.53601891,2.3405659
0.79916077,1.4516184,0.54963864,0.043888219,0.020074762,0.070084518,0.010048934,0.634229,2.3230848
0.85045409,2.0358569,0.5009956,0.039343469,0.031081136,0.09586267,0.010264619,0.54045042,2.4642722
0.82433378,1.3713506,0.48178093,0.037252857,0.014417227,0.054931888,0.010870275,0.54756071,2.2997055
0.84555207,2.0764992,0.55747816,0.035560894,0.023683904,0.091999361,0.011204452,0.5926141,2.5854734
0.83577684,1.8540607,0.55188133,0.039062784,0.029100802,0.091899166,0.011172818,0.60005115,2.4994485
0.80814841,1.5277941,0.53233837,0.042787573,0.020022865,0.074842099,0.011542629,0.5587881,2.3334829
0.83258297,1.7355092,0.48780224,0.029441098,0.015797297,0.094973124,0.012171876,0.62888748,2.4069723
0.7776776,1.5935294,0.54736902,0.045020375,0.02769575,0.064512865,0.010174661,0.55346928,2.2781178
0.84304926,1.784536,0.46531635,0.043639572,0.035067505,0.092812612,0.010402526,0.56494256,2.3349598
0.78439537,1.7636518,0.52138342,0.031741805,0.024086899,0.092825343,0.011302461,0.61019461,2.3356896
0.79738913,1.9026814,0.58670599,0.036314798,0.013615816,0.078843204,0.010503292,0.61941086,2.4842661
0.83054466,1.4725595,0.48890747,0.036860259,0.023055024,0.090070202,0.015584233,0.47817601,2.3396842
0.80911692,1.5567378,0.53010153,0.03913327,0.024213209,0.094895634,0.012289959,0.54010926,2.3529265
0.821161,1.5690588,0.49343731,0.030162349,0.043332268,0.096798491,0.013489079,0.6218055,2.3651302
0.81187185,1.9255157,0.56635372,0.039789421,0.021949072,0.096826357,0.010951097,0.62420148,2.470051
0.79562967,1.8109888,0.59182309,0.03432335,0.023427003,0.090353142,0.019134829,0.70250647,2.4855099
0.73987431,1.9955504,0.6445182,0.036710564,0.019932562,0.056453775,0.010288463,0.53118943,2.4488295
0.79971473,1.7905847,0.54250817,0.020705078,0.01517916,0.091445503,0.013205729,0.66289999,2.4753997
0.82154239,1.4489605,0.46570882,0.037678528,0.015400626,0.061190566,0.011696705,0.53057651,2.2733861
0.80258015,1.5069161,0.44346376,0.036855751,0.030848263,0.072164398,0.012182641,0.46481833,2.2000444
0.83707471,1.498742,0.55472974,0.042201972,0.012225692,0.093000527,0.011797465,0.69939792,2.4433315
0.80680446,1.5125607,0.44965408,0.031244812,0.028672017,0.07176671,0.011513511,0.54368398,2.2436519
0.8760736,1.9050064,0.48978877,0.047728757,0.014314933,0.0783693,0.014474587,0.44189815,2.4535296
0.87835276,1.8227528,0.42383193,0.029688574,0.013738989,0.09542,0.011831435,0.41438353,2.4111122
0.86123509,1.7351998,0.42236957,0.032654493,0.018009816,0.092374485,0.01105554,0.42547641,2.3459893
0.86492897,1.3898563,0.43127075,0.026588233,0.020120134,0.07295091,0.010610413,0.36725353,2.3652415
0.85278935,1.7943543,0.4537118,0.055722791,0.017277237,0.090497997,0.016697713,0.57798629,2.2915921
0.8327093,1.8547664,0.54967764,0.035944759,0.020172384,0.0979338,0.012192835,0.54825988,2.5037324
0.82801862,1.696324,0.43415768,0.031045626,0.03040387,0.099913627,0.017726266,0.47909735,2.2883777
0.87240391,1.9151402,0.44303285,0.034671051,0.016024893,0.099981332,0.011775644,0.49453137,2.41906
0.78295715,1.5238208,0.54641261,0.028438246,0.019434882,0.051428066,0.012831323,0.6199045,2.3597327
0.87431905,2.0753237,0.50402265,0.035841428,0.01571229,0.099013906,0.010638452,0.52140334,2.5525886
0.80960442,1.5172179,0.48621316,0.036442239,0.026863867,0.080513511,0.010016757,0.62158338,2.289302
0.82240662,1.5489742,0.52687068,0.036358107,0.013095322,0.066691882,0.010012461,0.55465922,2.3938863
0.86680356,1.8225222,0.41439883,0.03502945,0.026046141,0.098434136,0.01109262,0.66793083,2.3431157
0.89907661,1.9169818,0.43072234,0.050659622,0.016717806,0.099216678,0.011636359,0.62720067,2.3943573
0.8512661,1.7228795,0.48199853,0.032208597,0.014590723,0.098030898,0.016814133,0.52785689,2.4293327
0.82985167,1.7107477,0.5107572,0.023085658,0.020750238,0.097012744,0.010562817,0.53553676,2.4713951
0.7999301,1.6319884,0.57115231,0.043451627,0.024604974,0.058170012,0.011494302,0.4978918,2.3867698
0.84361924,1.9360136,0.48620577,0.033249774,0.021488713,0.084047564,0.010239795,0.61883008,2.4368256
0.84887025,2.0816539,0.47464073,0.043030251,0.018477328,0.088408184,0.010826818,0.56311972,2.3993393
0.83279021,1.7391575,0.50352926,0.0328223,0.012508384,0.077165851,0.011475015,0.54337225,2.4202388
0.82800738,1.6701099,0.50123868,0.034293147,0.012948946,0.090980903,0.012333205,0.54262376,2.3886829
0.82615594,1.729969,0.49189521,0.038688435,0.014782894,0.066405747,0.010790792,0.64649708,2.3543816
0.78750825,1.7323991,0.47816725,0.036852803,0.021792626,0.07769466,0.019086562,0.52535477,2.2423417
0.82834058,1.2857875,0.56522298,0.034095773,0.022859063,0.073480686,0.010666132,0.58149684,2.4493156
0.79514983,2.0485826,0.48319294,0.038906002,0.011410233,0.090946192,0.019226169,0.55782618,2.2962338
0.82955575,2.0109566,0.50656461,0.035230752,0.014703991,0.061945148,0.011907981,0.52773172,2.438753
0.83749638,1.5718488,0.49928465,0.024281693,0.038480227,0.097701731,0.011756023,0.5919507,2.4466916
0.8146342,1.6932578,0.41732618,0.017979126,0.015685904,0.096524274,0.017500647,0.57219009,2.2797886
0.85096281,1.6954489,0.57657709,0.039029939,0.025329713,0.082324733,0.010684125,0.63796681,2.5615979
0.80790914,1.8184612,0.44323737,0.029462567,0.016100003,0.060601771,0.017234816,0.45424762,2.2729408
0.82321969,1.705188,0.44694227,0.034333917,0.011095741,0.082957913,0.012549021,0.52367152,2.2858365
0.865376,1.8104785,0.43962894,0.026232783,0.036331898,0.082812383,0.010418013,0.49499689,2.4230636
0.81812641,2.097898,0.50756956,0.037791307,0.020702193,0.083126677,0.010105401,0.62302432,2.4098058
0.79589864,2.1376402,0.48768954,0.032998966,0.022393039,0.088830421,0.010050794,0.61774245,2.3431606
0.8622744,1.7894382,0.5325775,0.043901002,0.018472879,0.082884022,0.010013497,0.69738972,2.4995715
0.86416643,1.3596222,0.36837207,0.035193353,0.02720608,0.08900302,0.011900514,0.41093407,2.2232337
0.76573269,2.0624588,0.62596862,0.03599848,0.01082205,0.065319862,0.011306653,0.7081644,2.5005094
0.79939755,1.6265787,0.63292248,0.034803886,0.024846957,0.096738634,0.010374018,0.59240161,2.5365772
0.79267967,1.6686514,0.57632874,0.035059758,0.019724862,0.090104389,0.010360191,0.52135256,2.4242849
0.84811513,1.5403626,0.43386796,0.027054248,0.026840483,0.094458214,0.017818832,0.5725435,2.3399503
0.81350648,1.7529286,0.55246512,0.042553857,0.022361546,0.091545093,0.010176689,0.63078021,2.4114971
0.80394782,1.8891896,0.48007485,0.030036495,0.011604517,0.070560031,0.01587461,0.52230149,2.3345811
0.79670786,1.7333168,0.57196651,0.035523225,0.029818127,0.088555272,0.010637779,0.63681881,2.4344547
0.84545093,1.6393025,0.46150588,0.034803694,0.014336626,0.082894876,0.015588621,0.56495723,2.3575625
0.84170845,1.6713812,0.44773099,0.039183151,0.01355685,0.086323103,0.01140392,0.58180183,2.30928
0.78114153,1.9321646,0.55920527,0.028744325,0.016396002,0.057198614,0.015102733,0.56444415,2.4345517
0.87394695,1.5878291,0.50375269,0.037743054,0.015790877,0.089090699,0.011418147,0.63691633,2.4837565
0.78776139,1.8492537,0.56641388,0.030806821,0.031984877,0.067873342,0.012055012,0.4965227,2.4425289
0.80883754,1.7883343,0.50690728,0.03798208,0.016528672,0.082511822,0.015044116,0.61107013,2.3467295
0.81640448,1.4794838,0.52338517,0.038290639,0.040922172,0.086549455,0.010622817,0.49911357,2.35475
0.80765301,2.3202273,0.49022394,0.02658629,0.012127013,0.075774836,0.013324808,0.69391486,2.4306269
0.82709731,1.1420795,0.46629606,0.040342925,0.010261991,0.067572633,0.012653131,0.51905799,2.2462018
0.83121318,1.1635493,0.47440805,0.040543589,0.010379654,0.070137461,0.01322579,0.52146864,2.2697696
0.83369409,1.1546539,0.47221933,0.037649415,0.01292733,0.062259592,0.012521338,0.52038785,2.2837545
0.75647397,2.0247372,0.58697241,0.024473888,0.031569435,0.074659847,0.011786351,0.52447781,2.4588317
0.85855626,1.5492718,0.45564323,0.02898434,0.012911627,0.094852293,0.011797659,0.5779159,2.396851
0.84258577,1.6820742,0.44383919,0.0303873,0.029547244,0.085540917,0.011521111,0.52632224,2.342955
0.78144224,1.7343006,0.57205854,0.036264491,0.015270272,0.071489499,0.014145933,0.60015536,2.3906142
0.8601236,1.4959199,0.46634834,0.034041143,0.015509344,0.07777513,0.011417415,0.61269815,2.3911654
0.79737057,1.9627226,0.5912154,0.034477845,0.022239242,0.081168729,0.01258507,0.55013814,2.5120219
0.84041697,1.5713364,0.44070254,0.037787684,0.015816341,0.063918286,0.010729115,0.56872692,2.2906201
0.8334461,1.4409997,0.44300675,0.038827315,0.013330491,0.073663433,0.010870619,0.63988928,2.2609974
0.79073883,2.0781652,0.48031849,0.031321552,0.020229991,0.083039713,0.016277883,0.58692651,2.3170582
0.83747124,1.2965082,0.54454825,0.040083307,0.015411772,0.095890182,0.01095176,0.5326236,2.4112372
0.83369272,1.6691019,0.4410572,0.034217713,0.020838302,0.082616612,0.011544732,0.78509281,2.2985676
0.85923081,1.8827484,0.4464182,0.041641152,0.017124269,0.08455767,0.012336721,0.6906822,2.3597844
0.83114354,1.4301594,0.50527552,0.045318697,0.032901524,0.087967428,0.014099222,0.59376891,2.325433
0.85132088,1.7072376,0.47641215,0.031225132,0.019251788,0.098299451,0.010549695,0.53094479,2.4222286
0.85413975,2.1228608,0.44692352,0.026869484,0.017776994,0.099109431,0.014034566,0.58577962,2.4373786
0.84152118,1.8768264,0.44260258,0.026173031,0.020201079,0.099323565,0.015885183,0.58870939,2.3758301
0.84829295,1.6976287,0.43918429,0.026744243,0.017980145,0.096915839,0.017460485,0.53120686,2.3662801
0.80144159,1.8353527,0.54095726,0.043301961,0.023149516,0.062036275,0.010113306,0.64342202,2.3681076
0.84035971,1.4952546,0.5197875,0.033321188,0.021841994,0.094403964,0.01156393,0.65914281,2.4361232
0.82127072,1.5207988,0.48105408,0.041150016,0.023672613,0.07024368,0.010931591,0.48821354,2.290293
0.82211692,1.7232222,0.53477908,0.02728285,0.012123175,0.087554308,0.010944214,0.63619818,2.4757801
0.79453634,1.810299,0.54690385,0.04479908,0.026882786,0.073340752,0.013293198,0.59557266,2.3502802
0.78318999,1.68881,0.54826701,0.033410852,0.021720754,0.090325273,0.01303049,0.50842992,2.3616058
0.82116148,1.9549343,0.47333479,0.046922623,0.012311928,0.078931367,0.011461223,0.50085444,2.2988693
0.79406263,1.3145506,0.50867389,0.023860744,0.029711485,0.095049135,0.012720912,0.58733513,2.3202335
0.80756303,1.3960671,0.51211969,0.025309191,0.042032972,0.093948422,0.012946445,0.62543898,2.3645554
0.82129881,2.197082,0.47559865,0.027359922,0.015783945,0.09778956,0.013882304,0.6143418,2.4175927
0.82944921,1.6489456,0.54523811,0.044104352,0.039734317,0.099847811,0.011477814,0.51424246,2.4186203
0.85771175,1.4965118,0.49639966,0.039874914,0.02298223,0.09985118,0.010808256,0.5582076,2.4095725
0.81615819,2.1547609,0.50142287,0.035718461,0.023152607,0.099831474,0.014770451,0.68188515,2.4099443
0.81357297,1.5645852,0.62478768,0.021622991,0.012904555,0.057028463,0.011346064,0.5689036,2.6295271
0.78443453,1.572272,0.59736151,0.026341181,0.013562431,0.084717933,0.012937592,0.62495799,2.4713349
0.8081229,1.5881792,0.50923019,0.034257904,0.014032611,0.068953079,0.014745671,0.57070491,2.3420239
0.83816686,1.847235,0.49939709,0.043279714,0.019421901,0.089723349,0.010910061,0.55440464,2.3901346
0.81157009,1.9657176,0.54026882,0.041941566,0.01986966,0.08332521,0.011817535,0.52299679,2.4165728
0.81138699,1.6460899,0.52773637,0.029844136,0.014209861,0.08327281,0.012486521,0.63429141,2.4113277
0.80297431,1.8586883,0.4670023,0.037073432,0.029017463,0.074713383,0.011779517,0.56190453,2.2743817
0.83822893,1.8230111,0.52445515,0.043751275,0.027556894,0.091432598,0.010939911,0.53862649,2.4291734
0.80765952,1.6315021,0.4683601,0.027324296,0.021633749,0.083759693,0.015324964,0.4781392,2.3068645
0.83298677,1.753836,0.44326393,0.035666957,0.028026405,0.081591487,0.012398543,0.46407011,2.3026944
0.83217262,2.1314669,0.50498528,0.049734096,0.012663,0.086133275,0.012090895,0.44928389,2.3888967
0.83648456,2.0303047,0.48110338,0.043557713,0.053217038,0.088209401,0.014245342,0.48246608,2.372666
0.85751848,1.5904566,0.5100464,0.031417534,0.010002219,0.081357837,0.01023627,0.75515947,2.4844843
0.83094085,1.7166852,0.44626983,0.045288576,0.010192235,0.088031863,0.024656843,0.41942947,2.2603891
0.79794758,1.8413989,0.51580281,0.027018329,0.010371082,0.048462256,0.010676225,0.48694054,2.3938883
0.81016992,1.7962541,0.50377015,0.029431983,0.010081596,0.067010952,0.0101748,0.52348387,2.3858614
0.84301646,1.8771319,0.55810741,0.045766552,0.014296056,0.098382574,0.010726461,0.53628765,2.4982728
0.78948829,2.3095328,0.48469802,0.030579475,0.019847177,0.044717998,0.013102328,0.6410804,2.3524367
0.81612094,1.7354029,0.54097162,0.034392069,0.022763187,0.097117789,0.011226816,0.50427584,2.4362932
0.83598049,1.6049397,0.52387871,0.039055099,0.014790573,0.06297549,0.013566483,0.57048779,2.4177055
0.81729449,1.839443,0.4455853,0.043547819,0.01307068,0.083615404,0.010966605,0.62921742,2.2445932
0.84899355,1.9628377,0.54314965,0.035964702,0.026630212,0.068510375,0.011741143,0.5665353,2.5485307
0.83448077,1.933291,0.54291144,0.038109004,0.017137978,0.08618794,0.011163197,0.57082386,2.4952387
0.84028044,1.6103532,0.48399661,0.054551088,0.020727655,0.075868672,0.016002433,0.58544973,2.2957089
0.79741264,1.4318137,0.46673338,0.02539063,0.02412072,0.070208642,0.010966396,0.46942985,2.2651575
0.77689527,1.9839112,0.45988936,0.029679091,0.015562176,0.083366775,0.016171847,0.49257966,2.2413714
0.77957211,1.9171762,0.50125816,0.032988543,0.013978838,0.067405449,0.017034297,0.50864328,2.3006453
0.86990419,1.5363101,0.46243755,0.03293774,0.015200078,0.084583038,0.010210607,0.57033373,2.4180055
0.83968914,1.4655991,0.46519217,0.046093668,0.019670027,0.087411886,0.01187377,0.5139585,2.2844501
0.84590794,1.6381965,0.48670762,0.043155876,0.043724934,0.09042507,0.013340219,0.47546382,2.3648347
0.83130203,1.8563935,0.4594003,0.038482058,0.042352511,0.091459673,0.011908966,0.44981034,2.3249914
0.8383921,1.5178331,0.5416842,0.037373065,0.013082521,0.09944214,0.012620875,0.72159063,2.4513906
0.81443669,1.5224806,0.52307474,0.027425624,0.02037368,0.078479101,0.010286218,0.4447122,2.4071346
0.78674126,2.0035064,0.56088363,0.025614869,0.040765086,0.09174289,0.010869144,0.50083303,2.4802139
0.82018117,2.1185726,0.48901987,0.049147604,0.014735056,0.076289988,0.016783364,0.59410845,2.3319865
0.81159557,2.0568537,0.50698718,0.04755585,0.015341103,0.072523067,0.016269648,0.58223871,2.3424517
0.82871676,1.4458762,0.50164945,0.029056681,0.022550334,0.089184373,0.010254298,0.6287539,2.3895243
0.82523488,1.9580084,0.50172999,0.037721485,0.013959761,0.091345072,0.015798998,0.64127838,2.4004677
0.83587754,1.557375,0.4937133,0.042100736,0.031435583,0.086467543,0.010354516,0.61233382,2.3471918
0.83779871,1.5731039,0.49339732,0.043405379,0.028303654,0.091016459,0.01053563,0.59668036,2.3474808
0.83437777,1.6521792,0.50327947,0.031450674,0.014262017,0.078788771,0.015262494,0.52571445,2.4200707
0.82600039,2.0437947,0.56920564,0.031562584,0.017360799,0.094652291,0.010531727,0.59719003,2.5745252
0.8325918,1.6673562,0.57367362,0.035930865,0.031072245,0.081164234,0.010189812,0.57163358,2.5205515
0.86784682,1.6930109,0.39748455,0.048430692,0.01231275,0.090777062,0.010765888,0.6806313,2.2556738
0.75819207,1.8270111,0.60693786,0.02885668,0.014445578,0.069486448,0.010397044,0.46231315,2.4444891
0.77323905,1.7412239,0.60441121,0.025954121,0.030906815,0.080226859,0.010379409,0.46702301,2.4832408
0.82153964,1.7732775,0.51733236,0.031221907,0.018278871,0.075281919,0.012381188,0.7497594,2.4284244
0.82285428,1.8155267,0.5367858,0.030807248,0.021909434,0.080768481,0.015167644,0.76410152,2.475449
0.83045714,1.7586324,0.47349816,0.022935952,0.013841794,0.093910423,0.010395699,0.79500286,2.4088927
0.82557854,1.5714355,0.51141185,0.051194554,0.01042468,0.061497309,0.010700538,0.44570389,2.3120687
0.82382144,1.8069232,0.44730173,0.027738781,0.010174744,0.087394316,0.0157508,0.61866057,2.3262981
0.82710351,1.7184317,0.49296486,0.023355746,0.016523865,0.093499305,0.012730826,0.64345435,2.4301947
0.81824977,2.161032,0.48015305,0.041021923,0.013821032,0.070272065,0.010549783,0.58661265,2.3513248
0.84305493,2.0263681,0.48290468,0.039895394,0.023449587,0.078678523,0.011367678,0.66719119,2.4083034
0.81715441,1.5715766,0.48258465,0.03116999,0.016711498,0.082275452,0.010792594,0.5901761,2.3317749
0.87205106,1.921728,0.43520864,0.050632962,0.018031141,0.098527241,0.012097739,0.53741466,2.3383216
0.81721876,1.609922,0.52711686,0.028541866,0.020938794,0.079103754,0.011568447,0.72018166,2.42733
0.8010762,2.0004481,0.54230394,0.040211326,0.018245458,0.054654743,0.013880517,0.45241905,2.4064405
0.73926349,1.8719003,0.50237839,0.04104787,0.015011452,0.052513143,0.023590999,0.45721754,2.159912
0.76606302,1.9307603,0.56178584,0.038667679,0.011884564,0.055973131,0.010894222,0.51143219,2.348705
0.80747306,1.9562774,0.50999497,0.02756769,0.034050077,0.089241689,0.01233933,0.52793412,2.4195957
0.80072038,1.4666247,0.55056398,0.038524785,0.017518589,0.076475139,0.011274291,0.67631796,2.3559039
0.83765813,1.7658331,0.45374459,0.045540228,0.02396212,0.084301493,0.010021862,0.57850401,2.2926471
0.85000966,1.3753952,0.47139866,0.033413231,0.015075145,0.081913874,0.024311035,0.52769609,2.3645547
0.83504592,1.4253538,0.46159241,0.033410064,0.014521153,0.082050074,0.020370275,0.54112641,2.3159885
0.84776143,1.4835669,0.49618792,0.044139675,0.025902955,0.07969573,0.010111389,0.57082078,2.3636622
0.78985916,2.0570803,0.57447209,0.030900123,0.013289371,0.087091169,0.014917228,0.56295452,2.4941271
0.77503741,2.2781498,0.56532964,0.031310021,0.011397416,0.071194052,0.014312294,0.51750644,2.4677785
0.78519941,1.3397294,0.54211238,0.038482731,0.034153346,0.074399559,0.011022307,0.58037119,2.2855125
0.79790419,1.6250452,0.46849992,0.036600712,0.02084682,0.062991253,0.014779952,0.47370754,2.2418072
0.82742447,1.9574945,0.49727998,0.029588476,0.019630587,0.077297825,0.01052519,0.50393038,2.4368689
0.83440038,1.5658598,0.56124669,0.04139967,0.015132889,0.077609927,0.010758723,0.63045537,2.4605604
0.82898633,1.8837926,0.54481967,0.040612897,0.017241795,0.081781772,0.010310035,0.51860828,2.4651699
0.82905732,2.1244058,0.48406134,0.028190303,0.026232826,0.091442429,0.011404977,0.60529619,2.4418677
0.8400639,1.4640966,0.52792406,0.036503383,0.016613743,0.09921312,0.013090434,0.57088771,2.4297049
0.82341614,1.9130592,0.47937941,0.040123361,0.021985942,0.079895809,0.011047128,0.66472252,2.3395715
0.82381524,1.986025,0.47839131,0.041803995,0.026054672,0.072108429,0.010557735,0.67864405,2.3393612
0.83701292,1.6826489,0.50377632,0.032887721,0.013359569,0.097856581,0.013671371,0.56292688,2.4244068
0.82260283,1.9711294,0.49321857,0.034727111,0.021517369,0.095889058,0.012208682,0.51558865,2.3937437
0.81407793,1.5124231,0.50634381,0.038331528,0.014438041,0.06371127,0.012496295,0.66603066,2.324681
0.8289339,2.0125607,0.52733821,0.034351189,0.032636727,0.097105433,0.010135395,0.55375398,2.4812686
0.81423443,1.3557172,0.52754034,0.047301641,0.010583759,0.08136413,0.019925124,0.52969205,2.2997958
0.83539227,1.6115103,0.49282419,0.026758985,0.010306443,0.084227035,0.010307695,0.52154759,2.4218921
0.81466539,1.599612,0.49357764,0.05206046,0.010173892,0.059784314,0.011411016,0.59695928,2.257012
0.81202284,1.6396271,0.50493178,0.019498687,0.013187233,0.075589128,0.012316951,0.61250272,2.4230443
0.76254781,1.8220797,0.5818443,0.035164037,0.019273762,0.05865555,0.011406267,0.51883776,2.376504
0.79871722,2.0420867,0.5529791,0.035808184,0.015256919,0.079721404,0.011227428,0.4910439,2.4480259
0.85265547,1.4475351,0.5240454,0.040083437,0.024402415,0.089268266,0.012478995,0.63079264,2.4360919
0.83810114,1.3747754,0.4035683,0.040126125,0.019920581,0.07589807,0.011763507,0.47560187,2.2000523
0.81123245,1.7669932,0.44557611,0.047070951,0.038969208,0.078256411,0.011356995,0.53046582,2.2095112
0.82706526,2.0726611,0.46031985,0.049919328,0.023035239,0.082086227,0.022105403,0.57836648,2.2905255
0.77435265,1.6286612,0.55258314,0.028287959,0.011563464,0.056333742,0.010194346,0.5574535,2.3630284
0.87609421,1.8431053,0.46421979,0.043280362,0.011513285,0.098677155,0.014066594,0.54436246,2.421553
0.86128294,1.9152457,0.50968794,0.029971272,0.012173331,0.099257355,0.011918667,0.58905768,2.5409989
0.82359722,1.5174794,0.53082458,0.035958952,0.020182802,0.084011104,0.015864276,0.53257032,2.4015663
0.82772153,1.8413671,0.51704041,0.024764459,0.012792949,0.095268166,0.010807341,0.7646198,2.4857738
0.81487872,2.2174933,0.52144589,0.018097726,0.01746861,0.08616497,0.010071053,0.63895985,2.547123
0.79503798,2.0862378,0.50924328,0.020898939,0.015345975,0.066567948,0.010043699,0.62968043,2.4363815
0.83623898,1.506411,0.50371822,0.044457347,0.017814325,0.096368414,0.024567832,0.52412012,2.3482011
0.83304355,1.523631,0.48631951,0.042168458,0.01523479,0.093022497,0.017690068,0.53092734,2.3240417
0.83289639,1.4375872,0.42519457,0.026827413,0.017563531,0.07621724,0.012221667,0.50983922,2.2786894
0.79820079,1.6724597,0.48177946,0.029124176,0.01276199,0.068134884,0.015484827,0.55377215,2.3027252
0.82086686,1.8272538,0.5768266,0.035036052,0.017371703,0.092917523,0.010054458,0.66800136,2.5238272
0.81410125,1.6900318,0.46389137,0.036123922,0.01645736,0.076188186,0.018784711,0.56186225,2.28316
0.79223275,2.1040358,0.47342526,0.049509216,0.017181563,0.055705893,0.012392853,0.46209048,2.2335186
0.83826186,1.5633616,0.52874784,0.034741986,0.016744851,0.092559269,0.011121006,0.56336353,2.4478213
0.8396192,1.6599794,0.50744488,0.033325787,0.015931455,0.09597229,0.01758681,0.54791869,2.4327869
0.84978238,1.5732939,0.4867124,0.040801586,0.034330178,0.08674207,0.010477408,0.67608508,2.3778274
0.83559224,1.6454543,0.47647196,0.0375437,0.015349373,0.091346759,0.010083678,0.54123605,2.3473237
0.79331639,1.8654127,0.50259276,0.041800488,0.013785313,0.076466942,0.019954766,0.61054369,2.2920639
0.81546995,1.8937785,0.55596668,0.033178458,0.011931975,0.075896564,0.010979655,0.53240237,2.4903412
0.81488177,1.7415879,0.50797583,0.035334379,0.031722138,0.078118309,0.014238816,0.59117077,2.370676
0.840318,1.7064907,0.45517005,0.043985332,0.018969834,0.097778458,0.011975503,0.59113023,2.3020356
0.80844519,1.8367118,0.50986551,0.031645546,0.015028897,0.072596981,0.01036064,0.5182248,2.3868091
0.78455071,2.0898237,0.53567549,0.039999731,0.022678586,0.082942096,0.017078352,0.57955953,2.3648432
0.79407704,1.7412179,0.56023541,0.038954289,0.015649423,0.072319307,0.010772251,0.59924011,2.3907032
0.85117655,1.6478499,0.49717067,0.037513045,0.025386562,0.090576871,0.011163826,0.54569838,2.4226381
0.84166304,1.8847405,0.44261487,0.044279048,0.023185097,0.080330162,0.013317815,0.44595276,2.2999143
0.81191572,1.5726033,0.5604184,0.031215358,0.015922203,0.083502635,0.010485731,0.69487888,2.4535373
0.82037393,1.4979606,0.59584186,0.039899901,0.032793648,0.086138292,0.011442431,0.71818951,2.4799577
0.81096581,1.5141012,0.486124,0.017933355,0.01052064,0.078110544,0.011128287,0.62952169,2.3781262
0.81926647,1.432339,0.51202151,0.021293806,0.0103988,0.079798157,0.010704366,0.55052245,2.4197934
0.85080257,1.5176487,0.44475315,0.057068953,0.016813686,0.082086735,0.014358753,0.52210935,2.2428786
0.78300671,1.7432781,0.50824837,0.02505382,0.011551247,0.063268568,0.011498189,0.50218026,2.338203
0.84942883,1.9891751,0.49675732,0.039966101,0.015377286,0.099680684,0.016817801,0.47285645,2.4453449
0.79735113,1.7191392,0.47384584,0.020920786,0.01436097,0.066338425,0.011368834,0.67957571,2.3294617
0.83695305,1.6679769,0.49581842,0.019166642,0.010292012,0.080718148,0.010266132,0.61676653,2.4766681
0.82138263,1.78238,0.53283593,0.020427184,0.010202899,0.084984202,0.010202329,0.62357533,2.5151933
0.86791083,1.3560782,0.49256696,0.021528337,0.010132487,0.091535037,0.010506141,0.60575547,2.5020363
0.77059083,1.4922242,0.51958178,0.021906345,0.025042138,0.057020347,0.011427821,0.59586957,2.3088637
0.81886524,1.6129725,0.56416362,0.038227643,0.012231385,0.082631805,0.011551887,0.56016907,2.4477822
0.8273487,2.0249711,0.42351816,0.038287981,0.012592084,0.076449534,0.013486185,0.53716271,2.2685616
0.82944808,1.8158011,0.57826216,0.034452243,0.013760166,0.090534814,0.011769813,0.56576986,2.5507874
0.80328736,1.9816197,0.53223975,0.046166167,0.048574144,0.094915035,0.013879111,0.67647444,2.3631815
0.80819389,2.015519,0.49906056,0.037384542,0.051980254,0.096177317,0.017090457,0.63713664,2.3608683
0.85299543,1.6344001,0.49942894,0.030352802,0.011964491,0.097584467,0.010311014,0.50287916,2.4642261
0.78599691,1.55594,0.52263264,0.042129738,0.028557478,0.089124835,0.011368651,0.65252592,2.2680505
0.82270398,1.7483421,0.51379894,0.050991861,0.051061263,0.082765507,0.011827025,0.56486423,2.33023
0.8154093,1.871609,0.60361768,0.029861522,0.010440478,0.083239918,0.010629142,0.57127419,2.5961868
0.81023447,1.9144437,0.59041124,0.044182417,0.019848038,0.092226107,0.012389538,0.61262421,2.4849011
0.80235265,1.6673827,0.5975547,0.02915198,0.013712808,0.07584345,0.011974966,0.63393323,2.5201316
0.76936848,1.8194103,0.55071282,0.026486207,0.011064317,0.060250572,0.011261919,0.54574148,2.3828245
0.85594605,1.7070916,0.48208468,0.034494462,0.013779022,0.099929746,0.012572325,0.65660753,2.4288002
0.84372911,2.0999522,0.56355075,0.03813554,0.017340399,0.099641949,0.012378104,0.51310132,2.5818957
0.87096473,1.2633351,0.51514422,0.03472175,0.010316476,0.096667977,0.012179357,0.63322318,2.4717339
0.83074823,1.9051082,0.41034785,0.040025074,0.043483064,0.073522254,0.010654942,0.45003842,2.2366682
0.81271971,1.5154213,0.53089664,0.03511475,0.011417503,0.068283591,0.015728243,0.57430045,2.377369
0.83063632,1.8644105,0.51529305,0.035399182,0.027695874,0.079469434,0.010098476,0.66438177,2.4389069
0.82002666,1.7704568,0.50377663,0.037968376,0.035905978,0.084047987,0.010034,0.61885755,2.3675592
0.84926415,1.7765382,0.44974837,0.039640773,0.010933541,0.080023388,0.021698059,0.52825644,2.3394635
0.83456911,1.8750042,0.44143753,0.049871032,0.016836036,0.066606398,0.011032073,0.62508928,2.2580788
0.78146694,1.83566,0.52163,0.025039036,0.016612739,0.080977122,0.015324188,0.63056671,2.3706987
0.83664531,1.5504395,0.45204017,0.038146537,0.012878204,0.074723407,0.010260612,0.59309772,2.2966508
0.81504242,1.5717094,0.42303787,0.037134803,0.010978695,0.065792676,0.010176962,0.60955427,2.2025291
0.82691257,1.335159,0.43710342,0.04042333,0.011652753,0.04978444,0.010241296,0.6869123,2.2199658
0.83817008,1.5011994,0.56692308,0.036228246,0.020139214,0.099298578,0.010008582,0.61141662,2.4977114
0.84134512,1.4069216,0.51358133,0.040021499,0.023748343,0.096144719,0.010002977,0.57680004,2.3854604
0.81212891,2.2266907,0.48403245,0.033448304,0.015224024,0.065038534,0.010023932,0.61813046,2.3853617
0.81853082,1.3846236,0.56226723,0.036440289,0.024928047,0.084664683,0.011035871,0.60354216,2.4205559
0.82985269,2.4285081,0.45221148,0.037814936,0.017197893,0.08410775,0.013279087,0.54096433,2.3690085
0.84125294,2.2699504,0.50491497,0.026040494,0.015623093,0.084709007,0.011338623,0.62079423,2.544632
0.8316648,2.1697223,0.41100053,0.047739361,0.011008462,0.088097875,0.012646004,0.6523483,2.2331921
0.83578404,1.6850171,0.55499582,0.029413467,0.010736382,0.078789636,0.010862717,0.53088374,2.5328578
0.83428811,2.1714455,0.37640481,0.045763138,0.011998671,0.062728479,0.010471746,0.68518772,2.186618
0.81588675,1.9566219,0.54468365,0.037601212,0.012427159,0.077856022,0.021224585,0.51153518,2.4561534
0.8294649,1.7810953,0.51300679,0.039886102,0.019865415,0.084975446,0.010082977,0.55587706,2.3999995
0.8646891,1.4109646,0.4331407,0.039697733,0.013402783,0.08903627,0.010137496,0.69783573,2.3151417
0.86136324,1.4288342,0.51687782,0.033322246,0.014195041,0.092548957,0.010359447,0.67103549,2.4770863
0.81443178,1.7743542,0.47580922,0.030432971,0.035970099,0.093195283,0.01432842,0.51976305,2.3388042
0.83347442,1.5607545,0.45345797,0.038656204,0.019356271,0.095348412,0.010845413,0.55293546,2.2900853
0.81849024,1.8471956,0.52603688,0.023677658,0.019874272,0.074582192,0.011048368,0.62911018,2.485382
0.80842188,1.4608066,0.55774821,0.043625978,0.015426675,0.084623727,0.011287985,0.71677037,2.362211
0.81025837,2.0927501,0.46533016,0.030438975,0.032217837,0.081492388,0.012151193,0.49902642,2.3435889
0.79996351,1.8472537,0.52718227,0.034267497,0.020606517,0.076300113,0.016472329,0.45243127,2.3849539
0.82616966,1.6237897,0.40493684,0.044701775,0.013479426,0.057982268,0.010658961,0.54092734,2.177162
0.82077498,1.7026878,0.59226041,0.033260565,0.016829588,0.083082646,0.014623159,0.50394591,2.5427325
0.77199055,1.6042648,0.51657777,0.03117409,0.013197841,0.057522098,0.013051888,0.57339697,2.2776683
0.79755207,1.5623199,0.53197397,0.037724639,0.011095219,0.060640802,0.010827469,0.56441014,2.3336203
0.83248492,1.7605531,0.49257728,0.033434524,0.042400531,0.096045115,0.012211709,0.59373165,2.3993001
0.82245476,1.820958,0.47167941,0.041261956,0.051812598,0.096761055,0.012391063,0.52185174,2.3089833
0.85497273,1.8876557,0.48232608,0.032978898,0.016908203,0.095493939,0.013910703,0.60369126,2.4540803
0.84629447,1.9645041,0.48616831,0.038779094,0.017269104,0.094780545,0.011582347,0.59750366,2.4206685
0.84223274,1.5309949,0.42734757,0.032122416,0.018792346,0.072490943,0.013059556,0.55790992,2.2920625
0.8052573,1.7581462,0.57948627,0.032440595,0.015618633,0.092914841,0.011734752,0.62064826,2.4908416
0.80131382,1.4005574,0.56195964,0.03705284,0.013007165,0.060617697,0.010811316,0.64518702,2.3740183
0.80988085,1.3784797,0.55308926,0.037197033,0.014752576,0.072849696,0.011371403,0.6435168,2.3783205
0.83264697,1.6812867,0.48685873,0.05105275,0.016675598,0.088151997,0.011293253,0.56954586,2.3033775
0.84087568,2.0384045,0.52148562,0.027052244,0.021496209,0.095429113,0.010566528,0.59894852,2.5425557
0.82232449,1.607948,0.55682645,0.031485217,0.013832999,0.085272624,0.01502207,0.51628326,2.4783872
0.83526876,1.7615046,0.42864992,0.052067938,0.018155149,0.060634545,0.010396821,0.50752987,2.2209214
0.81454926,1.7828171,0.54260061,0.032382078,0.014987483,0.095785695,0.010218229,0.69556173,2.4518281
0.79734926,1.5817033,0.53787928,0.029808313,0.013448141,0.070966154,0.011426489,0.5474942,2.3840329
0.79917915,1.8265913,0.47392622,0.029158351,0.014865881,0.086971166,0.018004089,0.56257071,2.3082996
0.83598246,1.768835,0.46350035,0.042729941,0.014143027,0.07800692,0.012942809,0.58615681,2.3167719
0.89300832,1.7470312,0.36499392,0.039176418,0.016918913,0.08821835,0.014775837,0.55918902,2.2973655
0.7768165,2.1380148,0.63031835,0.035917302,0.015580186,0.089700037,0.011146263,0.57408406,2.5525851
0.77367707,1.868773,0.60977987,0.037316962,0.028018859,0.081898029,0.020667906,0.6996595,2.4521978
0.81511247,2.0319479,0.52919584,0.041747376,0.018536333,0.08935456,0.010646401,0.67621583,2.4150626
0.85868831,2.0144683,0.45075585,0.040052795,0.01294364,0.087048609,0.01475803,0.66082074,2.3857815
0.80408069,1.4329568,0.54283803,0.034832135,0.010140557,0.070354819,0.010451417,0.5219475,2.3653408
0.82312485,1.5617208,0.5588483,0.029470297,0.010079534,0.079247729,0.010732255,0.44430014,2.4882833
0.80138048,1.9771595,0.49741225,0.037376887,0.010093514,0.071087287,0.013178374,0.54004917,2.3361693
0.80784096,1.4130373,0.54348637,0.04504779,0.0533359,0.094922062,0.011627676,0.55770089,2.3253027
0.8302825,1.5219641,0.55253674,0.044718215,0.010336257,0.075866447,0.010399814,0.58747521,2.413051
0.78710764,1.9411212,0.47092741,0.031197158,0.011514911,0.064631535,0.016504257,0.53042107,2.2758665
0.84856953,1.6246189,0.53698823,0.042009853,0.012895024,0.073779472,0.010790855,0.57092128,2.4605293
0.7625686,1.4373731,0.51996433,0.031905456,0.043142469,0.080647836,0.020841183,0.55681779,2.2344991
0.78363852,1.8614387,0.5402397,0.025714999,0.013060569,0.069926421,0.010544572,0.63290617,2.4112741
0.84566789,1.3649635,0.46085858,0.025122935,0.014761122,0.096155936,0.01169786,0.53189427,2.3720802
0.82913752,1.4173877,0.40583726,0.024319581,0.023624402,0.084227766,0.010530527,0.51796231,2.2450598
0.82773885,1.5094343,0.51131569,0.030196169,0.016449952,0.072311008,0.013579495,0.59779218,2.4058854
0.82275963,1.7917743,0.51221477,0.029507287,0.015458641,0.089150226,0.011139871,0.57504307,2.4330449
0.81089789,1.5971718,0.49539432,0.038116268,0.030464797,0.090153334,0.01994501,0.54562277,2.3093574
0.81451636,1.8693699,0.5116805,0.033217492,0.010326974,0.063094459,0.010067677,0.59943872,2.402176
0.81197002,1.8616704,0.51306237,0.037610922,0.010305823,0.051625077,0.010060217,0.59129439,2.3761883
0.81096857,1.509388,0.4603099,0.03281015,0.048620722,0.092619593,0.011675928,0.55853375,2.264818
0.80828907,1.5324339,0.46530121,0.032992024,0.042530284,0.093874698,0.010993038,0.54796683,2.2679879
0.82780968,1.5787326,0.52593233,0.030234894,0.019654772,0.08263463,0.011515821,0.48923,2.4402978
0.81873032,1.5942356,0.46216956,0.040688087,0.017917017,0.075305411,0.013347055,0.59724658,2.263009
0.84654173,1.5130597,0.50260297,0.036582013,0.018565103,0.087441208,0.011035881,0.55471285,2.4089908
0.77905916,2.0538333,0.52926189,0.03390987,0.017758217,0.067210652,0.010497908,0.57935448,2.3635177
0.809795,1.6138974,0.55938962,0.040172117,0.021964483,0.077528665,0.015647181,0.53114077,2.4063085
0.84018494,1.8025124,0.53394095,0.040816219,0.023434847,0.092377218,0.011795365,0.659384,2.4626028
0.84008916,1.8029655,0.52525754,0.027782053,0.027024751,0.098672771,0.011912284,0.58242188,2.5130853
0.80459795,1.6213545,0.52156732,0.047432725,0.020213251,0.094730354,0.022251053,0.57589281,2.2979987
0.7637933,1.8712228,0.63411477,0.024328345,0.014838739,0.075058482,0.010174908,0.64184955,2.5451328
0.77892966,1.6554561,0.62830225,0.041016163,0.016963652,0.057637691,0.010216654,0.74343825,2.4433957
0.79331335,2.1353402,0.56195789,0.030184866,0.022304505,0.091232596,0.010847303,0.54490709,2.4944385
0.8437239,2.2730837,0.46505818,0.04944974,0.025699226,0.079952721,0.016485243,0.51919805,2.3612991
0.82470067,1.8345073,0.45664934,0.042409423,0.013368126,0.063875499,0.011399494,0.46054552,2.2853946
0.84177661,1.6972103,0.50002131,0.03759274,0.010110251,0.092397165,0.011888056,0.66203599,2.4091947
0.84259801,1.8813584,0.52204096,0.037582699,0.010095713,0.092697451,0.016439772,0.66669635,2.4733017
0.78053245,1.5983315,0.48461664,0.027038659,0.021896229,0.08704476,0.010446593,0.50507525,2.2634432
0.84920147,1.7039756,0.48978971,0.035806791,0.01506619,0.097904035,0.010056753,0.56827757,2.4190483
0.85693691,1.7039772,0.41781577,0.03180412,0.011697696,0.088536689,0.012269094,0.64749526,2.3281743
0.86982543,1.5905455,0.48829782,0.052102146,0.023585224,0.077236948,0.01111185,0.39687368,2.3825086
0.87078202,1.606809,0.48128075,0.046847442,0.024054588,0.080058492,0.011276737,0.38689827,2.3977676
0.86558279,1.6656524,0.48448686,0.042291311,0.015522794,0.088667373,0.010898854,0.38943399,2.4167893
0.84990447,1.7319895,0.47267895,0.039782188,0.013798361,0.094618745,0.011365363,0.6232079,2.3757372
0.79967579,1.8470316,0.50921525,0.037519625,0.013619793,0.062934246,0.010504714,0.57529901,2.3367144
0.82602328,2.0182273,0.49239262,0.021627432,0.011600787,0.084291791,0.010754997,0.74617292,2.471218
0.83145284,1.9460649,0.49204681,0.023058779,0.013058258,0.091491191,0.010487547,0.66441986,2.4685414
0.77062742,1.6745859,0.5371936,0.024773819,0.028819854,0.072480221,0.013521279,0.57683479,2.3500821
0.85531358,1.7811127,0.47417029,0.054725664,0.013049741,0.095375817,0.01170405,0.51896105,2.3332763
0.84836007,1.8044786,0.48737177,0.035786149,0.023683858,0.077711443,0.01473795,0.546486,2.4240324
0.83526234,1.6360666,0.47259748,0.036929122,0.011427525,0.088352832,0.011210968,0.53405703,2.3415878
0.82313607,1.7243759,0.45510892,0.029741859,0.026848737,0.088302804,0.011957849,0.5539193,2.3214958
0.82882593,1.56414,0.51659403,0.034224037,0.014888102,0.08310644,0.012415411,0.66114823,2.4050272
0.8018111,1.9747572,0.5171616,0.043992317,0.028619558,0.064647962,0.010053215,0.45887978,2.3420575
0.85289401,1.2992285,0.45347412,0.031006724,0.017048718,0.083354891,0.010102863,0.58041745,2.3449364
0.82334388,1.3474451,0.51695764,0.03192237,0.01673113,0.079386015,0.017983272,0.54346934,2.3757583
0.80349833,1.3309729,0.47791145,0.037902548,0.028558127,0.083747159,0.010575141,0.56868951,2.2344042
0.83820112,1.7941341,0.56496849,0.041218405,0.037974929,0.095028914,0.011886218,0.74676032,2.509918
0.79705861,1.6895894,0.53274715,0.040685303,0.020065694,0.091365663,0.011260957,0.70078253,2.3361973
0.82411428,1.7141736,0.46612092,0.041229804,0.048008096,0.087095702,0.011768203,0.62550579,2.2927152
0.83549825,2.0446276,0.47756864,0.045398817,0.011887255,0.077865203,0.014367061,0.554956,2.357374
0.80228706,1.8838064,0.53715439,0.030897324,0.019515676,0.072576312,0.010671739,0.64984475,2.4310081
0.78530123,1.9716976,0.54386028,0.0327764,0.019798943,0.081329463,0.011079689,0.73360813,2.4014909
0.79293339,1.8237385,0.55753979,0.030962093,0.025432428,0.069493349,0.016970343,0.78607699,2.4353714
0.79229086,1.5851398,0.58650952,0.026786787,0.012147324,0.08478767,0.010608706,0.64863643,2.4729439
0.83069768,1.2340064,0.49342241,0.029211784,0.016621606,0.077087761,0.010437476,0.53406851,2.3553495
0.81905547,1.8530676,0.50951419,0.040722177,0.02197827,0.082281454,0.016031276,0.61069764,2.3723005
0.81643746,1.6542465,0.49734068,0.037200471,0.012037402,0.074747421,0.011812997,0.59440187,2.3372763
0.82430548,1.6663137,0.45885615,0.039594581,0.035265496,0.08434214,0.01532431,0.60646735,2.2830032
0.79030095,1.3734804,0.56619775,0.0345876,0.014573847,0.067057111,0.012705927,0.63623901,2.3602461
0.81662786,1.0212764,0.56942205,0.032127051,0.015099609,0.081806671,0.01199967,0.54788223,2.3972496
0.81830333,2.3728166,0.53027959,0.032062867,0.017034598,0.096485446,0.012338248,0.51429148,2.5193481
0.81197801,1.1467447,0.56239225,0.045781183,0.016321058,0.069722178,0.010201297,0.48456933,2.3257392
0.85158231,2.2585808,0.51894761,0.036413705,0.026109251,0.09365353,0.012628309,0.61193203,2.5441387
0.84474108,2.217587,0.51008782,0.037776461,0.02981155,0.09350898,0.011946713,0.61483799,2.4969446
0.82249262,1.1666878,0.54868706,0.028043851,0.011076055,0.061362009,0.01256121,0.53404611,2.4213381
0.83418051,1.1727369,0.55507957,0.030503566,0.011419652,0.059461074,0.012957341,0.53790715,2.4509603
0.78843009,1.3683277,0.46753347,0.039576917,0.022127547,0.08239307,0.013594808,0.59646257,2.1781998
0.84671865,1.6978719,0.49582593,0.039143005,0.013917304,0.084737939,0.011034963,0.56751445,2.4071913
0.82108298,1.5864157,0.48893134,0.03941506,0.014915748,0.067231062,0.011346998,0.45857289,2.317311
0.84260308,1.7419163,0.54088328,0.037898272,0.014327449,0.095202009,0.011237862,0.63799168,2.4879693
0.81478081,1.6527023,0.45338814,0.044076078,0.019869603,0.068074138,0.012366666,0.50558563,2.2313615
0.75872951,2.0913524,0.5918201,0.029040127,0.023562828,0.081531757,0.013429828,0.6006593,2.4596805
0.86961019,1.2678446,0.42528854,0.038861652,0.019440882,0.084573415,0.011569206,0.54038821,2.3054189
0.84385965,1.383477,0.48778526,0.045240213,0.010751479,0.087864439,0.01077262,0.6458207,2.324942
0.83931715,1.3877023,0.48505821,0.045796727,0.010970553,0.088466945,0.010822176,0.61541017,2.3075826
0.8009994,2.0107847,0.50157246,0.023694063,0.015467905,0.090746925,0.011732345,0.51159675,2.4127789
0.81944728,2.1386441,0.50629764,0.019707921,0.022804242,0.096394871,0.011333385,0.66512336,2.5077884
0.8116272,1.8003303,0.50486641,0.017267307,0.025266271,0.094509582,0.012346966,0.6461077,2.4538637
0.81235802,1.8975559,0.50516976,0.020553821,0.024123873,0.091582541,0.012297528,0.43266851,2.4514869
0.81351764,1.7698946,0.54660273,0.020192889,0.022817839,0.086433403,0.013298342,0.46646004,2.5204646
0.84116598,1.936505,0.5933612,0.047283094,0.017456758,0.095795145,0.014546714,0.61205064,2.5578777
0.82952474,1.754805,0.55670643,0.050463313,0.03248807,0.098502158,0.01434444,0.64099061,2.4216721
0.78912283,1.5084524,0.45628027,0.024710553,0.018759051,0.076950138,0.011946437,0.5728878,2.2374677
0.8076876,2.0312912,0.62828191,0.043100398,0.028553643,0.08188379,0.011781875,0.58298661,2.5724601
0.77803399,2.3450414,0.56185258,0.031195324,0.01676269,0.084079653,0.015192064,0.62486029,2.4793095
0.85850372,1.2285416,0.43614855,0.026708208,0.023080023,0.089576742,0.010534848,0.55474336,2.3420192
0.81156741,2.5608407,0.593572,0.03780841,0.01059167,0.091275426,0.012285234,0.61898964,2.6306631
0.82718577,0.91977469,0.42895503,0.03226642,0.024725141,0.085704805,0.011310956,0.53239502,2.2028439
0.7946546,1.141764,0.48599318,0.029466006,0.047383934,0.080712107,0.012653783,0.48494283,2.2396522
0.83053992,1.6902773,0.54240182,0.048788531,0.011524073,0.061222129,0.013401785,0.69045834,2.3997691
0.82013957,1.607313,0.47112954,0.02573586,0.039180293,0.077531032,0.010093545,0.45460989,2.3481303
0.78785891,1.8823346,0.55245689,0.037405267,0.012669994,0.055964565,0.013335008,0.61729421,2.3882648
0.8554803,1.5393078,0.48612944,0.039581715,0.01199604,0.088288415,0.013670044,0.60931595,2.392838
0.81579392,1.4627938,0.52642241,0.031555546,0.014767983,0.086234323,0.011101662,0.52851498,2.3883181
0.81836961,1.6251841,0.52292222,0.027930283,0.016179148,0.074332513,0.010859177,0.5760293,2.4278985
0.8090906,2.00054,0.47496866,0.046474604,0.017806727,0.079491637,0.010171423,0.59776194,2.2787859
0.82335017,1.3049016,0.51309839,0.043325386,0.03067735,0.095999782,0.012857269,0.60863331,2.3121905
0.83035621,1.4694452,0.51620524,0.045818091,0.019438481,0.098910125,0.011164478,0.63692451,2.3430454
0.83612822,1.3983092,0.47799412,0.032409602,0.022478122,0.099518045,0.027205199,0.51622135,2.3474635
0.82755817,1.4694727,0.52404064,0.026451766,0.042513031,0.099114494,0.013396469,0.46680493,2.441385
0.81437277,1.3478838,0.45657335,0.028614444,0.013575436,0.097806417,0.022032167,0.49945812,2.2685811
0.8361199,1.541418,0.51169553,0.024155241,0.015752373,0.09646181,0.013557811,0.51126013,2.4626764
0.77548071,1.9260517,0.53420306,0.031920603,0.014151147,0.055771959,0.010951378,0.67947207,2.3560395
0.88816173,1.5495591,0.41946862,0.044601478,0.03230622,0.098267033,0.011610421,0.45648213,2.3420886
0.86006928,1.9990145,0.4351301,0.041414413,0.019880698,0.091175529,0.012110402,0.50169615,2.3535179
0.82479852,1.4905708,0.47353628,0.035265607,0.021316006,0.085062262,0.012476724,0.52079394,2.3088375
0.81069351,1.9933636,0.5641461,0.039923679,0.019900931,0.086485177,0.011912135,0.65662028,2.4719747
0.82565232,1.8513012,0.57322608,0.049206546,0.013331529,0.084296926,0.014255919,0.71256262,2.4595014
0.76674486,1.7896174,0.56666912,0.021621493,0.012336176,0.06009139,0.010825446,0.51798391,2.4269486
0.8167351,1.997713,0.57434933,0.041662013,0.019085805,0.089925207,0.010302651,0.80575261,2.4982156
0.80583612,1.9412338,0.54174222,0.035018851,0.015141054,0.072163218,0.016383259,0.67246057,2.4356091
0.7799564,1.9173074,0.60122699,0.031323104,0.034893117,0.091280823,0.010271586,0.65785963,2.4942819
0.86855519,1.4376022,0.45965677,0.047783955,0.015360969,0.067515242,0.01751566,0.48448137,2.3365091
0.77130463,2.1936123,0.56831642,0.024335302,0.031900502,0.077941105,0.01026494,0.6631599,2.4893591
0.80951683,1.474469,0.58950797,0.042630885,0.016371047,0.067885041,0.012143946,0.55087584,2.4230603
0.79263477,1.8214147,0.57008265,0.039678694,0.016706723,0.078037207,0.014337875,0.5182314,2.4119974
0.85694824,1.922049,0.48394083,0.041250584,0.024085676,0.092314684,0.011806362,0.51063345,2.4270802
0.81997344,1.4290703,0.585792,0.033674596,0.029637707,0.096856022,0.01538926,0.62325402,2.4846916
0.84739467,1.7948465,0.52345643,0.037711751,0.024451664,0.094944128,0.012921461,0.60843358,2.47661
0.80846587,1.5101977,0.55732241,0.036868835,0.014010276,0.075544704,0.012269792,0.67678899,2.4013553
0.80713697,1.4540583,0.55674266,0.049571377,0.013250297,0.070733474,0.015693929,0.604656,2.3287215
0.83935985,1.5629993,0.56805137,0.039076807,0.016627689,0.077325144,0.010987107,0.65089392,2.4966636
0.79158305,1.846971,0.52241193,0.040769777,0.019829882,0.080555963,0.012463716,0.60447411,2.3242082
0.78243665,1.8736711,0.53875533,0.041691371,0.026527483,0.077892187,0.014233507,0.55808075,2.3283163
0.8132436,1.8835469,0.54630517,0.031226901,0.01286719,0.085678026,0.010500405,0.72486709,2.4751833
0.84929867,1.6025088,0.41321884,0.039942638,0.014192973,0.071121444,0.01576372,0.4875401,2.2611392
0.88101833,1.4249846,0.47088125,0.032348062,0.010981642,0.091271242,0.010622596,0.54627977,2.4517593
0.78160719,2.0700939,0.55636888,0.030335343,0.013941572,0.066022412,0.016187305,0.57094591,2.4420597
0.86379075,1.4061524,0.44397617,0.045446603,0.023222219,0.085449588,0.010570718,0.55731802,2.306873
0.77444752,2.0390103,0.6240817,0.030120466,0.010500762,0.07446563,0.010699472,0.59655881,2.5505184
0.74191355,2.1253171,0.58237301,0.041154482,0.011781888,0.050388785,0.011123136,0.67926385,2.3390115
0.77129514,2.1666783,0.58754799,0.041892158,0.014896388,0.068772663,0.013879053,0.63314443,2.4281576
0.85588195,1.5324258,0.43427178,0.042137803,0.031951773,0.08314837,0.01379458,0.47937471,2.2967619
0.83682541,1.5209783,0.56727218,0.030609105,0.012525682,0.073762382,0.01158764,0.67335994,2.5278235
0.82072469,2.1066175,0.47929483,0.048109333,0.020289806,0.094422996,0.011659304,0.68352664,2.3192433
0.84512498,1.8365203,0.48876011,0.038463692,0.026476082,0.088789111,0.012139109,0.62683959,2.4095438
0.85610866,1.8126382,0.45631568,0.044199285,0.029397255,0.09483015,0.012688912,0.62237975,2.3519245
0.85258951,1.8845614,0.4616061,0.040249395,0.014860595,0.092833985,0.013927133,0.55902531,2.3766112
0.8104877,1.7890833,0.52089324,0.04200558,0.022243782,0.052128752,0.01076157,0.4920222,2.3566844
0.82315941,1.3905596,0.52659712,0.029794769,0.015301962,0.0936271,0.010921985,0.64122988,2.4072371
0.81346157,2.0578484,0.49061697,0.046634126,0.012574283,0.060057874,0.011935719,0.47450083,2.3223488
0.86915137,1.7754676,0.44248586,0.031993077,0.026623051,0.095663136,0.011521157,0.59549786,2.4084162
0.76357616,1.9875229,0.51047862,0.023784661,0.02403407,0.078229674,0.011533847,0.49742976,2.3287573
0.80117085,1.6040931,0.58738953,0.048698389,0.016197882,0.090616671,0.011860973,0.79398169,2.3868806
0.8107868,1.9601184,0.45649466,0.02726338,0.014004488,0.089152984,0.011697396,0.46216894,2.328438
0.82322528,1.7845552,0.49410481,0.019998779,0.014461094,0.098995809,0.014316875,0.63768056,2.4472503
0.87430841,1.9430901,0.43438079,0.049279891,0.033743884,0.099205598,0.01009174,0.59222387,2.3495161
0.84145804,1.9048089,0.48343619,0.035917667,0.02166727,0.098810085,0.010039685,0.57708201,2.4101151
0.85508267,1.5423974,0.45803441,0.044078949,0.019545287,0.09480279,0.010350042,0.52014755,2.3264065
0.78111962,1.9082233,0.56702559,0.04584143,0.012782184,0.06451796,0.010313428,0.6440741,2.3588784
0.82688947,1.694372,0.48644522,0.022884585,0.02141954,0.097994738,0.014852946,0.53370847,2.4169185
0.83276177,1.6445488,0.48422977,0.036004074,0.015696299,0.065534485,0.01224374,0.43890441,2.3603093
0.84138836,1.8623574,0.44674718,0.033911067,0.021431564,0.094841134,0.013918222,0.5313346,2.3475539
0.85901403,1.4204574,0.48958404,0.0416666,0.014130815,0.09820691,0.011584071,0.45819398,2.3850415
0.77713757,2.0038976,0.62236125,0.032396333,0.010742964,0.059599081,0.010118577,0.67508856,2.5351939
0.80704236,1.7870588,0.49326447,0.040689156,0.011322236,0.06836287,0.020918332,0.56420987,2.3063624
0.80453345,1.5346296,0.60398105,0.028583802,0.015262407,0.073556126,0.010136211,0.65449618,2.5194415
0.83394382,2.0472221,0.41831828,0.038777814,0.037478998,0.086842136,0.019197027,0.60361614,2.275195
0.87117411,1.4886771,0.47787741,0.038087342,0.012235318,0.086048928,0.010088241,0.5491899,2.4194348
0.83942879,1.8249383,0.46164062,0.039371993,0.016082476,0.096395534,0.018235604,0.62423337,2.3419699
0.79764316,1.7187448,0.58648989,0.023968165,0.014133896,0.087344611,0.010027596,0.60069422,2.5245513
0.77460295,1.7950029,0.62960432,0.026292483,0.027872757,0.078988126,0.010007221,0.69085132,2.5413556
0.83136995,2.0884252,0.54588773,0.052542934,0.012853174,0.082794279,0.010636421,0.56408124,2.4419843
0.81300125,1.5172952,0.46099604,0.022612351,0.036249159,0.088422685,0.013033291,0.64251522,2.3165592
0.83614928,1.8546257,0.50144811,0.036058129,0.013164574,0.094775804,0.013898282,0.56705276,2.4232452
0.79989797,1.6143155,0.55485543,0.034093186,0.034109631,0.075267241,0.012956474,0.52902555,2.4031431
0.8158128,1.7011809,0.51131954,0.034680128,0.012231453,0.086524032,0.013554159,0.82551231,2.3771093
0.79921607,1.7574039,0.5415536,0.038845898,0.023999806,0.075204511,0.010113642,0.41362923,2.3743966
0.78449697,1.6300639,0.53391129,0.043992378,0.014792541,0.044974185,0.010224858,0.39835148,2.2833416
0.83003555,1.6106827,0.43477949,0.027307917,0.011596757,0.07517506,0.011210605,0.63286693,2.3021157
0.8404752,1.7540053,0.4885612,0.027933231,0.013975025,0.076963358,0.010282706,0.57576423,2.4380189
0.84260389,1.7289977,0.51582251,0.0271644,0.012607603,0.077864757,0.010167564,0.57947796,2.4954496
0.82069084,2.1528981,0.54230754,0.044932363,0.022497212,0.094575421,0.010182949,0.76862811,2.4538375
0.82133652,2.0151078,0.56328153,0.038701717,0.032479773,0.085364478,0.010142104,0.77519296,2.5076195
0.83957385,1.4579981,0.47668107,0.037602701,0.013612069,0.083499082,0.011164564,0.40573757,2.3373725
0.83907382,1.9149983,0.42340492,0.038244383,0.030657404,0.070165008,0.012057949,0.52499861,2.2871313
0.84078536,2.1822149,0.44311701,0.048722173,0.021544321,0.084876007,0.010570561,0.52389339,2.3087009
0.82099626,2.2225818,0.48493705,0.02720261,0.016442005,0.086453231,0.013692567,0.56696249,2.4393634
0.80792759,2.2632909,0.4919798,0.027397496,0.01442666,0.073716571,0.012932683,0.54551822,2.4240075
0.83271894,1.2943513,0.55273659,0.035395489,0.02616698,0.078349337,0.011208627,0.66316995,2.4349705
0.82665947,1.3940716,0.55599756,0.032438029,0.020682027,0.093272032,0.012388345,0.59149686,2.4533307
0.82642088,1.7556071,0.44849936,0.037044672,0.019937357,0.087815619,0.011027477,0.62956947,2.2900401
0.82981772,1.975988,0.48290364,0.034584092,0.031247326,0.076960778,0.010854067,0.54590515,2.3940136
0.82831234,1.8677371,0.53701392,0.038602366,0.023013731,0.077211226,0.012287269,0.57075856,2.4571982
0.79978149,1.3434439,0.43013773,0.039880258,0.02846891,0.077143036,0.014634041,0.45520471,2.1463866
0.83586723,1.741664,0.53995251,0.035418197,0.023583947,0.094116514,0.012132893,0.59204121,2.4814721
0.85312031,1.8352534,0.43198357,0.03828336,0.026442607,0.083627044,0.010570609,0.55828164,2.3289793
0.79574437,1.5169314,0.56299655,0.026678848,0.011628699,0.072310047,0.015050993,0.57241721,2.4307879
0.79241491,1.6580895,0.59726704,0.041653883,0.011171655,0.067298428,0.010664241,0.67379626,2.4238222
0.81795785,2.0367225,0.42636581,0.03380101,0.020579295,0.079085253,0.015837019,0.48283321,2.2699535
0.78182338,1.817289,0.65460615,0.034120812,0.018159768,0.064137752,0.010114475,0.80793679,2.5654358
0.79008766,1.7063604,0.62740477,0.033211038,0.021366264,0.087414395,0.010047113,0.66774514,2.5241307
0.79800425,1.4972194,0.61834747,0.030823213,0.013465531,0.070802082,0.010176176,0.80182058,2.5078986
0.81186303,1.6363827,0.55355825,0.05307273,0.018083107,0.075592976,0.010319533,0.67535477,2.3439463
0.79285878,1.5142019,0.54444536,0.026884906,0.02091807,0.081277949,0.010570772,0.64363389,2.3891634
0.8226426,1.5288034,0.51686629,0.03228017,0.031139264,0.08545593,0.01064955,0.65513569,2.3945645
0.83967345,1.8908375,0.4841986,0.039358787,0.035999873,0.090943818,0.011894783,0.77149034,2.3896648
0.83709457,1.7623613,0.59013731,0.047667691,0.019802277,0.094870801,0.010393571,0.73742948,2.5132963
0.84128853,2.1467777,0.47840226,0.021841652,0.018486316,0.08903289,0.012743098,0.5148726,2.4963281
0.81768094,1.2344725,0.55664512,0.054691689,0.012076791,0.098148234,0.011388539,0.61404989,2.3034491
0.8889453,1.4455952,0.56851473,0.032154711,0.013673791,0.083851902,0.01181771,0.52011291,2.6494496
0.85089099,1.4191378,0.43350981,0.034548046,0.010884971,0.081210938,0.01051082,0.60646667,2.3035838
0.79866104,2.0324877,0.54762438,0.04249901,0.012383415,0.085516152,0.015301053,0.48605785,2.403061
0.80388843,1.7599548,0.54858755,0.023547901,0.015950871,0.092329371,0.012824063,0.58360907,2.4783384
0.83429396,1.5455388,0.46125601,0.029791692,0.01451587,0.080292969,0.010620995,0.60658958,2.3416938
0.81822846,1.9459283,0.51516697,0.044517076,0.033290562,0.083963109,0.016599761,0.53440694,2.3739154
0.78940692,1.6994377,0.52403881,0.026978495,0.010388199,0.070899101,0.010474422,0.67417429,2.3684027
0.80385987,1.9290043,0.51471298,0.034680295,0.04611587,0.092938296,0.013886601,0.54570449,2.3807392
0.84157238,1.4721948,0.42597117,0.029284432,0.010839124,0.075389539,0.011057108,0.60006805,2.2944421
0.84365664,1.6616526,0.47831794,0.048489606,0.010620052,0.076978836,0.013414881,0.4593604,2.3251137
0.83723589,1.8202753,0.50335845,0.033911512,0.011108912,0.08681985,0.010895295,0.48684526,2.4357528
0.80472756,2.0240349,0.50971569,0.03394797,0.010984492,0.089813218,0.013750905,0.67548119,2.3890645
0.80842277,1.562256,0.51392514,0.041905789,0.029775508,0.085254502,0.010665116,0.47928346,2.3126208
0.83192278,1.8991085,0.52439536,0.031203014,0.012773492,0.073476438,0.012099753,0.64103465,2.4847896
0.83059537,1.3628775,0.50317258,0.026877894,0.010419742,0.093407586,0.013282472,0.57078855,2.3976014
0.8243022,1.6058982,0.49951015,0.034001,0.010239524,0.096460319,0.010293797,0.64037943,2.3700329
0.78457355,1.9507327,0.52328014,0.041009956,0.059997035,0.076050546,0.010257907,0.56094573,2.3198658
0.80885811,1.9646877,0.47205658,0.034360483,0.017590762,0.090489455,0.010183034,0.62662084,2.3211484
0.82534572,2.062174,0.47559449,0.02919528,0.013362489,0.058829077,0.010083767,0.57878717,2.4038352
0.82397522,1.4762425,0.53284747,0.038162895,0.014575387,0.086398953,0.010101913,0.59693754,2.3899884
0.81671875,1.7131259,0.56372757,0.042474791,0.02592599,0.091657381,0.010002819,0.70113744,2.4341022
0.81285554,2.0634392,0.43960095,0.036050046,0.011059966,0.086782621,0.010077941,0.54727533,2.274861
0.81966299,1.5852306,0.55322835,0.041672129,0.011609641,0.083470052,0.010390595,0.70263007,2.4101902
0.81168373,1.5781577,0.52176728,0.043736996,0.011637423,0.088207261,0.011160085,0.71144046,2.3273118
0.80585964,1.9130765,0.47137475,0.031006082,0.030134946,0.096110753,0.013474983,0.46102072,2.3217343
0.81631993,1.8200068,0.53481248,0.038965107,0.03577938,0.093203412,0.012836116,0.4476441,2.4143081
0.84041293,1.7366254,0.61708151,0.038468857,0.01121789,0.08835329,0.011817872,0.64757787,2.6167648
0.80865275,1.933105,0.55681998,0.033537658,0.010987813,0.083519221,0.012539893,0.65918585,2.4776992
0.81032631,1.5534642,0.47442031,0.027593918,0.028124043,0.069268197,0.011857144,0.54502249,2.3145104
0.80622647,1.7106489,0.47225594,0.026766287,0.0225451,0.064680207,0.012996871,0.5595479,2.3212739
0.82381573,1.9896874,0.52119803,0.022737653,0.014284037,0.09676087,0.011970917,0.60162149,2.5139762
0.83978604,1.638945,0.49915072,0.050992989,0.028591599,0.092700847,0.013399897,0.5774658,2.3362296
0.83775884,1.3846233,0.44845592,0.031732234,0.013424692,0.085314791,0.013303583,0.51161903,2.3041794
0.79939698,1.3746212,0.50648492,0.041186719,0.021959939,0.089678723,0.022707957,0.53713259,2.2590709
0.85196491,2.0670467,0.5095816,0.03930122,0.030581467,0.098160394,0.010915335,0.6628077,2.4882933
0.78047435,1.9322637,0.51602635,0.029069429,0.025809355,0.092592911,0.018719055,0.55231555,2.3503271
0.8439852,1.4225082,0.43214824,0.038373357,0.01746467,0.089760532,0.010249101,0.57892424,2.2695104
0.82904372,2.2024873,0.5042032,0.041016538,0.019459319,0.084914376,0.014453636,0.5629784,2.4282639
0.84544426,1.4300488,0.51343628,0.042787095,0.023925958,0.090216954,0.010647088,0.58696761,2.3856195
0.85585644,1.2486816,0.48961143,0.036709403,0.03652612,0.096755789,0.012939436,0.56979366,2.3805433
0.83817605,1.6765201,0.46151253,0.041485773,0.013055239,0.062748285,0.011798082,0.56107823,2.3147225
0.84615076,1.7202048,0.50077382,0.033010583,0.022742332,0.092244928,0.010115306,0.72545645,2.4462595
0.80008771,1.7061859,0.49811917,0.035697236,0.012055724,0.077468159,0.01380076,0.58256072,2.3100083
0.84284244,1.8749472,0.47411383,0.030810102,0.034947957,0.090251311,0.010687053,0.57743815,2.4168996
0.80139044,1.5299077,0.49266007,0.030163322,0.031989532,0.07554891,0.010126113,0.59839982,2.3086067
0.80130175,1.5876973,0.58066547,0.042607932,0.018195764,0.071801161,0.010687297,0.5860763,2.4039028
0.80643748,1.5149866,0.50455546,0.044851912,0.024055926,0.076165719,0.018685219,0.54945159,2.2742703
0.81115766,1.9533464,0.52539972,0.023083479,0.013810052,0.090366603,0.010976761,0.50535186,2.4821371
0.83914978,1.5884743,0.48985491,0.04029897,0.016211161,0.082822264,0.011082455,0.61531488,2.3604257
0.7884341,1.9060556,0.47804181,0.029327673,0.015649483,0.070999404,0.014831651,0.39620167,2.2965873
0.77989901,1.7788087,0.4355768,0.035465985,0.015334215,0.047732367,0.014669577,0.48644005,2.1625257
0.80961706,1.74133,0.5308961,0.040646219,0.012630999,0.077630238,0.012708207,0.40358609,2.3720043
0.80009357,1.6370492,0.44761025,0.032320699,0.022070504,0.060035001,0.015350303,0.57267422,2.2313664
0.8224459,1.6632906,0.47301015,0.024779411,0.016078993,0.074322652,0.012236941,0.59155173,2.3680244
0.80744963,1.5575125,0.52690299,0.026613574,0.038056462,0.087653669,0.011956477,0.57660593,2.4041799
0.82600992,1.37632,0.53129827,0.025667172,0.029214875,0.086532507,0.011288363,0.6579804,2.4418622
0.8297494,1.6819705,0.47968905,0.031890256,0.016738281,0.091720493,0.011342102,0.62832088,2.3676414
0.85282541,1.4672523,0.49552382,0.045137526,0.019554567,0.094611168,0.014701228,0.62058265,2.3689982
0.85067145,1.543337,0.5106816,0.047796024,0.03686485,0.094606299,0.016162883,0.72530658,2.3848845
0.8091353,2.0025263,0.51342638,0.02734648,0.010492769,0.050306636,0.010152436,0.46041953,2.437534
0.84330028,1.6695446,0.45830477,0.036236275,0.013201039,0.094416765,0.011678438,0.5202237,2.343512
0.81859317,1.7758073,0.49142094,0.035531394,0.011786163,0.062570932,0.012401819,0.56998178,2.3540383
0.82396686,1.6619888,0.56447198,0.034828911,0.01007467,0.0663097,0.012681282,0.53016213,2.4864059
0.80189347,1.5318232,0.54542211,0.031153525,0.01004848,0.081007698,0.011882353,0.55758827,2.3955314
0.81101765,1.8487272,0.53301655,0.024550884,0.010395319,0.08716059,0.011892608,0.71851862,2.4746038
0.83347774,1.9333026,0.54764287,0.038651583,0.01015761,0.084057018,0.015509964,0.54875444,2.4986625
0.81765947,1.7323664,0.51456647,0.027033077,0.012176396,0.06009477,0.010079364,0.68846787,2.429072
0.84128524,2.0599828,0.45836374,0.042238544,0.017139088,0.086701048,0.010036143,0.55080517,2.3522006
0.79894294,1.8702733,0.53907138,0.0298319,0.018631029,0.080264645,0.013543696,0.57182338,2.4294324
0.79929135,1.9820916,0.5243048,0.036579256,0.018808129,0.083211742,0.010714915,0.65775169,2.3841846
0.85278151,1.3563658,0.4416015,0.04090621,0.019359293,0.079534435,0.014287495,0.45518363,2.2898881
0.79342416,1.6092043,0.53127121,0.039842902,0.025392647,0.07518124,0.012595252,0.61161067,2.3180177
0.83663475,1.8434861,0.50058017,0.030465496,0.011743643,0.08965872,0.011070529,0.57660296,2.4487412
0.83203998,1.3009935,0.54888875,0.038978807,0.01770129,0.092050545,0.011636877,0.73530203,2.4100736
0.85411774,1.3555648,0.55617638,0.041103573,0.012486283,0.081687606,0.012629042,0.68510541,2.4759028
0.81174798,1.3831388,0.51839047,0.048062903,0.030526296,0.07975771,0.01245512,0.62896293,2.2797457
0.84780173,2.2686477,0.42961172,0.030322266,0.010160134,0.075079748,0.016047566,0.57922654,2.385635
0.78182571,1.557559,0.59244231,0.038122195,0.011315641,0.077734918,0.010433484,0.5364249,2.3902991
0.85335425,1.8344385,0.51764385,0.029105692,0.033598843,0.093318099,0.01424928,0.60640532,2.5302205
0.78769281,1.6198511,0.5195248,0.035880751,0.01439582,0.046691901,0.010632078,0.55398291,2.3033776
0.82019306,2.0640067,0.46580153,0.040786741,0.026427726,0.099711064,0.012258323,0.53065585,2.3205005
0.8545958,2.2082694,0.4366225,0.040219126,0.023968421,0.098268239,0.013254213,0.62567904,2.3674224
0.78042644,1.4133636,0.53980941,0.033119181,0.022096276,0.056075459,0.020152565,0.58706217,2.3042231
0.86733125,2.1040866,0.4989483,0.036967006,0.020594719,0.095438847,0.010230333,0.62261947,2.5226587
0.81999951,1.4620869,0.4866323,0.0451576,0.020748908,0.082957899,0.014845465,0.57302857,2.2728597
0.79283922,1.6637904,0.55049944,0.030004171,0.01656603,0.073894429,0.011200954,0.53514014,2.404629
0.83473685,1.8291327,0.50136829,0.035046861,0.023266856,0.081918235,0.010237272,0.62626537,2.4213218
0.8232254,2.0276204,0.45992896,0.038282563,0.023077491,0.095439022,0.014956665,0.57301645,2.3243259
0.82196993,1.8065658,0.52789248,0.037088534,0.033650919,0.088316643,0.011736239,0.45174644,2.4239206
0.82986828,1.6206176,0.41270517,0.042033702,0.012233887,0.062596014,0.012761943,0.54069961,2.2075205
0.82970776,1.6980903,0.53923743,0.036051542,0.032979901,0.096770793,0.010833514,0.58812845,2.4551545
0.8415955,1.6700266,0.49393908,0.046896376,0.01648883,0.092593792,0.010242482,0.52606865,2.3533025
0.85055686,1.6961991,0.43921945,0.035533889,0.014063323,0.083831223,0.012878636,0.68848968,2.3339214
0.84273196,1.543858,0.49425167,0.037262317,0.01266815,0.083130942,0.011082918,0.52704223,2.3855586
0.86226154,1.5254796,0.44446418,0.031954995,0.017029186,0.078003528,0.012186306,0.53159416,2.3709548
0.82680295,1.8507676,0.51737628,0.035885928,0.014486013,0.094093821,0.012638562,0.62485844,2.4288072
0.81381699,1.7528815,0.46537626,0.039604366,0.020133507,0.075951362,0.013733501,0.69445663,2.2768081
0.81356622,1.652354,0.50737581,0.03545219,0.029341529,0.078021098,0.010872507,0.65051451,2.3549588
0.80659517,1.6130967,0.5015268,0.025287951,0.014165919,0.068205759,0.010418177,0.56945374,2.370341
0.82285228,1.8974267,0.5306288,0.031296964,0.01691866,0.091158938,0.011622323,0.60380762,2.472288
0.82653076,1.8734271,0.55718819,0.032353463,0.018924596,0.091391616,0.015438611,0.58230548,2.5233424
0.83818268,1.7628844,0.41831697,0.041588981,0.025941262,0.05202706,0.011148095,0.43445664,2.250103
0.86061853,1.4362215,0.51317436,0.041043435,0.011375708,0.09176021,0.011731966,0.50456609,2.4323841
0.87211355,1.4048235,0.53247545,0.042022261,0.011059122,0.092482555,0.011695711,0.50700911,2.4850357
0.82657275,1.9219981,0.44890924,0.032171899,0.05259085,0.099794711,0.013370383,0.65132672,2.3282304
0.82353707,1.5748451,0.44694607,0.026794647,0.010740169,0.086054833,0.015299275,0.58199075,2.3059159
0.84305096,1.730194,0.43755149,0.037432869,0.011539601,0.091345835,0.011482888,0.53584202,2.307962
0.86867325,1.6402173,0.48729816,0.044955876,0.015950444,0.071537988,0.012172599,0.56845291,2.4145352
0.80182235,1.944624,0.58189878,0.034309792,0.031401145,0.098521997,0.012445578,0.55309074,2.5044218
0.82154905,1.4900139,0.44141092,0.037051852,0.012411163,0.06602151,0.010672165,0.50847815,2.2409374
0.80788708,1.3728959,0.46342502,0.030694763,0.017575589,0.062554416,0.016110757,0.4803711,2.2571261
0.82101403,1.4656739,0.47965301,0.044341129,0.019528787,0.07301089,0.011094036,0.45803488,2.2682666
0.83302045,2.2251663,0.50596803,0.031888927,0.015715831,0.088887823,0.012123749,0.72620281,2.489443
0.81638721,1.3415801,0.47382319,0.031757348,0.011962796,0.076082076,0.018080997,0.57020235,2.287525
0.82530988,2.1852034,0.51452053,0.045106273,0.018564902,0.087621516,0.0104174,0.59967094,2.416934
0.82909639,1.4334355,0.47915012,0.029655251,0.017074764,0.074422506,0.010353145,0.56555719,2.3478608
0.83617276,1.9985366,0.5301334,0.037371017,0.010542462,0.084351934,0.01391295,0.61798836,2.4880326
0.82894217,2.0167009,0.50912238,0.036266104,0.011868163,0.094311622,0.010275421,0.56903568,2.4376665
0.79793738,2.0645985,0.62229971,0.033685254,0.010428675,0.064697776,0.011782507,0.68562141,2.5947759
0.80498751,1.565533,0.42689142,0.034964812,0.03669643,0.095067588,0.012761897,0.50867542,2.1920316
0.81466408,2.0218034,0.52647556,0.024436609,0.02091157,0.064478051,0.013448241,0.51033269,2.4955027
0.8157161,2.1610155,0.47787822,0.025225469,0.018864809,0.073013813,0.011738834,0.59439611,2.4141822
0.83710023,1.2153032,0.46906374,0.030838554,0.023090563,0.084315714,0.014224388,0.56114348,2.3228435
0.83485261,1.3010046,0.5109949,0.040296077,0.020818445,0.09092446,0.01058015,0.67404882,2.3510562
0.80888785,1.491205,0.56157296,0.042259616,0.023405865,0.074999257,0.010670371,0.61258293,2.3803028
0.83202191,2.0754236,0.41053364,0.031863846,0.01914705,0.094701175,0.015404733,0.44238337,2.2863053
0.79932403,1.4765821,0.5649253,0.031186105,0.024701488,0.066249684,0.010154686,0.65056954,2.4141855
0.83709055,1.6998708,0.60253719,0.027623167,0.031849095,0.091163114,0.010719378,0.64653161,2.6386144
0.80069465,1.7188234,0.51829655,0.043598404,0.01440602,0.075548815,0.011047813,0.63234082,2.311649
0.8365787,1.8068294,0.48740778,0.032007617,0.023157117,0.090462294,0.011274235,0.5953767,2.4123779
0.80557587,1.6920598,0.49383137,0.044554538,0.012679729,0.07631,0.012615093,0.52259509,2.2762839
0.83643757,1.4818976,0.48162861,0.043367203,0.011124669,0.093454233,0.011949317,0.69606009,2.3153147
0.81077472,1.506795,0.49150511,0.03083668,0.025181857,0.06104839,0.010676362,0.47412129,2.3249184
0.83226668,1.7629671,0.45724643,0.032027151,0.02190961,0.073270999,0.014190014,0.4888986,2.3420424
0.78162631,1.9343248,0.53372931,0.018616929,0.034533612,0.091092524,0.010861043,0.63706191,2.4412465
0.78913911,2.0613683,0.51906843,0.023037489,0.015868093,0.060071736,0.011133012,0.59122766,2.4260677
0.85317785,1.5364639,0.51884652,0.038162409,0.01026774,0.082988161,0.010130715,0.63676279,2.4488796
0.78119897,1.8522283,0.46183774,0.037586762,0.056155599,0.073827008,0.010387357,0.43521738,2.2086955
0.82477079,1.7291339,0.60474544,0.034331496,0.010755285,0.067788602,0.011316346,0.68822237,2.5745424
0.81021384,1.7804693,0.40689316,0.040865788,0.046873717,0.098001546,0.01353736,0.48099362,2.1685178
0.84139883,1.8201086,0.49754708,0.02612766,0.020339782,0.095965758,0.014182306,0.48101096,2.4742065
0.84288381,1.4653491,0.4393306,0.022247891,0.018968045,0.090116269,0.012633877,0.51726807,2.3504211
0.84139228,1.3659237,0.43297042,0.022164368,0.016598772,0.095130524,0.017930196,0.43294837,2.3263402
0.83006516,2.139888,0.62604055,0.047116133,0.011463582,0.096656197,0.010046565,0.70425605,2.6231713
0.73736368,1.5261974,0.66465112,0.025974437,0.01465108,0.059240099,0.012138425,0.61998873,2.4519667
0.80222773,2.2727414,0.61563089,0.030673655,0.023087124,0.085186728,0.010110342,0.68305016,2.6467721
0.83943997,1.4285105,0.47643414,0.033353137,0.018349434,0.068966605,0.012028637,0.56083407,2.3522522
0.82745053,1.8198009,0.54272775,0.038617402,0.025174232,0.088350037,0.01191764,0.58299475,2.4588728
0.81776321,1.6138521,0.45397975,0.036037321,0.012632224,0.063422799,0.011264474,0.52507321,2.2682215
0.82451277,1.8654616,0.47801267,0.037370098,0.010256725,0.082949816,0.017878185,0.58787207,2.3468741
0.81646778,1.5559979,0.50252596,0.043351994,0.015807659,0.095188472,0.01022657,0.55093951,2.3073215
0.85017403,1.9417947,0.48562617,0.029279654,0.010889875,0.078739919,0.016272514,0.5864676,2.4723531
0.85924106,2.1722831,0.51613272,0.031267952,0.010339174,0.089773533,0.012410815,0.62602915,2.5741867
0.86793158,2.1887103,0.53846028,0.030663568,0.010353554,0.090965372,0.012675377,0.61684684,2.6485284
0.85065616,2.3216232,0.52091544,0.028771512,0.010300243,0.092353416,0.012618123,0.56439654,2.5948181
0.82606137,1.1358637,0.53194949,0.047025803,0.033199331,0.084629129,0.010701584,0.55002366,2.3105167
0.80892797,2.7376364,0.47409393,0.025592867,0.0109549,0.081548831,0.016454685,0.55814167,2.4538587
0.80707743,2.4066316,0.50410648,0.034017023,0.011247453,0.078526766,0.013052363,0.63391646,2.4311734
0.81819291,1.4106873,0.52769875,0.03806334,0.012649092,0.070753957,0.0108787,0.51442725,2.358822
0.83252612,1.6718077,0.4730668,0.028701376,0.010173162,0.083442995,0.01473035,0.6047793,2.3764535
0.84561478,2.0652325,0.49636441,0.032365287,0.010278939,0.088797246,0.01046114,0.58233502,2.4807617
0.80435745,1.3870449,0.52908137,0.033494358,0.036450205,0.074858396,0.014320788,0.58565205,2.3439263
0.79310743,1.2147728,0.54579405,0.04143329,0.022128533,0.079664094,0.016087261,0.55625682,2.2816787
0.81783685,1.5914851,0.46626006,0.026149253,0.017249252,0.079221515,0.011304029,0.50613967,2.3300208
0.84696033,1.708444,0.49884812,0.0444516,0.010719871,0.068249854,0.010595182,0.55995951,2.3899755
0.82326345,1.600796,0.4400494,0.029446562,0.020097103,0.083673785,0.010212766,0.51224032,2.2844591
0.87885796,1.7257266,0.46755083,0.040529351,0.021246346,0.088654911,0.014523314,0.51554494,2.4344713
0.74205895,1.8749636,0.56289627,0.031205064,0.017156185,0.057249401,0.010293022,0.63314366,2.3162985
0.84318045,1.7027704,0.56563444,0.043481197,0.016838906,0.094534443,0.011175305,0.60179572,2.4994062
0.85488956,1.5572935,0.40487694,0.040729157,0.011476992,0.07948007,0.012280244,0.58567031,2.2543321
0.8061452,1.6561559,0.57556406,0.037119196,0.020725786,0.074354759,0.012047169,0.54738073,2.4460431
0.81681325,1.7777118,0.43670448,0.041228519,0.019275122,0.072282333,0.011737884,0.54589705,2.2319217
0.79033846,1.6464701,0.48041075,0.031466413,0.040415454,0.087205512,0.014982106,0.57458099,2.2670278
0.79952432,1.6093301,0.53206785,0.024863048,0.015116224,0.059557154,0.011415482,0.58977369,2.408282
0.84636105,1.5928491,0.46275005,0.039084734,0.021268148,0.087866078,0.010651158,0.64976819,2.3386906
0.82927394,1.913105,0.44648097,0.037563439,0.017434418,0.070617409,0.011550936,0.36819318,2.3066752
0.80773682,2.0499323,0.55300971,0.035023722,0.01062788,0.083047595,0.013773093,0.83814631,2.4768545
0.8349974,2.1530814,0.4762685,0.040228328,0.014522404,0.072535416,0.010485541,0.46186896,2.3883051
0.82233095,1.4442108,0.53377163,0.036484992,0.031250879,0.080391676,0.018834827,0.657789,2.3912356
0.84431873,1.5380471,0.45605591,0.0322389,0.011966267,0.081758881,0.010095232,0.54795499,2.3462985
0.82344226,1.6033083,0.52690494,0.042280938,0.030684128,0.083742725,0.010152912,0.61130846,2.3753629
0.81148555,1.7148655,0.52020449,0.045950615,0.015129079,0.083324258,0.010615181,0.6140869,2.3309925
0.81732732,1.9045557,0.52149332,0.040635211,0.032167169,0.070817129,0.010641289,0.50826264,2.3959035
0.79797595,1.6559605,0.55400121,0.030767191,0.019729052,0.095627127,0.024095745,0.6277902,2.4194199
0.82432617,2.0755634,0.61160616,0.036933734,0.036185459,0.096840639,0.01053996,0.74439777,2.6279348
0.81127098,1.6529594,0.53643025,0.040802632,0.017354839,0.094822354,0.017793709,0.55176484,2.3735292
0.82069999,1.2317014,0.5473424,0.035652498,0.040483239,0.087818436,0.01132731,0.48057365,2.3851105
0.81469058,1.2893653,0.49590915,0.035717596,0.011122684,0.079659713,0.021876008,0.56030154,2.2953409
0.85432006,2.2639655,0.50956654,0.033269643,0.025996162,0.082096554,0.01012599,0.51472521,2.549092
0.80808771,2.0493414,0.51568075,0.040855409,0.020385053,0.087392401,0.010007467,0.51039878,2.3789381
0.84364137,1.1760654,0.48391028,0.039379629,0.012952839,0.059703328,0.010049355,0.59605274,2.3212845
0.84294672,1.4225519,0.50002034,0.033064288,0.012139544,0.088952527,0.010066725,0.5723711,2.4014585
0.77823306,2.0345136,0.46846267,0.042126385,0.047768181,0.074857112,0.01118469,0.55939432,2.2132282
0.87786718,1.8421248,0.50142205,0.019392171,0.010199778,0.091341092,0.010671447,0.52685609,2.615773
0.78380805,1.045795,0.4601896,0.042951138,0.021332567,0.056509883,0.014528746,0.5637481,2.1115433
0.8634045,1.7048918,0.52732191,0.029745928,0.01443953,0.098450691,0.010790733,0.61445596,2.5547642
0.80296472,1.6588941,0.55371046,0.029302761,0.014580838,0.057834326,0.012437763,0.46047414,2.4401687
0.84187187,1.8948537,0.48537214,0.027865619,0.021348914,0.098289906,0.011343424,0.71849972,2.4522027
0.83985724,1.6408426,0.4950449,0.046190792,0.022575894,0.070314996,0.01228599,0.47730417,2.3506532
0.85168348,1.5132443,0.42506463,0.041682157,0.013524541,0.093257031,0.013577742,0.43272846,2.2718993
0.84308293,1.5523576,0.45882767,0.02486002,0.029527087,0.077048642,0.011368451,0.66152664,2.3826731
0.80303621,1.9894528,0.56903332,0.034744009,0.011290839,0.06642409,0.012620128,0.5882255,2.4877244
0.81076034,1.7451641,0.53073858,0.035275671,0.01075107,0.07307572,0.013737559,0.59563673,2.4010275
0.78542772,1.7450501,0.55585378,0.04173836,0.015635084,0.060148703,0.011734577,0.53756482,2.3477074
0.8048952,1.775758,0.50572217,0.032934577,0.020455165,0.069951224,0.01581205,0.53218489,2.356581
0.79930163,1.8160102,0.52283342,0.032918422,0.022618113,0.094510509,0.011497206,0.62602372,2.377936
0.7944578,2.3129412,0.57437561,0.03435446,0.028743863,0.097473373,0.014824268,0.51636662,2.5261734
0.81131176,1.5433055,0.48743364,0.025938432,0.017643411,0.071474395,0.011594396,0.55958419,2.3461936
0.80553127,2.0836438,0.5917254,0.034805777,0.010826132,0.085675303,0.011604499,0.70244921,2.5520731
0.8185549,1.548543,0.52811712,0.039263172,0.01743072,0.053576365,0.011756542,0.52689301,2.3721778
0.8066475,1.7298738,0.45802476,0.033470981,0.033905321,0.095922367,0.014109256,0.50439883,2.2698954
0.78407782,1.9490321,0.6167612,0.024500708,0.01060684,0.0704931,0.010010668,0.69385352,2.5807299
0.82763093,1.654203,0.41671478,0.048858473,0.037366536,0.069454406,0.010815661,0.52573846,2.1867359
0.8232733,1.7965731,0.4922097,0.033589872,0.011313381,0.080889877,0.012807742,0.53836196,2.3786685
0.82502801,1.8842708,0.46808013,0.030299607,0.011031449,0.07683689,0.012487298,0.5497386,2.3640827
0.81152446,1.75045,0.52372598,0.039815223,0.043672036,0.09221499,0.012983318,0.6809683,2.3695931
0.82241647,1.7091318,0.44238841,0.035060621,0.010990317,0.057953226,0.011076956,0.5231659,2.2734161
0.7944743,1.8373408,0.58583022,0.0381841,0.028256315,0.080860109,0.013540398,0.6824873,2.4549541
0.84579608,1.8157907,0.4728242,0.024485349,0.013204207,0.074623154,0.010832893,0.53088901,2.4457899
0.77567118,1.4902848,0.53820746,0.028211453,0.011361683,0.079367933,0.018060951,0.55095759,2.3230259
0.78641535,1.5253389,0.5778017,0.030491115,0.010879953,0.06089976,0.012476016,0.56353774,2.4125308
0.80093384,0.99150243,0.53000808,0.031445214,0.010612804,0.075497946,0.013929958,0.70751035,2.295618
0.81712202,1.6468534,0.528578,0.0377699,0.020101677,0.084122972,0.01164051,0.58544037,2.3888778
0.83556313,1.9458509,0.42027722,0.032158892,0.024142109,0.082127477,0.014635737,0.5891857,2.3003131
0.82078648,1.9044547,0.56276326,0.042084211,0.01976531,0.08962793,0.010611667,0.65850732,2.4718889
0.8211281,1.8214379,0.58623773,0.031357934,0.021373077,0.097980599,0.01071923,0.66476069,2.5617433
0.79202452,1.7848852,0.56304078,0.025467867,0.038634502,0.096013891,0.01057281,0.74553165,2.4668667
0.82247227,1.8529104,0.56837767,0.017236143,0.012498113,0.095324512,0.010508975,0.62013235,2.6181094
0.78867697,1.5070627,0.52986688,0.032392382,0.027121224,0.083663949,0.01134104,0.59172532,2.3251791
0.81539851,1.8594031,0.55523196,0.046602835,0.012307139,0.080911889,0.011251128,0.68342662,2.4159225
0.8023136,1.7381158,0.62456586,0.039661767,0.024039311,0.074821997,0.011416435,0.69546339,2.5211599
0.78610337,1.5179412,0.60896657,0.033824595,0.018369011,0.087085207,0.013724968,0.72573724,2.4460042
0.81063014,1.6942464,0.5983286,0.031395828,0.028094787,0.084328148,0.011379674,0.61529412,2.5356221
0.82526112,1.66455,0.62627936,0.029936703,0.022372129,0.081871534,0.010902696,0.62936434,2.6309997
0.79861982,1.7367011,0.47906445,0.036497662,0.010566438,0.056083852,0.016246225,0.63919456,2.2736727
0.86213611,1.7655999,0.49607995,0.035336854,0.04964818,0.098005661,0.010390467,0.45938629,2.4724313
0.85675174,1.715353,0.4487169,0.041037035,0.01058632,0.073673022,0.015008421,0.64947951,2.3442646
0.85202771,1.759192,0.47300338,0.044870679,0.026328984,0.095258908,0.011591908,0.54222927,2.3622454
0.83669983,1.5683088,0.48897633,0.036432635,0.015763978,0.094502078,0.010521218,0.65541045,2.3679283
0.81772002,1.9032869,0.48053077,0.038456709,0.014280969,0.050635058,0.010638852,0.55709566,2.3337019
0.83266555,1.5131099,0.52358129,0.036923255,0.026073651,0.098978437,0.012636913,0.59609626,2.4074684
0.84743328,1.7661879,0.50187905,0.035347731,0.018349702,0.090155829,0.010699794,0.54587172,2.4456493
0.83498353,1.7979854,0.46741521,0.033317424,0.015041318,0.085264361,0.011231864,0.61712668,2.3649825
0.81352163,1.6333773,0.54889035,0.036599875,0.027441134,0.079231029,0.012214299,0.65573151,2.4185221
0.85689495,1.8793105,0.49849704,0.030287411,0.020933027,0.084148724,0.010275164,0.51994074,2.5020023
0.82565306,1.3997777,0.49534431,0.040752058,0.014572917,0.060684719,0.010434611,0.65053852,2.312504
0.81780708,1.1636698,0.51771904,0.034142326,0.017744624,0.081625404,0.010344735,0.62057492,2.3296659
0.84555982,2.047329,0.46361561,0.039164339,0.011027319,0.081754154,0.010092343,0.56080854,2.3843957
0.80944833,1.3751977,0.54781541,0.035432354,0.015668371,0.062761295,0.010075021,0.56728518,2.3768249
0.82128031,1.5134945,0.45499263,0.033025832,0.020530977,0.079277903,0.023943866,0.48560367,2.2812273
0.84167212,1.9070549,0.51525555,0.043241388,0.023584702,0.093947108,0.01021569,0.68534806,2.4343002
0.83470014,1.9561986,0.55343342,0.04631175,0.02623074,0.087438908,0.010628566,0.65015382,2.4766641
0.81058448,1.5204044,0.52405549,0.028594526,0.010086441,0.054377183,0.010610264,0.46955388,2.3926561
0.81710476,1.9042925,0.52660033,0.035325569,0.030025987,0.089470978,0.015938905,0.74756169,2.4303508
0.80170698,1.6561175,0.50496297,0.020323267,0.01039957,0.071587209,0.010618868,0.41672213,2.3937523
0.83164373,1.6718183,0.51916028,0.050611841,0.037502682,0.083838062,0.010261891,0.73493839,2.353788
0.84135919,1.6918145,0.5249741,0.044904738,0.034129212,0.080762199,0.010316515,0.70137701,2.4162521
0.83625995,1.6341794,0.51416702,0.045159411,0.026821039,0.087308892,0.010748933,0.60997902,2.377093
0.82904043,1.6027614,0.51294331,0.04978589,0.018526483,0.090867452,0.01088413,0.60964086,2.3327902
0.82077067,1.773019,0.51973245,0.0538897,0.017768139,0.09213897,0.011046368,0.62036195,2.3254519
0.82220211,1.5794478,0.54816552,0.033858011,0.021496211,0.079326824,0.012695909,0.65706764,2.4464494
0.85526126,1.509956,0.50838976,0.03362323,0.015826967,0.091261014,0.010784595,0.59107377,2.4550385
0.80812434,1.8081377,0.49626588,0.027239749,0.02366846,0.097932815,0.015823655,0.52640127,2.3788325
0.81569445,1.6393055,0.52616437,0.023445198,0.040421827,0.09754222,0.012485377,0.52353839,2.4517385
0.79508032,1.4719539,0.51843111,0.027483576,0.022653944,0.098826501,0.014040598,0.57280048,2.3416416
0.80654227,2.2406235,0.59536903,0.042771852,0.021988948,0.062063575,0.010436029,0.64702829,2.5424279
0.81359025,2.0910508,0.55889547,0.037774531,0.014258486,0.089844023,0.010526336,0.60812908,2.4948228
0.79075223,2.0580265,0.52347149,0.041234535,0.038978241,0.085301044,0.014337893,0.61393643,2.3484598
0.79062788,1.8388662,0.54934645,0.038424731,0.025738592,0.082904017,0.015553717,0.62424648,2.3788878
0.80467718,1.8891211,0.45908513,0.03656378,0.015036185,0.065479906,0.011164703,0.48480367,2.2700848
0.83644609,1.4177084,0.53890383,0.038959301,0.023896345,0.09872279,0.01291646,0.69196956,2.4207318
0.79692227,1.7597359,0.48929069,0.040026842,0.014194959,0.06407828,0.011426591,0.55579486,2.2740899
0.80562223,1.8196361,0.46430919,0.044728032,0.016200285,0.051935292,0.011928165,0.62049579,2.2407179
0.82829078,1.5564727,0.49306204,0.03192144,0.028414147,0.092197075,0.012123052,0.54572728,2.3730211
0.83749381,1.9299156,0.52388267,0.04259171,0.01399606,0.072556107,0.011098108,0.58238655,2.4452119
0.80030107,1.6773672,0.50883406,0.030311282,0.031319969,0.087012901,0.012205901,0.57631205,2.3506858
0.8223273,1.6598173,0.40990708,0.033097632,0.024403966,0.084305751,0.011494554,0.51585886,2.2214497
0.81135927,1.7916205,0.46918732,0.034248529,0.021192995,0.077991342,0.013288439,0.53524281,2.3041763
0.83135063,1.7237319,0.54011394,0.037283972,0.012970597,0.08054543,0.011172183,0.64861628,2.4581669
0.80330533,1.758547,0.50628758,0.030039897,0.037983946,0.09938334,0.013488466,0.55528415,2.365177
0.86259818,1.7557448,0.48580779,0.027672986,0.013288113,0.097509519,0.010880901,0.64335639,2.4910614
0.75999961,1.8702848,0.55088991,0.044634428,0.0147952,0.048060046,0.011374474,0.48135768,2.2775361
0.75436859,1.9203188,0.51352731,0.045155708,0.016053838,0.05824912,0.011581746,0.46654831,2.2049176
0.75947064,1.8673192,0.55928254,0.035639907,0.019626961,0.044404578,0.011035009,0.48155166,2.3327969
0.76285736,1.8659031,0.52497705,0.03467748,0.023984012,0.071751203,0.010565456,0.47776581,2.285642
0.86475122,1.5768773,0.47872998,0.038433548,0.012314612,0.088395134,0.010305195,0.62076377,2.4126945
0.80035956,1.5292087,0.47582926,0.032283293,0.020308834,0.08028079,0.010387919,0.5746797,2.2682326
0.88564683,1.298446,0.44167693,0.020685169,0.016614532,0.086431581,0.014214799,0.62702737,2.4535846
0.79590113,1.399424,0.51403396,0.027935562,0.011275175,0.08868283,0.010507421,0.48941306,2.3250804
0.81202441,1.5052697,0.46407143,0.030577561,0.013054928,0.094193624,0.01018783,0.50591878,2.2828359
0.85993289,1.7259952,0.47159744,0.045369538,0.019910839,0.083856479,0.010709363,0.55641958,2.3736934
0.8041317,1.6474022,0.49595565,0.035252336,0.015632737,0.087125468,0.014205304,0.61527784,2.311742
0.85033077,1.9132472,0.51669522,0.029628834,0.014515867,0.073630541,0.010467523,0.58394759,2.5278261
0.81511679,2.1122463,0.46218656,0.028503106,0.012768323,0.092467315,0.010933103,0.59913148,2.3607216
0.82677828,1.7342398,0.54319385,0.038248703,0.015512627,0.087055959,0.011163997,0.64843059,2.4483548
0.85766908,1.8751558,0.5406332,0.031775017,0.017400538,0.091135475,0.010317549,0.57823441,2.5769427
0.80912814,1.4485348,0.46633207,0.041945436,0.015920194,0.059310341,0.011015372,0.53335004,2.2262129
0.80830998,1.4628253,0.45837826,0.03654541,0.014046598,0.063577384,0.010271675,0.49174558,2.2348958
0.83654039,1.9919317,0.45185652,0.029371896,0.020134637,0.077210733,0.010516953,0.53990738,2.3780663
0.8352296,1.799882,0.49190943,0.028406622,0.024612146,0.091157247,0.010316174,0.67546406,2.4338423
0.83775833,1.7164591,0.49584465,0.046518641,0.01687311,0.074657405,0.010144291,0.60063092,2.35377
0.82591558,1.3873335,0.49956721,0.03005727,0.017753222,0.094196059,0.015330152,0.57188205,2.3670762
0.80731912,2.1355725,0.52480216,0.042679121,0.017868802,0.084935434,0.01041686,0.59864421,2.3959723
0.8099639,1.5245222,0.55788549,0.023005393,0.015454068,0.077889247,0.018433451,0.55337432,2.4809629
0.81927865,1.5127612,0.46371676,0.031181371,0.031464913,0.085007318,0.010257013,0.65030143,2.2986445
0.8099568,1.8516909,0.45073723,0.034722853,0.010742356,0.090422356,0.014768933,0.48539292,2.272445
0.85283014,1.3071971,0.51491393,0.045445698,0.022948167,0.071609516,0.011670391,0.55088276,2.3800201
0.84463774,2.0850482,0.44525555,0.034124371,0.013121999,0.095178565,0.011854823,0.61377911,2.3737794
0.82419158,1.4186594,0.55336334,0.034123127,0.03546939,0.097934971,0.012575747,0.56161035,2.4371279
0.83980002,1.8006338,0.48064386,0.023548234,0.014229086,0.093798056,0.014409572,0.52498945,2.4483128
0.80424781,1.5826988,0.54486787,0.02805199,0.014406578,0.088086763,0.010507943,0.62628889,2.4236184
0.80279617,1.6043821,0.53846087,0.028254955,0.015655777,0.085768098,0.010376735,0.59864851,2.4103289
0.82457339,1.5969327,0.48177694,0.036197401,0.016666177,0.086726615,0.011634791,0.64671621,2.3294244
0.83222208,1.7947746,0.47112346,0.041071397,0.014953819,0.067707094,0.01175772,0.66612995,2.3302376
0.81632056,1.8459928,0.51983196,0.028389401,0.013686456,0.083310174,0.010592237,0.51392972,2.4430665
0.81394158,1.6754523,0.44361127,0.033608914,0.031143583,0.090520085,0.010389705,0.62851227,2.2573396
0.8182708,1.2987997,0.4906716,0.029261659,0.038603373,0.089960871,0.011399113,0.65961293,2.3261291
0.80244587,2.3235086,0.52372385,0.020053031,0.01085214,0.08690509,0.010083173,0.51173794,2.5224266
0.8502848,1.4352242,0.43846086,0.039484683,0.012510116,0.067636199,0.011781151,0.60657585,2.2916873
0.80736412,2.0324131,0.50830613,0.033058241,0.010949807,0.077449209,0.01265198,0.411994,2.3985102
0.81206801,1.6893748,0.4777813,0.015661604,0.026098052,0.071333573,0.010848389,0.58200866,2.3972698
0.79613814,1.6405291,0.52006366,0.016351657,0.019184673,0.083071314,0.011662719,0.53100385,2.4257863
0.81864965,1.9176338,0.48395054,0.038962355,0.014389055,0.072931548,0.012819443,0.55555856,2.3414497
0.81245345,2.0609637,0.51252259,0.042366794,0.01090317,0.074519125,0.01529904,0.53507024,2.3785743
0.83182016,1.347924,0.51492276,0.031222784,0.030995434,0.084642612,0.010228062,0.56921984,2.3977498
0.84521163,2.1561011,0.47353304,0.044668172,0.012473694,0.067310315,0.010478622,0.58869355,2.388966
0.78647567,1.8798399,0.50840551,0.038983057,0.028936993,0.073137252,0.013029358,0.6760348,2.2991066
0.83199581,1.7541081,0.52849937,0.02774869,0.013942912,0.084586707,0.010581598,0.519931,2.4917236
0.83508829,1.6261722,0.43905587,0.04539964,0.035100869,0.085688296,0.012378225,0.60475328,2.2499949
0.84671438,1.8517267,0.53247204,0.036482985,0.015996804,0.095982776,0.011891009,0.54242009,2.504942
0.85076238,1.7127064,0.48700266,0.047818648,0.018935718,0.072213091,0.012734993,0.50216915,2.3650914
0.80778229,1.5817388,0.51527412,0.040871024,0.025274844,0.08261255,0.011029435,0.59533717,2.3201856
0.81608441,1.8584937,0.48541732,0.019487052,0.010175933,0.098202444,0.011482846,0.5932957,2.4231929
0.80027896,1.8743386,0.50032835,0.019326868,0.010804086,0.098924284,0.011902463,0.55809467,2.4136311
0.81458618,1.5855536,0.51574253,0.050371202,0.057098363,0.099449677,0.011353436,0.52437887,2.2967378
0.80394824,1.9179415,0.44400906,0.024383864,0.011380134,0.062882389,0.010722532,0.69738137,2.2963027
0.81008984,1.5901806,0.63699902,0.044201229,0.018297133,0.07479236,0.010402835,0.53785907,2.513462
0.81009813,1.289503,0.65708032,0.038915819,0.014011705,0.082869778,0.010207762,0.51967409,2.5238185
0.80747279,2.3228003,0.46214663,0.025637534,0.031215876,0.091774271,0.015032329,0.6136187,2.3775585
0.80593582,1.4660459,0.55417735,0.045785708,0.021653736,0.071585495,0.012747541,0.51077684,2.3407131
0.83486109,1.8335731,0.47186001,0.025288147,0.017370893,0.0833091,0.01038858,0.58936757,2.4140709
0.81222803,1.9098765,0.453464,0.025046213,0.033512943,0.08079577,0.012331794,0.64986182,2.3311252
0.80422402,1.445143,0.57532411,0.025108416,0.010212115,0.081997745,0.010184078,0.54294189,2.4732285
0.791617,1.9365672,0.45901403,0.038467815,0.011406972,0.063197153,0.010557556,0.5246633,2.2346329
0.79887836,1.9845983,0.48428238,0.036185449,0.011276754,0.062143241,0.010728735,0.52309585,2.3123686
0.80797295,1.4771958,0.59774048,0.028771142,0.015039204,0.076503023,0.010118313,0.64689891,2.5074668
0.78970396,1.8736266,0.58051973,0.028138579,0.020989188,0.081135083,0.013253668,0.69320921,2.4923579
0.79888294,1.6319809,0.56329014,0.049209237,0.01690827,0.062277412,0.011092013,0.68659436,2.3437072
0.84065655,1.9314789,0.50184214,0.021998771,0.019413126,0.091731571,0.011932484,0.46727388,2.5158276
0.86014911,1.7410005,0.38606666,0.017273957,0.016308326,0.085117449,0.011052226,0.55691288,2.3410594
0.76447574,1.8067315,0.59666593,0.019879137,0.017166763,0.09336209,0.012523715,0.56380032,2.4903063
0.76116753,1.8612003,0.58816013,0.021378209,0.013002775,0.059512916,0.011516576,0.57726448,2.4651016
0.77323379,1.8587213,0.58986549,0.024337542,0.011572811,0.064787322,0.011834173,0.55665583,2.4843199
0.79052001,2.145284,0.47127353,0.030454991,0.014862175,0.064098913,0.013792557,0.56465873,2.3108759
0.84989129,1.5221612,0.52804682,0.046378812,0.011395455,0.085282777,0.010958793,0.58715454,2.415083
0.81838525,1.4803244,0.48520585,0.052095922,0.022885931,0.055135476,0.013760774,0.57908659,2.2405246
0.84613206,1.4301856,0.52097226,0.029685346,0.015407524,0.097914193,0.011303197,0.55573092,2.463149
0.83521278,1.9775641,0.50672361,0.044032793,0.041650805,0.077966419,0.011118476,0.51420282,2.4075012
0.83760911,1.4329885,0.55057057,0.036282176,0.010146975,0.097534159,0.015066465,0.64023215,2.4585543
0.8258133,1.2609262,0.56498982,0.028400086,0.010117603,0.098415806,0.01360703,0.60158133,2.4685998
0.82628653,1.2148054,0.478283,0.029930154,0.010169059,0.053302574,0.013371118,0.58133988,2.3141911
0.7964583,1.3910527,0.53291391,0.037582487,0.021643093,0.085121852,0.010966952,0.50868604,2.3109819
0.79802873,1.5950768,0.50875306,0.032211065,0.020589315,0.051678097,0.011811279,0.71809031,2.3256585
0.85461445,1.8379188,0.47017577,0.042257238,0.027702943,0.098324694,0.012843538,0.48734093,2.3832184
0.80483258,1.5748295,0.50706127,0.03279824,0.012996536,0.051863566,0.011938324,0.6797893,2.3350721
0.81202675,1.961331,0.51179389,0.029497548,0.027726354,0.097634633,0.01246565,0.54346197,2.4258088
0.81905837,1.7308027,0.50860143,0.037064989,0.035861495,0.095032518,0.012035748,0.53327508,2.3730005
0.83302301,1.2684548,0.46177107,0.034967186,0.011779913,0.070013241,0.011650378,0.58066735,2.2887499
0.8106677,2.0879576,0.52585577,0.039465197,0.017856901,0.083554677,0.010471885,0.54455518,2.4158082
0.8427737,2.0302075,0.41964379,0.042747258,0.015741645,0.062575075,0.010347179,0.56117405,2.281772
0.82279584,1.4299385,0.51306901,0.03770068,0.018002982,0.098241296,0.01607998,0.53058269,2.3508967
0.84716407,1.6156973,0.43660013,0.035480929,0.028345142,0.090626291,0.012718992,0.60005307,2.3138085
0.81699279,1.9550521,0.56949227,0.034128764,0.01808504,0.092977788,0.010710257,0.49503449,2.5237473
0.80367574,1.63274,0.44797337,0.045048584,0.02424446,0.071775786,0.014596333,0.50959289,2.1901595
0.80821926,1.7574944,0.47337972,0.041017344,0.030571959,0.069006159,0.011953416,0.46325446,2.2710123
0.78076731,1.8378962,0.52634415,0.034727187,0.029715666,0.098020209,0.024079511,0.55409639,2.33042
0.84202149,1.8466957,0.53154644,0.03852062,0.029537359,0.098137844,0.01175168,0.6286831,2.4801504
0.80595332,1.8494373,0.5721889,0.037956042,0.015875671,0.09907754,0.014437339,0.58448672,2.4636381
0.81929616,1.4235183,0.60509265,0.035922874,0.036135157,0.095128629,0.01188931,0.76460245,2.5024865
0.81841335,2.0376341,0.43665436,0.027508235,0.01136253,0.05897932,0.010225011,0.60033266,2.3167931
0.83562695,2.0233424,0.52810497,0.038917412,0.013637964,0.091519702,0.01051886,0.5166926,2.4782193
0.83798127,1.6467483,0.43865913,0.039353316,0.021592039,0.0875202,0.012348677,0.67735004,2.2819594
0.82656944,1.846285,0.55741471,0.039618611,0.010560162,0.079997902,0.011660379,0.57694449,2.4816752
0.81521735,1.7055349,0.54809394,0.041044749,0.010467391,0.092307771,0.016546224,0.59373082,2.4093398
0.8149665,1.9376225,0.45246054,0.040863281,0.018621461,0.077307855,0.010454758,0.52260884,2.2708953
0.84714139,1.9180975,0.46915414,0.037294333,0.038439433,0.080122773,0.010781891,0.45564794,2.393309
0.84630062,1.3816366,0.36690636,0.036012826,0.01025352,0.079340446,0.017022417,0.59865506,2.1775906
0.82592881,1.775913,0.55832628,0.038844204,0.039703897,0.086553022,0.010192862,0.54592669,2.4757877
0.80198589,1.591295,0.4906045,0.043545713,0.014776629,0.060843133,0.010120252,0.5384129,2.2552047
0.86258592,1.3685631,0.5387598,0.03642964,0.023610157,0.080320634,0.010036063,0.59580897,2.4943258
0.86225854,1.4081169,0.55471458,0.034964195,0.022407347,0.07986498,0.010027043,0.59036814,2.5336288
0.81352915,1.4655192,0.41578983,0.029116795,0.013405213,0.080230514,0.010075471,0.52227884,2.2085909
0.82130188,1.8340142,0.48815088,0.029831166,0.026072879,0.062344035,0.010141544,0.53833184,2.3882932
0.79353153,1.6604282,0.48508312,0.032149305,0.019199941,0.081644396,0.010135496,0.5220527,2.2816537
0.8066719,1.8990918,0.55355402,0.024653363,0.013624765,0.092024503,0.0147054,0.69874306,2.5093495
0.81666866,1.4584692,0.52769151,0.050575229,0.012468442,0.081912792,0.010256799,0.59317141,2.3043553
0.84531082,1.6248238,0.49891711,0.037001901,0.012271632,0.080857158,0.010114658,0.58957782,2.4105743
0.83990921,1.5212378,0.51682354,0.032400399,0.012989045,0.086913627,0.010141766,0.64679621,2.4375969
0.83993856,1.3691986,0.5294397,0.062502767,0.011253391,0.051649672,0.010074669,0.59712852,2.3033235
0.82441669,1.6655241,0.5163397,0.022880821,0.016526543,0.096846693,0.016013025,0.52802008,2.4628921
0.85445471,1.7956351,0.47868257,0.051833938,0.031261931,0.094813539,0.010123962,0.66342631,2.3520074
0.8759279,1.5832805,0.43804422,0.033479906,0.024277633,0.096622008,0.010115334,0.73911761,2.3924154
0.82433423,1.6445652,0.47160215,0.046501087,0.012319934,0.067930283,0.011019744,0.48654117,2.2734085
0.81791559,1.5419192,0.56807313,0.044375475,0.018858823,0.068733404,0.010858077,0.57821625,2.4110247
0.77665885,2.1562947,0.53431139,0.03761381,0.021823954,0.087607726,0.011149868,0.73996132,2.3623826
0.82226335,1.6899552,0.48156801,0.025537209,0.011809834,0.096341829,0.011731234,0.48626464,2.3825746
0.80147335,1.7504008,0.56518313,0.015890909,0.010101377,0.062764827,0.011237391,0.67246749,2.5459637
0.82424145,1.5920779,0.52820389,0.02229195,0.011219664,0.094805996,0.011393806,0.65016747,2.4780317
0.84049594,2.1188996,0.45651161,0.026964443,0.016108418,0.092250177,0.011635982,0.61920965,2.421393
0.76732627,1.6096823,0.59212182,0.021982573,0.029952884,0.071105366,0.012082889,0.56093984,2.4453313
0.78351332,1.9394187,0.64390419,0.032586627,0.029915983,0.095345838,0.012399394,0.44909081,2.5814906
0.77734871,1.5363787,0.65016126,0.027060169,0.012852881,0.06922038,0.010997873,0.86243142,2.5353754
0.80005487,2.3110196,0.52872317,0.033023293,0.022482043,0.097029435,0.014864559,0.57592847,2.4555096
0.83674235,2.0626469,0.44572902,0.038817469,0.01798368,0.069003494,0.011203849,0.55047895,2.3328711
0.82923183,1.9443646,0.47103684,0.040914457,0.017411279,0.07284213,0.011759088,0.5241577,2.3390889
0.79453766,1.8014912,0.59015846,0.030571086,0.025287723,0.097655719,0.012802598,0.70346635,2.4986846
0.84111882,1.7080311,0.39827979,0.033476995,0.011712333,0.078311447,0.010996123,0.46579961,2.2495578
0.79832468,1.9516379,0.64503431,0.032258729,0.019978297,0.094286593,0.01333562,0.71254295,2.6288861
0.76757029,1.9604744,0.66465148,0.038893627,0.018609672,0.068239852,0.011008574,0.55531403,2.5430582
0.767926,1.971588,0.63045896,0.028288334,0.01105728,0.066196271,0.010416322,0.55980554,2.5438605
0.81223847,1.5936144,0.38704676,0.031814945,0.057695344,0.093488748,0.010189398,0.53343247,2.1586424
0.81930517,1.5173818,0.60657927,0.043661684,0.010614375,0.06680922,0.010286681,0.71114714,2.478147
0.78311496,2.1237794,0.54948499,0.026125855,0.020369224,0.086780893,0.013776631,0.62976267,2.4628388
0.78143999,2.2309361,0.52205955,0.026982254,0.014099317,0.081561058,0.01569372,0.5941764,2.4139722
0.78384936,1.943957,0.53617145,0.03243404,0.019700281,0.065186223,0.015016494,0.606131,2.381365
0.75377198,2.035686,0.5777118,0.027233704,0.037017868,0.090345366,0.013489811,0.58422164,2.4200814
0.83693104,1.9635741,0.51268528,0.041848085,0.011809377,0.076830958,0.01066118,0.6281722,2.4311787
0.79325128,1.7502747,0.56276017,0.023364437,0.037081521,0.091906478,0.016051008,0.61022836,2.4760616
0.79605234,1.9328134,0.56245648,0.028939786,0.02314708,0.09943579,0.010935141,0.57724469,2.4795564
0.79390445,1.7139466,0.54550748,0.032413217,0.024037111,0.099182478,0.011242917,0.58778229,2.393318
0.810012,1.9896049,0.55182419,0.032844656,0.020708499,0.098905515,0.012777785,0.66642293,2.4834981
0.82002321,1.8773413,0.53068068,0.041513556,0.029266707,0.098861343,0.012892622,0.58031586,2.4115129
0.8116471,1.6443948,0.47400529,0.024370555,0.010717757,0.090786483,0.011683112,0.57445522,2.3419813
0.82109581,1.8123764,0.4733191,0.029878295,0.014351066,0.075435248,0.010966533,0.5907518,2.3578876
0.78383883,1.7469755,0.60085591,0.038661811,0.026915801,0.077213031,0.011280215,0.64202466,2.4367634
0.78804438,1.3973859,0.61413002,0.033443188,0.017393442,0.077560042,0.014567517,0.68362051,2.4423294
0.84936403,2.1458714,0.4015294,0.036640221,0.02761606,0.099196009,0.01051512,0.49894422,2.2983188
0.808284,1.3971248,0.60165339,0.033432351,0.016615966,0.063475217,0.012500409,0.72456438,2.4764255
0.81109538,1.1091581,0.51145442,0.031579926,0.012432346,0.088766889,0.011116145,0.58473163,2.3078564
0.81220104,2.3607687,0.45823906,0.041511299,0.020661408,0.070205941,0.010096772,0.5571816,2.3144856
0.80233349,2.03322,0.53628097,0.039604475,0.023571058,0.075565328,0.010040813,0.66991138,2.4059805
0.8302776,1.4993777,0.51013458,0.032818992,0.01559889,0.083802499,0.010511915,0.54339331,2.3964842
0.82288701,1.7310761,0.49497079,0.034951342,0.022745405,0.076749009,0.010445768,0.67726773,2.3686912
0.80933234,1.4220612,0.50965761,0.034108103,0.012709761,0.076567944,0.021978186,0.61696174,2.3264783
0.82330976,1.3406698,0.53987666,0.028759386,0.014441612,0.087138844,0.012504055,0.55719185,2.4288002
0.79795741,1.4922121,0.51905709,0.032031536,0.054933828,0.09370549,0.010785035,0.6505726,2.3310216
0.84493207,1.7983153,0.53001318,0.052003709,0.018912921,0.097433862,0.011453205,0.52877821,2.4139226
0.81044262,1.2882928,0.52516661,0.022725509,0.022103429,0.083637767,0.013574382,0.61442987,2.3935259
0.81836988,1.3584028,0.52805679,0.024280973,0.012423337,0.085616618,0.011637748,0.57454905,2.4207736
0.80829138,1.9557673,0.49933527,0.045845677,0.028402224,0.092055404,0.010103613,0.69442035,2.3166276
0.82808973,1.6804299,0.5423574,0.030762781,0.019557333,0.092598711,0.010246714,0.65618508,2.4813802
0.84765461,1.6740563,0.42632996,0.02691572,0.023662423,0.071350277,0.01063403,0.59571321,2.3383965
0.8570888,1.7215114,0.45982568,0.041739454,0.018729892,0.092876613,0.010224582,0.52171234,2.3617335
0.8460682,1.8151219,0.45524017,0.038666638,0.022028756,0.09147192,0.012381833,0.60715084,2.3491297
0.85386756,1.7024203,0.46820952,0.035236379,0.017675316,0.077580082,0.01122512,0.57877146,2.3949225
0.82201252,1.8206781,0.46966067,0.049794492,0.018380007,0.082101244,0.012477478,0.52879251,2.2692435
0.88379307,1.9618355,0.44802463,0.044583979,0.024612482,0.074907877,0.013280758,0.56195718,2.4173938
0.8606909,1.8810795,0.45728279,0.049918455,0.014537132,0.086595648,0.010795998,0.47500885,2.3476908
0.82647912,1.641409,0.49394813,0.031630235,0.030551153,0.097245987,0.013952576,0.64178417,2.3811367
0.80673147,1.9351873,0.49184979,0.031513793,0.01724071,0.094304119,0.016585155,0.59103647,2.3617837
0.81638974,1.8413606,0.49290399,0.034625645,0.020603031,0.085568358,0.012523757,0.59935607,2.362818
0.84177615,1.7312072,0.51975513,0.035902668,0.013732424,0.087279875,0.013571681,0.52197563,2.4564842
0.82115985,1.6533972,0.49495523,0.038064283,0.02659723,0.077678412,0.011813567,0.55146357,2.34115
0.82392282,1.8350104,0.50915986,0.028160571,0.012301709,0.080647169,0.010117883,0.64112487,2.4425188
0.83154773,1.8884472,0.52293155,0.035030009,0.020880188,0.07295713,0.010364601,0.5756227,2.4602245
0.82533398,1.8657171,0.51477366,0.034549722,0.025992232,0.063203582,0.010367706,0.56554989,2.4286831
0.82391495,1.614506,0.56567788,0.031574387,0.017198518,0.09303742,0.010233459,0.63482672,2.4989294
0.84781847,1.5440067,0.5094458,0.024737829,0.013034503,0.095431404,0.010150181,0.64560605,2.4865349
0.85860156,1.7438592,0.41032769,0.044152469,0.026481657,0.096807865,0.010608259,0.63089837,2.2743152
0.8056548,1.7466921,0.54320844,0.037981049,0.011445558,0.066473053,0.015158998,0.48031207,2.396702
0.77930039,1.8334141,0.57571406,0.034950704,0.012841923,0.074090734,0.011451233,0.65334648,2.4128849
0.79637132,1.6028212,0.60911388,0.028701498,0.011595557,0.067160461,0.012818895,0.64694774,2.5167879
0.764756,2.336383,0.50895441,0.030229944,0.037339115,0.067258098,0.01361545,0.53363371,2.3421201
0.83865811,1.5041997,0.6059252,0.039906717,0.018012498,0.094461377,0.012757918,0.66782381,2.5466535
0.83418347,2.1067277,0.44189973,0.032826743,0.016640362,0.096984473,0.010646754,0.55295674,2.3494204
0.84537927,1.4527839,0.50428136,0.049285818,0.015043969,0.084860113,0.011468649,0.57474408,2.3446704
0.79270928,1.9293397,0.49183487,0.022315506,0.014714264,0.068613603,0.01257581,0.60647183,2.3691584
0.79473235,1.9873046,0.53717448,0.029371911,0.022853686,0.090502595,0.012023817,0.6046864,2.4331819
0.80500096,1.5407621,0.54111118,0.04157818,0.011985374,0.072183251,0.012082393,0.58553118,2.3469318
0.81947201,2.1561823,0.51589183,0.035804226,0.033753642,0.082643431,0.010134301,0.65466782,2.4460302
0.82679982,1.9140268,0.53067886,0.041324342,0.012570411,0.086496595,0.011073719,0.53811826,2.4344279
0.80384204,1.9676031,0.5559957,0.034334935,0.019795372,0.092685479,0.013127512,0.63010869,2.464228
0.7949185,1.6253852,0.48840491,0.026249564,0.020290906,0.062576712,0.010591617,0.48509629,2.3137229
0.80386298,1.262401,0.49694229,0.02512161,0.01725562,0.069704099,0.010980201,0.52313594,2.3141358
0.80567694,1.284534,0.50887938,0.025368619,0.016849742,0.076138235,0.011084432,0.51758956,2.3400702
0.78422331,2.0062647,0.60003347,0.028773185,0.015305458,0.063318637,0.011763581,0.69329794,2.5326412
0.81857407,1.927074,0.48510483,0.038282797,0.014407114,0.060140984,0.010018793,0.53710437,2.3474126
0.81107455,1.8612059,0.4973118,0.035039421,0.012403905,0.071629765,0.010092891,0.53125978,2.3576567
0.81872213,1.6044036,0.49995005,0.038669983,0.017204735,0.092461428,0.016030768,0.62814238,2.3350647
0.8263086,1.1836127,0.54180769,0.038005833,0.038082729,0.089073872,0.011868173,0.60056724,2.3733162
0.84818381,1.5289263,0.42143821,0.041412145,0.016612614,0.086023989,0.012749237,0.65012611,2.2600401
0.85246552,1.5787057,0.45334663,0.038055629,0.019005052,0.081713857,0.012515327,0.6610585,2.3409138
0.80630863,1.2184604,0.5457809,0.036830756,0.018707891,0.091587423,0.010711553,0.49877164,2.3376955
0.8219502,1.2239907,0.55478994,0.036790306,0.030145486,0.06325791,0.012264892,0.52977749,2.3935163
0.81131583,1.4975294,0.53600096,0.037374337,0.018591927,0.083680716,0.011946006,0.60722376,2.3690798
0.82633721,1.5636322,0.57442407,0.036995571,0.025531084,0.078323156,0.011492807,0.66184991,2.4844428
0.80121325,1.9997492,0.46372337,0.035043574,0.016602977,0.072392735,0.010750172,0.57384075,2.2876945
0.80696393,1.5234753,0.57133084,0.039817151,0.016958921,0.090099233,0.012545638,0.52420458,2.4078969
0.81535498,1.721645,0.53808547,0.031090669,0.02594466,0.084369072,0.01217905,0.51721417,2.4440496
0.81593774,1.7699383,0.49497365,0.029250206,0.017226713,0.082283598,0.011160679,0.68439364,2.3823492
0.83903332,1.5440932,0.47379606,0.027555293,0.022427232,0.082661042,0.011509105,0.58671513,2.3856851
0.82428315,1.8437144,0.51712896,0.040671532,0.011546855,0.077199006,0.011827628,0.5458189,2.3980767
0.78081316,2.0586937,0.55499798,0.039417516,0.011211899,0.074031209,0.011415708,0.47116911,2.3892729
0.77102115,2.0122559,0.5532697,0.027958215,0.031276804,0.084781135,0.013303484,0.67687799,2.4121277
0.80797317,1.8720875,0.5537624,0.047101031,0.012413326,0.079923202,0.01119358,0.55392176,2.3937423
0.82996708,1.6622297,0.53551401,0.017118144,0.02490222,0.09510166,0.013767128,0.57346402,2.5454303
0.78439478,1.7665671,0.49698597,0.026629183,0.013646509,0.061189643,0.01050035,0.66754728,2.3167746
0.8827353,1.4389961,0.48363118,0.04906027,0.021430023,0.086712674,0.013530263,0.57653498,2.4037459
0.84127397,1.5006433,0.37734796,0.033167458,0.016192899,0.086406083,0.012328269,0.50303542,2.200409
0.83224178,1.8660204,0.5702287,0.045033112,0.022042189,0.095080637,0.011026493,0.56112644,2.494396
0.84118305,1.4849158,0.54467754,0.046957198,0.017892769,0.086761332,0.011445051,0.56893576,2.4125596
0.85268362,2.0547756,0.49818414,0.023546257,0.021393351,0.094020793,0.012717689,0.59629937,2.546831
0.79294976,1.4070333,0.49862215,0.043381804,0.013307493,0.064351233,0.012207775,0.53067454,2.2252968
0.84311478,2.2227748,0.51495007,0.030177554,0.013689658,0.078266923,0.012367085,0.52220539,2.5423169
0.7958011,1.5382541,0.5103314,0.038273557,0.045680484,0.096163188,0.011849299,0.69631838,2.2881025
0.80417836,1.8456547,0.58407113,0.034403629,0.020758184,0.081013288,0.014144049,0.59869233,2.4990664
0.79739091,1.754036,0.58037273,0.046042202,0.012967993,0.076608707,0.011756494,0.63424384,2.4005286
0.78872989,1.678581,0.60170008,0.035413685,0.014261911,0.081709381,0.012800977,0.64742288,2.4578118
0.80500454,1.9121793,0.51814602,0.039421513,0.021538784,0.068766905,0.014355718,0.48243253,2.3652632
0.8370004,1.6093092,0.51671709,0.033726007,0.022404994,0.092931026,0.010657457,0.71833886,2.4343189
0.81421883,1.7912349,0.51346346,0.04056218,0.013049078,0.077875898,0.011200591,0.46038959,2.3602369
0.80143215,1.8041568,0.53905599,0.030906596,0.033800351,0.092583865,0.012894631,0.71043178,2.421415
0.84499486,1.9163913,0.42108639,0.033189215,0.017364308,0.069103207,0.013527093,0.59802354,2.3179338
0.83886479,1.9691568,0.46025612,0.03107046,0.01781584,0.081303944,0.013214364,0.64031409,2.3897255
0.82664832,1.9940281,0.4558507,0.031288884,0.0268631,0.072494561,0.011513249,0.64579325,2.3524856
0.82772172,1.8870124,0.4922562,0.02977333,0.022140478,0.092879244,0.011040574,0.65642344,2.4188175
0.82328135,1.8673702,0.46823869,0.02712269,0.023719207,0.093667691,0.011031199,0.65336705,2.3727911
0.82969373,1.5507176,0.5053249,0.039948089,0.021680767,0.088552533,0.012862376,0.48519627,2.3597149
0.83344304,1.7101799,0.4934774,0.032133861,0.016385994,0.078839971,0.011793144,0.49843253,2.4036798
0.81971488,1.6584204,0.42391346,0.04555771,0.0126639,0.068592277,0.011782147,0.57417754,2.1913505
0.86826773,1.6136432,0.57111958,0.03630445,0.023618853,0.096855725,0.010179057,0.63320892,2.6003409
0.86491565,1.8553292,0.54579146,0.038493415,0.020747836,0.097241031,0.010399876,0.56647796,2.5668477
0.77808626,2.3499974,0.52440234,0.032027704,0.010108147,0.088275084,0.014371785,0.74494695,2.4001994
0.82327061,2.2067305,0.56362518,0.046749874,0.010039281,0.088989548,0.019047979,0.54583842,2.4988139
0.80161707,1.0931056,0.42163954,0.028348242,0.013233972,0.052035704,0.010111104,0.49160117,2.159157
0.85021176,2.1524338,0.5889748,0.040296609,0.017800482,0.085153137,0.010990027,0.60606709,2.6448877
0.84206717,1.0180047,0.43125997,0.032851867,0.020485356,0.058901938,0.010963371,0.53359864,2.2491968
0.82543424,2.3675335,0.54379963,0.040119578,0.018095911,0.071052046,0.014633452,0.47598279,2.5222666
0.80524436,1.3145705,0.4956286,0.033136449,0.039382297,0.075109025,0.01210209,0.55887659,2.2851548
0.79826678,1.3447003,0.51672858,0.033436171,0.021756576,0.073995179,0.014808618,0.61494795,2.3031388
0.80702339,1.7207651,0.47660201,0.036500564,0.027286607,0.078926244,0.012523665,0.66880493,2.2887758
0.84662146,1.9199249,0.53487672,0.040626829,0.012069852,0.090227089,0.012780426,0.49592821,2.4969848
0.85900806,1.6580172,0.3981093,0.043081351,0.03198456,0.086771163,0.012537565,0.5568969,2.2523843
0.85842782,1.2522043,0.37466373,0.028876095,0.014059761,0.093601802,0.011333777,0.47310908,2.2345827
0.82450929,1.8746744,0.57486623,0.043274677,0.028223591,0.092870436,0.012472503,0.69343436,2.4929884
0.76135303,1.6486461,0.59112945,0.03563972,0.049725411,0.095983976,0.010951298,0.58212931,2.3602898
0.86380883,1.4015242,0.38213544,0.036929319,0.010058022,0.087469688,0.012316209,0.63403854,2.2410813
0.83669059,2.2550025,0.57342269,0.036651505,0.013320696,0.098167743,0.010645988,0.72992633,2.6142369
0.79461158,1.2856165,0.45899462,0.035538311,0.011276379,0.056113531,0.015470006,0.43510028,2.1882543
0.80892338,1.2737877,0.46851772,0.026602107,0.011477938,0.06163897,0.013600776,0.4813942,2.2752723
0.80526456,1.2446532,0.46520647,0.024252634,0.011851324,0.059697677,0.014999906,0.49496443,2.267772
0.8195453,1.6520152,0.50945549,0.019526269,0.01135752,0.093389916,0.011073263,0.61390247,2.4528756
0.7718903,1.7397742,0.54443108,0.026649121,0.022500804,0.08007047,0.012434754,0.63270873,2.3659798
0.82473281,1.7919037,0.55768746,0.048227573,0.014898233,0.088639479,0.011071454,0.60478856,2.4269219
0.83154793,1.9165828,0.41023286,0.033102046,0.015757016,0.087072609,0.012704553,0.55576218,2.2660451
0.82009296,1.3942824,0.52574893,0.045564837,0.016247776,0.082272522,0.011746211,0.49192095,2.324218
0.76447535,2.0006397,0.52864101,0.029490601,0.018473496,0.075795449,0.014775459,0.54205882,2.3389759
0.80777518,1.4974901,0.54590309,0.040079932,0.015147634,0.06855487,0.011918731,0.50456527,2.3632741
0.84290595,1.4723324,0.45199627,0.044504779,0.016519213,0.077986167,0.015625697,0.63561483,2.2786606
0.85307042,1.5179784,0.48523776,0.04696278,0.027377723,0.09381998,0.010407407,0.58934788,2.350711
0.83172983,1.9915813,0.43784147,0.035408457,0.014324842,0.070177677,0.015801655,0.50079574,2.3137106
0.81987742,1.5236976,0.55536317,0.031887124,0.015524868,0.076133243,0.01109158,0.4955326,2.4553281
0.85538652,1.9324918,0.49037552,0.030546807,0.025417192,0.087139805,0.010548658,0.62561125,2.4874774
0.867661,1.7485046,0.41563654,0.047600147,0.014986493,0.093130448,0.012949296,0.5402763,2.2920479
0.8225914,1.5924566,0.48067743,0.030051308,0.02131081,0.067824591,0.012193754,0.52418044,2.3497203
0.80752679,1.7252891,0.52400779,0.026595682,0.025002116,0.090658902,0.014084815,0.51888203,2.421251
0.81459627,1.8194158,0.49008097,0.043646834,0.012742915,0.078581287,0.010489232,0.66291645,2.3105489
0.84242217,1.6553504,0.46016101,0.03162552,0.025320272,0.09253231,0.013197372,0.47748245,2.3633521
0.85106956,1.5843959,0.46029583,0.039713952,0.013189,0.099547148,0.010688125,0.62181494,2.3426714
0.86041866,1.5732621,0.46474417,0.040038,0.057061356,0.09985919,0.013923194,0.49076299,2.3706949
0.84212869,1.3517221,0.44078034,0.046596128,0.0306423,0.099779497,0.014705866,0.48110637,2.2403816
0.82605595,1.4176481,0.44229443,0.05035255,0.02125864,0.09916992,0.013540379,0.43843722,2.1959906
0.87180337,1.4889503,0.43394471,0.045904103,0.018410926,0.098165075,0.012684839,0.42502467,2.3159911
0.81060709,2.0238103,0.57830411,0.040119771,0.011428415,0.098692957,0.01820483,0.53062415,2.5015733
0.81719762,1.4688761,0.50214012,0.028179496,0.011443951,0.098244863,0.012604224,0.6739571,2.3675525
0.79199479,1.8622653,0.47176264,0.043039057,0.015458406,0.045804842,0.010866135,0.49734446,2.2309224
0.78970944,1.9377568,0.56881277,0.029245696,0.025603011,0.086176131,0.016602856,0.46634397,2.4738105
0.85708735,1.8034331,0.45084933,0.044652851,0.018530986,0.09099523,0.010751144,0.67311322,2.3421615
0.76142783,1.6985692,0.59264909,0.029356132,0.014100984,0.075926931,0.01351278,0.50145197,2.4038652
0.81300739,1.8974822,0.48970783,0.044111854,0.024352644,0.085665197,0.011393936,0.59814582,2.3126496
0.81749505,2.298343,0.47830817,0.034056114,0.031526916,0.091576901,0.010887746,0.54628865,2.392956
0.83706827,2.2528128,0.46605531,0.035803274,0.046904446,0.092146503,0.01056067,0.51648556,2.4047454
0.77126492,2.2871162,0.54315918,0.044411228,0.017172566,0.066425799,0.012080946,0.52358428,2.3501468
0.80173049,1.8173336,0.53000618,0.035209382,0.016105834,0.070819757,0.018986395,0.52517208,2.3861062
0.82711251,1.6484589,0.47029927,0.027009653,0.014969469,0.091101581,0.011844093,0.58432306,2.3630087
0.82096791,2.0056229,0.50619872,0.025013125,0.01848189,0.089375561,0.012790525,0.48659777,2.4665633
0.79210456,1.675088,0.50890073,0.052756208,0.024982084,0.062556854,0.012279941,0.54622782,2.2308446
0.85781245,1.6397859,0.43527647,0.024858568,0.011412923,0.089355504,0.011036144,0.50040852,2.385748
0.78734729,2.0125286,0.57053967,0.038996534,0.048977674,0.082126291,0.010058346,0.68296931,2.4303806
0.83798719,1.9973917,0.48452421,0.034417901,0.011201926,0.063164119,0.011183557,0.52914447,2.4208427
0.80277315,1.8842085,0.53002734,0.043827505,0.031755666,0.087218585,0.019812915,0.54321996,2.3564236
0.82163327,1.3981562,0.51835368,0.03141036,0.013792066,0.065156785,0.010284772,0.54556482,2.3824083
0.8484446,2.0248516,0.53640153,0.039437973,0.018189565,0.090255556,0.012254841,0.5547543,2.5243551
0.82316449,2.0852361,0.55673898,0.036905919,0.020330713,0.093564322,0.013332817,0.65236757,2.5194274
0.81318371,1.8883045,0.51179233,0.035281532,0.016643411,0.091303841,0.01258817,0.63689583,2.3913485
0.81583414,1.6583813,0.51580017,0.044399218,0.020685048,0.068054963,0.012017698,0.47301289,2.3347704
0.80326959,1.9380094,0.53750926,0.024042798,0.023907671,0.083895142,0.010099571,0.67262959,2.4777638
0.77826796,1.7291635,0.56186795,0.033929373,0.012970365,0.066123733,0.010107895,0.77691202,2.3754937
0.77689312,1.5007831,0.60432048,0.03235504,0.012219785,0.079937072,0.010094642,0.80752516,2.4182959
0.79505924,2.1199142,0.56192145,0.033419252,0.023470652,0.0977379,0.018698592,0.49442704,2.4792786
0.82938334,1.5105259,0.45142766,0.033751434,0.012533429,0.067931882,0.011130274,0.49918611,2.2920902
0.81553848,1.9682012,0.50443505,0.04353252,0.028159812,0.094488123,0.011808621,0.63687856,2.3553428
0.81381026,1.8446174,0.49480711,0.04282235,0.051309826,0.096037961,0.011281513,0.64865184,2.3230944
0.83584487,1.5811986,0.48793069,0.032053713,0.011995032,0.083654994,0.0121423,0.51437549,2.3855613
0.83321708,1.9478945,0.51227892,0.036802479,0.017178994,0.069668027,0.011077482,0.53955427,2.4434007
0.79651596,1.6874194,0.54135314,0.034029366,0.013230791,0.062749209,0.013986114,0.64889013,2.3811764
0.84450499,1.6789985,0.43986858,0.031462897,0.012213305,0.092158971,0.010516312,0.4948837,2.335752
0.84455639,1.6255591,0.46202621,0.027919899,0.012107161,0.09242279,0.010257049,0.51749873,2.3857191
0.85345795,1.6914654,0.49438198,0.035182239,0.011702519,0.067286113,0.010843075,0.54040363,2.4395276
0.81815177,1.975529,0.48740873,0.042173066,0.02015327,0.099450872,0.013990595,0.59473885,2.3385786
0.82790301,1.2328395,0.49583211,0.031537857,0.019930595,0.070081875,0.01064217,0.55493968,2.3412223
0.86139705,2.0227643,0.50799776,0.046780869,0.019327386,0.090642866,0.01014725,0.47894975,2.4677189
0.83677403,1.6665663,0.52317175,0.037295403,0.021902469,0.072076708,0.011511918,0.53499607,2.4347582
0.80682435,1.5484692,0.56005489,0.045028924,0.014953461,0.079321442,0.010594609,0.53371779,2.3670917
0.79667952,1.4796682,0.50803263,0.029786206,0.013973602,0.063339365,0.010516536,0.55285194,2.3182106
0.81633154,1.624118,0.56373794,0.02284104,0.01141391,0.079632961,0.0101958,0.45312415,2.5246009
0.85228096,1.69867,0.38279468,0.054759306,0.017989074,0.058782606,0.010073417,0.50279354,2.175776
0.84034747,1.5497482,0.42217035,0.042003098,0.025655314,0.079013355,0.010310612,0.5532591,2.2419146
0.84116466,2.0827797,0.47126244,0.027451796,0.014358424,0.084334458,0.012362104,0.5571883,2.4461585
0.82436011,1.8891767,0.45050251,0.018574074,0.017518071,0.076832397,0.010196454,0.62967244,2.3841323
0.78609332,1.7710797,0.57305331,0.02605836,0.026223806,0.081333265,0.010714501,0.51754861,2.4642735
0.8166129,1.7823478,0.40122312,0.026493222,0.013257847,0.076138566,0.015753455,0.54941407,2.2283628
0.82541307,1.8478533,0.56483282,0.02109305,0.027538828,0.092124538,0.010625875,0.57080556,2.5951117
0.79077652,1.8171944,0.49323653,0.032569301,0.016723892,0.056703635,0.010713482,0.65344468,2.3049601
0.81543938,1.9956594,0.5784515,0.021494883,0.023430281,0.091303807,0.011091759,0.59692777,2.6159767
0.79917721,1.7288764,0.55066279,0.040057615,0.015215602,0.080364832,0.012349083,0.5970152,2.3803012
0.81394771,1.5182462,0.51392049,0.028164677,0.034020207,0.084669591,0.014739624,0.59400201,2.3856304
0.80586672,1.9746094,0.49480602,0.047686101,0.012321738,0.052124464,0.010774992,0.48817278,2.2970252
0.81427405,1.856357,0.49459545,0.043870339,0.01339736,0.065435437,0.010611067,0.49437102,2.3206272
0.82346014,1.4915975,0.52129795,0.030339284,0.025745796,0.094419527,0.013703652,0.70075775,2.4091553
0.81536863,1.5171371,0.51985398,0.032716967,0.022594378,0.094504431,0.013879957,0.7069981,2.3773007
0.89919943,2.045748,0.45411558,0.042585932,0.025268243,0.09481831,0.012641978,0.41295302,2.4829306
0.78189238,1.2648496,0.53552266,0.032068315,0.017497672,0.076746381,0.011555152,0.62348858,2.2865838
0.81381535,1.77974,0.51957208,0.036424131,0.017200073,0.077186321,0.014381105,0.65281886,2.3879563
0.83060617,1.5090166,0.5099256,0.036006574,0.022931574,0.079892396,0.010501883,0.55918599,2.3830057
0.79347839,1.9596337,0.50414246,0.038361621,0.010791257,0.071515261,0.016565573,0.59904079,2.3217237
0.83823765,1.5419066,0.46634922,0.036895365,0.028198073,0.09123069,0.010425494,0.56395651,2.3287693
0.79525453,1.9005894,0.50022732,0.03460817,0.013479047,0.070107533,0.014952646,0.51222099,2.329342
0.80358827,1.8956979,0.52360228,0.035704735,0.017677474,0.078000634,0.014699137,0.48779141,2.3870859
0.8241721,1.3052031,0.47388069,0.03043415,0.019260801,0.074360123,0.011840201,0.58317747,2.309214
0.81391996,1.453655,0.48805278,0.03052344,0.029314651,0.079815671,0.01064758,0.57402005,2.3224996
0.85706103,2.0684956,0.55078773,0.040291637,0.011704613,0.082360347,0.01310737,0.48340946,2.57559
0.82353309,2.250796,0.53279947,0.058065373,0.01029543,0.079868358,0.011383546,0.52190276,2.3943395
0.81828856,1.8383463,0.60110087,0.03766472,0.012047798,0.08037681,0.015550851,0.68297136,2.5490703
0.79631895,1.7718772,0.62550361,0.041918247,0.037567174,0.094355795,0.010303559,0.76188273,2.4998935
0.82351111,2.0157393,0.42506076,0.021469935,0.011775471,0.07559147,0.015144417,0.59824396,2.3315782
0.83335905,2.3683376,0.47616266,0.027235933,0.016314752,0.077954968,0.010640776,0.48415232,2.4695908
0.82728496,1.6894876,0.53685231,0.052848502,0.01297447,0.083532077,0.010454225,0.68450217,2.3637528
0.81144356,1.6630412,0.52456414,0.034744365,0.027948298,0.073510826,0.012608412,0.64052612,2.3839479
0.82092422,1.7708816,0.52969211,0.038637654,0.010069896,0.072628837,0.0117,0.56166653,2.4122873
0.80127659,1.760614,0.52815863,0.035854241,0.010616449,0.065594469,0.010434755,0.57850953,2.3711685
0.85392072,2.1148664,0.43643137,0.036393524,0.010233753,0.078239581,0.010895481,0.60192098,2.3729004
0.79258757,1.3084881,0.52316618,0.02642287,0.047594412,0.075270457,0.01496836,0.5492475,2.3272928
0.79859742,1.9303262,0.5338983,0.039131211,0.011341814,0.086355873,0.015007397,0.55774293,2.3807852
0.82993947,1.9393995,0.53774052,0.030109118,0.013693515,0.091649964,0.01085282,0.6081428,2.5163371
0.79464576,1.9211978,0.58338446,0.032488644,0.018232203,0.095056075,0.013871007,0.61974386,2.4944123
0.81079212,1.5317296,0.47951464,0.045277786,0.0174918,0.065090602,0.011579872,0.52694761,2.2459455
0.82168657,1.8907148,0.5157513,0.028559349,0.024086436,0.092965855,0.011678547,0.67088128,2.4542017
0.80509933,1.9605986,0.53059485,0.041747672,0.018811422,0.081590074,0.013616308,0.56119506,2.3829039
0.81746095,1.6280986,0.50785315,0.029020828,0.018348901,0.064961847,0.010862134,0.62865384,2.3934937
0.78659833,1.8125906,0.5012483,0.022016452,0.017126421,0.079810004,0.01248141,0.61102863,2.3582266
0.85787892,1.8716149,0.52609957,0.043871303,0.025883248,0.088729217,0.01178637,0.53625942,2.4873373
0.85648551,1.9072309,0.51586897,0.048623104,0.014127992,0.070289199,0.013031205,0.49735559,2.4472487
0.80766744,1.5986855,0.44916133,0.030150795,0.044036507,0.087834395,0.012234849,0.49438791,2.2580543
0.83051455,1.9638661,0.52719908,0.036892123,0.01081217,0.088466356,0.011484466,0.69384189,2.4658788
0.79637202,1.7911838,0.47550029,0.033598719,0.020162525,0.063810469,0.013484674,0.45123399,2.2804115
0.83237321,1.7314063,0.55015881,0.040357014,0.017353168,0.085167804,0.011883246,0.66989788,2.4641503
0.83144735,1.8509835,0.50603972,0.035517662,0.018125933,0.084308876,0.011419858,0.58056776,2.4218153
0.82677169,1.7780068,0.50869473,0.035080206,0.02126452,0.086874005,0.011019948,0.57975017,2.4079541
0.85123189,1.7527389,0.52648217,0.035052045,0.011443161,0.08201375,0.015752751,0.53740417,2.5000505
0.78298857,1.7543257,0.50112187,0.029843898,0.025434818,0.074116535,0.010396284,0.59256288,2.3040203
0.79868668,1.7691681,0.56635738,0.021987754,0.013598361,0.087888073,0.015536833,0.66221757,2.5082097
0.78079483,2.049888,0.54997013,0.018096631,0.025579286,0.074162276,0.010368526,0.66944523,2.4911655
0.81940967,1.7197668,0.59173417,0.040846604,0.014146195,0.090674182,0.011218869,0.70427378,2.4993072
0.83441429,1.6498053,0.56506618,0.027015114,0.028532958,0.092527041,0.012428397,0.63306301,2.5561913
0.85234904,1.7232398,0.48253617,0.042866273,0.016121333,0.099034742,0.012454037,0.5573967,2.3842507
0.79050542,1.8035705,0.51332174,0.029961831,0.016307371,0.060323607,0.010384631,0.58577272,2.3507347
0.81113821,1.8170533,0.52041339,0.04388574,0.024115376,0.084354741,0.011574615,0.51702474,2.3523186
0.80282794,1.9524208,0.55842749,0.024856416,0.014726239,0.09294546,0.014153178,0.68468332,2.5152647
0.81739145,1.774004,0.42501886,0.048692851,0.021777618,0.072900877,0.010447286,0.44179299,2.1860656
0.83484909,1.7727923,0.4288081,0.042816482,0.020575982,0.058041627,0.010491816,0.45568276,2.2557448
0.83610914,1.7826729,0.41754913,0.044703016,0.025377398,0.073263271,0.010352596,0.45598073,2.2338634
0.81886643,1.5781553,0.54983651,0.028557803,0.017690818,0.09341647,0.014148043,0.69467944,2.4680036
0.81135926,1.8909436,0.49884654,0.04418053,0.018721377,0.05886475,0.010460731,0.45547179,2.3232607
0.83641335,1.6866863,0.47706015,0.031307815,0.024224444,0.088346167,0.014867815,0.63230677,2.3830339
0.83928256,1.7485542,0.4495011,0.057635881,0.022523354,0.08581743,0.012483634,0.62273871,2.2414362
0.84502128,1.8118588,0.50439161,0.02785668,0.017761973,0.095012912,0.014530542,0.45906177,2.4868559
0.86043113,2.0832475,0.47421134,0.030574067,0.021089279,0.098488342,0.01093496,0.49917817,2.4856584
0.84093661,1.9854184,0.54891166,0.033773723,0.017186469,0.091241736,0.010278402,0.51231724,2.5534926
0.7941847,1.5475695,0.49188726,0.030398752,0.013259986,0.077539576,0.013455284,0.69705476,2.2898296
0.84730294,1.8885682,0.5099699,0.051599507,0.027126374,0.091306322,0.010892203,0.60596539,2.3984214
0.84480891,1.6680339,0.45400761,0.039509447,0.0185924,0.091189749,0.010732161,0.57605315,2.3258153
0.8483511,1.9589255,0.55839015,0.043983911,0.0225707,0.099607579,0.011021573,0.67064223,2.5329346
0.83342187,1.7443078,0.5539868,0.031081828,0.010234606,0.091860922,0.010133016,0.6052696,2.5240552
0.80015688,1.6906267,0.52741597,0.039832924,0.010173623,0.067992216,0.025060931,0.55850782,2.3392316
0.8593047,1.5441417,0.52763543,0.034458126,0.031750347,0.099302989,0.010142904,0.69063948,2.4993129
0.77421789,2.0454704,0.5287797,0.021446929,0.012609188,0.060933798,0.021912707,0.54831694,2.4119476
0.77269278,1.7538207,0.51883603,0.033635954,0.020360541,0.082398978,0.012765769,0.49429466,2.2908097
0.82494484,2.1648437,0.4760956,0.044981564,0.013637192,0.074263946,0.012978385,0.59027653,2.3434625
0.84222044,1.3317026,0.49058403,0.035274986,0.02114174,0.074024257,0.011336535,0.4807895,2.3633493
0.78263342,2.3905434,0.59416522,0.033816119,0.010424291,0.089485253,0.011145345,0.68917714,2.5503116
0.84439035,1.4285187,0.45636729,0.042288498,0.018461694,0.073804917,0.010554735,0.56246534,2.2938648
0.80629089,2.2008039,0.53048251,0.032660524,0.019026206,0.077890494,0.013920111,0.54803211,2.462306
0.85061502,1.3337338,0.51002515,0.043008592,0.01276396,0.070944353,0.011913225,0.64625019,2.3809028
0.81205529,1.6001997,0.53176114,0.042704089,0.018576829,0.087134619,0.010832436,0.69511513,2.352059
0.82060021,1.577533,0.49346451,0.027491021,0.018880849,0.080181283,0.010583088,0.70781489,2.3773745
0.81632858,1.6772219,0.59007041,0.046478923,0.012492108,0.086183402,0.015666568,0.64542467,2.4525759
0.84380802,2.1500412,0.39579825,0.033228851,0.014296563,0.079103894,0.011734686,0.49752266,2.2880218
0.80373717,1.102927,0.54976661,0.03495636,0.015729621,0.092362435,0.011928982,0.59946565,2.3305927
0.81515506,1.2461427,0.55337283,0.035840793,0.017305331,0.094401425,0.010534279,0.63449669,2.381177
0.81584474,1.3377716,0.54891952,0.036009392,0.025468223,0.092819344,0.010292542,0.67348719,2.3874489
0.82073412,1.5025458,0.55990724,0.04089977,0.018511792,0.096784982,0.011461862,0.5428716,2.4165501
0.81982021,1.6734283,0.49868102,0.033078711,0.028414454,0.080226849,0.014778781,0.65856769,2.3694013
0.8356005,1.6080583,0.55120095,0.025137882,0.011776785,0.078685184,0.010604211,0.5624498,2.5379089
0.77874479,1.9489652,0.54568528,0.032814979,0.027798904,0.058757811,0.010535199,0.69346043,2.3843539
0.80002603,1.7993109,0.61376347,0.028641178,0.012366169,0.080191609,0.017009894,0.51005487,2.5686417
0.81773207,1.639719,0.40253858,0.017719849,0.017334892,0.072607786,0.010172589,0.63445897,2.2567489
0.8418425,2.070218,0.55544964,0.039353909,0.023266285,0.083524953,0.011703629,0.45670803,2.5504196
0.81292619,1.9718776,0.49435731,0.05552179,0.020537031,0.083900696,0.011580891,0.54828,2.2805392
0.80987371,1.7026711,0.48652736,0.028674014,0.013884419,0.053150167,0.011366768,0.46903565,2.3464368
0.84931567,1.4336031,0.51274027,0.047576528,0.024097651,0.095695546,0.010962491,0.6366126,2.3730232
0.83883344,1.7084614,0.51673504,0.03769022,0.020654891,0.099518038,0.014515762,0.58676001,2.4320019
0.82452192,1.8711847,0.53082717,0.028504037,0.01020986,0.062292324,0.010815951,0.55596602,2.4881118
0.84654366,1.4783276,0.4282632,0.050458161,0.013559637,0.0715682,0.011200909,0.44656517,2.2288399
0.86228043,1.8581936,0.41387805,0.041904517,0.025071287,0.073997288,0.011260788,0.47787126,2.3070421
0.85855873,1.8077147,0.4172846,0.047045786,0.028009794,0.077122188,0.011978615,0.48094487,2.2801496
0.86006823,1.8286553,0.40100416,0.051118143,0.025115262,0.073806169,0.01202578,0.49544799,2.2439337
0.77228185,1.8753099,0.57394409,0.026981459,0.018072562,0.070675529,0.010384366,0.56915212,2.4394982
0.80284002,1.7893046,0.58685298,0.036311964,0.01707685,0.084326018,0.017106741,0.67898655,2.4816073
0.78793507,1.8843991,0.58196712,0.036705142,0.018670521,0.086404782,0.014137389,0.69028588,2.4456072
0.81390676,2.0116907,0.60164384,0.034854944,0.012708935,0.076895024,0.012540541,0.58191145,2.5820593
0.82413598,1.6442174,0.45764725,0.032380075,0.016179999,0.089168248,0.010515725,0.7068041,2.3087862
0.81141273,1.9049041,0.55267367,0.041911327,0.010664917,0.089190061,0.017110256,0.48945168,2.4304259
0.8513762,1.3789061,0.37765415,0.031869682,0.019607149,0.081902765,0.010230136,0.62480301,2.2208275
0.84517097,1.5981367,0.40270671,0.030470713,0.027989012,0.068578951,0.010198627,0.58384015,2.2696293
0.84128695,1.8529324,0.41963558,0.043299637,0.013482246,0.079859278,0.012251461,0.49571004,2.2609013
0.82687551,1.7097144,0.53220421,0.04212097,0.034404395,0.072782713,0.010175144,0.53635646,2.4072731
0.82766056,1.716723,0.49076491,0.047044037,0.014680253,0.086692299,0.010335959,0.50022767,2.3181262
0.78882912,1.7827387,0.48235034,0.02086327,0.018045835,0.084064192,0.016095445,0.55238383,2.3307451
0.81615672,1.6332808,0.51956516,0.041879513,0.018915417,0.072585029,0.011349873,0.6425679,2.3501999
0.84345269,1.8161895,0.4938775,0.033012856,0.020113702,0.088527788,0.010103082,0.50223493,2.4380326
0.82639102,1.685537,0.48353399,0.034844321,0.019042569,0.093646283,0.010465619,0.51688484,2.3528414
0.850369,1.8283128,0.51566285,0.035579066,0.02710534,0.081637662,0.010814299,0.55877626,2.4847845
0.79318921,1.5706831,0.4986921,0.036371747,0.016689532,0.077679772,0.010166715,0.53075806,2.2746815
0.82691782,1.3941785,0.51156129,0.034810282,0.019325971,0.071099297,0.010269961,0.60002947,2.3680877
0.83090524,2.0296094,0.51871584,0.03798185,0.019630202,0.077755698,0.012872158,0.57929928,2.4539229
0.81793565,1.5371265,0.49761272,0.03948903,0.019538194,0.082960069,0.011263805,0.61055972,2.3178254
0.82424918,1.4961015,0.48083471,0.035081918,0.020477368,0.078155146,0.014023881,0.58854746,2.3209459
0.81622099,1.4680878,0.52775353,0.023028289,0.026591051,0.089637444,0.010228328,0.66198307,2.4354882
0.812276,1.9209098,0.50179694,0.033792696,0.014732534,0.063753324,0.012387925,0.56180857,2.3818164
0.81932587,2.0350176,0.49484017,0.038752184,0.018298991,0.097115558,0.01185177,0.63408762,2.3771465
0.8546441,1.7045423,0.49683907,0.034866439,0.022200952,0.09645393,0.011360621,0.66710742,2.4499702
0.84611494,1.8589885,0.50819563,0.038278363,0.011789312,0.097722424,0.010265512,0.65535155,2.4507037
0.85446747,1.8159175,0.51292967,0.050205963,0.014772366,0.096737661,0.012021215,0.66036734,2.4190157
0.80148536,1.4974539,0.46068808,0.022250154,0.024567039,0.06423361,0.012015889,0.48056801,2.286136
0.82425911,2.0858182,0.53364457,0.017789185,0.015163826,0.095761055,0.011254767,0.68277403,2.581797
0.79741181,1.2885855,0.53868476,0.031239393,0.026021368,0.095143945,0.01026795,0.54506982,2.3393453
0.82281938,1.3654937,0.53495684,0.029551848,0.027630671,0.088283892,0.011285764,0.56515979,2.4184598
0.82666387,2.0507939,0.40184408,0.047626775,0.011434302,0.096557043,0.013447611,0.5587073,2.1966113
0.82929368,2.0537963,0.43521053,0.042728018,0.012040032,0.095669795,0.013892749,0.50994333,2.2790115
0.83498025,1.5631192,0.55420445,0.033874876,0.011415287,0.09678155,0.011371005,0.56785137,2.4882575
0.83317158,1.7962394,0.42931288,0.035097881,0.014365247,0.092817037,0.015455253,0.51096942,2.2851464
0.80050045,1.6528821,0.51078849,0.042349149,0.020849044,0.085684383,0.010943244,0.64107046,2.2963593
0.81496547,1.8394361,0.54677126,0.036845663,0.015679604,0.097105089,0.016536503,0.53375259,2.4454336
0.81040118,1.6336049,0.55658303,0.029757385,0.028979133,0.098227585,0.014906013,0.38983127,2.4591026
0.83854659,1.549526,0.46442788,0.0327188,0.021619356,0.081258279,0.010453564,0.81785239,2.3452855
0.81651346,1.6689327,0.51998584,0.026687704,0.017682172,0.083911839,0.010535004,0.67508871,2.4296655
0.8638719,1.9958234,0.43658322,0.022971648,0.022750731,0.088086656,0.011679005,0.47167561,2.446664
0.80862899,1.636737,0.58154344,0.047808643,0.014377422,0.066622053,0.012742132,0.74424123,2.4057777
0.80718766,1.6674527,0.59438992,0.033166806,0.022768906,0.085250857,0.010665731,0.70171354,2.505017
0.81705178,1.5680054,0.52955032,0.04356923,0.013310005,0.086357341,0.010821557,0.64751681,2.3530914
0.82359327,1.7019203,0.55122057,0.041888864,0.010035223,0.054897185,0.010151971,0.54870298,2.4316855
0.80707043,1.6203274,0.5511331,0.02874029,0.014150499,0.093110561,0.012577352,0.63577082,2.443949
0.80633863,1.865307,0.58265216,0.033742169,0.03048624,0.072830487,0.011429598,0.56876209,2.5088281
0.81432973,1.9705741,0.49144607,0.038849243,0.011261833,0.089641666,0.015761337,0.59545472,2.3505446
0.81510939,1.5076791,0.50216697,0.025017514,0.025752506,0.089338267,0.010053343,0.55402739,2.382142
0.8646322,2.0808385,0.51317151,0.048791074,0.026806112,0.095019219,0.010535128,0.59377179,2.4826436
0.84625968,1.8466994,0.52235377,0.049496899,0.018124999,0.094684814,0.010741074,0.5474515,2.4216702
0.7852822,1.7054667,0.51238936,0.022330792,0.020971416,0.058722192,0.010335567,0.61538546,2.3603284
0.81179612,2.0854267,0.58053549,0.039364433,0.018769152,0.085038689,0.016790629,0.60130568,2.5222257
0.85557644,1.3828303,0.40016618,0.02926716,0.024182823,0.074167413,0.01042694,0.54147717,2.2778356
0.78107761,2.2669666,0.62839382,0.0398298,0.015988649,0.093259255,0.010864876,0.61343841,2.5602154
0.8134822,2.2852545,0.59695137,0.031218901,0.011300613,0.066361547,0.011118808,0.59377934,2.6371621
0.81622742,2.3965741,0.55438435,0.035300462,0.012574346,0.085576214,0.014113595,0.61645354,2.5497319
0.80169499,2.444233,0.545911,0.047609466,0.017141912,0.078137526,0.012773788,0.62985906,2.4385071
0.81776218,1.3860359,0.53709623,0.032897548,0.019317516,0.090728563,0.010405196,0.53717829,2.394814
0.78325937,2.4462443,0.51013666,0.027924826,0.015920977,0.09478487,0.0200504,0.50877338,2.417831
0.83612954,1.1355212,0.5486514,0.043305723,0.028812545,0.073936518,0.010857689,0.60537163,2.3776694
0.80130646,1.1882565,0.51916739,0.036210305,0.016472514,0.08467743,0.010630221,0.60162635,2.2830013
0.8267301,1.8031577,0.4961805,0.025424228,0.010601025,0.0624652,0.01002188,0.50676421,2.4351118
0.82564973,1.6513231,0.49702804,0.048098305,0.016286754,0.054080517,0.01005494,0.53315057,2.311644
0.82050606,2.1634255,0.49043495,0.027759242,0.015766511,0.089780407,0.010015373,0.58569032,2.4394111
0.7858514,1.7333936,0.58627563,0.034796799,0.017353932,0.083746414,0.010082358,0.74164259,2.4347809
0.79025865,1.6693304,0.46376404,0.022359709,0.015220571,0.082771078,0.034546634,0.38339928,2.2807785
0.89384743,1.6910396,0.50235177,0.056796453,0.011879635,0.074745248,0.010127878,0.69387183,2.454456
0.86577838,1.5502396,0.50078073,0.051105067,0.012741166,0.081432811,0.010127616,0.6253469,2.3925359
0.80526499,1.4318535,0.50603564,0.024301253,0.015469358,0.078199945,0.010297702,0.5201096,2.3574271
0.82905096,1.4939188,0.49796987,0.020907846,0.013825971,0.067367694,0.010206115,0.50216741,2.4298233
0.83785102,1.3840152,0.50849832,0.030911799,0.016617607,0.095065701,0.011348082,0.6470646,2.4084354
0.84720991,2.0282708,0.43126957,0.047319165,0.021925663,0.06753282,0.012474308,0.44586758,2.2947497
0.78960111,1.3031555,0.56580413,0.036352581,0.018502887,0.092772636,0.014032041,0.58059881,2.3390618
0.82325179,1.8517963,0.46855906,0.042103838,0.015420464,0.083132622,0.011076667,0.59269724,2.3052388
0.82937479,1.5408754,0.5160936,0.024312414,0.013448919,0.075666696,0.010216164,0.50357451,2.4520832
0.8114432,1.9393781,0.46896871,0.041152676,0.032941823,0.093079357,0.010085719,0.69222432,2.2899804
0.81778087,1.5009183,0.49502883,0.034340124,0.010149645,0.067835154,0.010549718,0.47310068,2.3320741
0.80449109,1.6428479,0.51927965,0.036259274,0.013662571,0.066001732,0.011218632,0.63789823,2.3471934
0.84223801,2.0125644,0.5247545,0.045418666,0.017988216,0.090905132,0.01105523,0.61210242,2.4555177
0.79924353,1.4968273,0.49374658,0.032971688,0.015705515,0.06950977,0.012707649,0.59377812,2.2884553
0.80857471,1.372846,0.45733533,0.036904808,0.021109628,0.080802675,0.014464039,0.59012106,2.2235194
0.81021289,2.2227206,0.58708491,0.031410505,0.013092023,0.087433026,0.010558772,0.57710061,2.5967491
0.84572308,1.256156,0.44858603,0.035230354,0.036382242,0.074980591,0.011133454,0.53104939,2.2971795
0.84485069,1.2570187,0.39946329,0.042738501,0.014496305,0.082221584,0.012057285,0.62547999,2.1916359
0.76809853,1.962471,0.53968651,0.034061966,0.048072588,0.079246179,0.012539898,0.60957517,2.3412478
0.83542519,1.3577756,0.44794397,0.036216962,0.012301195,0.092456625,0.010511283,0.51941393,2.2763833
0.87259001,1.5125951,0.44986066,0.022584302,0.019407051,0.086147029,0.014335742,0.55102895,2.4477591
0.79452182,1.8478992,0.5590473,0.042792368,0.014328469,0.052271941,0.010390111,0.57013606,2.3858709
0.7686002,2.0512058,0.62445492,0.022415614,0.025101932,0.07262613,0.010040851,0.71528599,2.5836239
0.80083336,1.818293,0.58568233,0.025893914,0.016664636,0.088067689,0.010032347,0.72103699,2.5364353
0.83842847,1.6489868,0.47633731,0.036820983,0.024045335,0.073768972,0.010666235,0.46315332,2.3577606
0.80590691,2.0751055,0.5504147,0.032380923,0.015359737,0.08124689,0.01312789,0.79642166,2.4845466
0.83116998,1.7470571,0.51674558,0.025997063,0.020235691,0.096504376,0.010425591,0.49400699,2.4756574
0.79544078,1.6486874,0.56024781,0.038928624,0.011654454,0.072769407,0.012234722,0.67355487,2.3813894
0.83444705,1.9154877,0.4759926,0.029041462,0.019514662,0.093579148,0.011325354,0.48361265,2.412027
0.84981446,1.8511858,0.49476246,0.021585379,0.021946197,0.076397443,0.011398176,0.55852755,2.5179185
0.79685556,1.702072,0.50698021,0.030489534,0.019567713,0.095050128,0.014083649,0.57613377,2.3407098
0.8030817,1.7957227,0.51822593,0.030517851,0.021708309,0.096198618,0.016196259,0.61300929,2.3885337
0.84569165,2.0122435,0.50427545,0.02542574,0.029039088,0.097252548,0.011611572,0.57082044,2.525787
0.80859039,1.8480547,0.47774853,0.031536704,0.013691238,0.088166591,0.015080657,0.52145026,2.3306607
0.81278792,1.7017954,0.47005461,0.03032218,0.021154041,0.074152564,0.014912386,0.54979312,2.3169985
0.7971445,1.4917845,0.53638747,0.037064675,0.024296256,0.091257779,0.01223192,0.59015919,2.3338002
0.88104261,2.1312217,0.42477076,0.042853096,0.011789359,0.082410335,0.010659657,0.57092846,2.3910697
0.77853743,1.4626312,0.57614818,0.030851618,0.020420145,0.076125117,0.012644296,0.54832617,2.3772746
0.76541399,1.5397423,0.59224224,0.031455177,0.020714198,0.077885388,0.012110826,0.53364722,2.3777398
0.89147135,1.8188339,0.43867624,0.039621357,0.012906353,0.089472968,0.010473442,0.54580664,2.4270421
0.80339417,1.3439088,0.46383084,0.041793253,0.026550864,0.080673507,0.016368533,0.50497432,2.1984038
0.84461262,2.142651,0.49971159,0.037743054,0.012700171,0.08710966,0.010454976,0.55571126,2.4674681
0.8569899,2.0753949,0.53722583,0.042959658,0.015248532,0.068097793,0.010730167,0.53960876,2.5363843
0.79891748,1.793525,0.44356824,0.035608689,0.019119661,0.096088084,0.018890953,0.48161915,2.2234883
0.85237141,1.5368407,0.58226196,0.032173631,0.025907525,0.096922764,0.010752378,0.57860205,2.5900152
0.88949494,1.4115712,0.4556308,0.037881615,0.01930689,0.088140066,0.012353202,0.51179819,2.4204836
0.8165578,1.3088733,0.52193498,0.030871431,0.017155946,0.09643766,0.010455383,0.54864195,2.3665766
0.83085754,1.5017407,0.55230026,0.035505455,0.018060856,0.096468121,0.010179468,0.66888301,2.4571933
0.82238505,1.4880811,0.55899439,0.030762592,0.013063672,0.095425431,0.010105484,0.63871914,2.4691761
0.83212134,1.9195978,0.5352249,0.046540594,0.012896202,0.097722046,0.010218437,0.50139197,2.4316205
0.85476464,1.797267,0.48028768,0.032717702,0.038472386,0.086317841,0.010697414,0.55277122,2.440915
0.79924683,1.6559185,0.55218362,0.040332299,0.010888099,0.055220408,0.013482425,0.64912572,2.3717808
0.85354873,1.9163116,0.52704306,0.029617684,0.032305458,0.086382601,0.011197199,0.52580561,2.5568764
0.83011896,1.6079572,0.51247362,0.036782526,0.025029515,0.096998442,0.010503961,0.60264001,2.3943805
0.8389613,1.7716846,0.49044272,0.042273915,0.015869527,0.09129448,0.011033915,0.59332281,2.3725202
0.84586367,1.8797456,0.45209729,0.039784824,0.017747029,0.096109101,0.01055591,0.63376809,2.3447059
0.79503981,1.6063887,0.50145883,0.035693264,0.015018505,0.054089555,0.016586909,0.59915659,2.291152
0.82675857,2.0345651,0.5668641,0.035565023,0.026642244,0.074705778,0.012804121,0.47710979,2.5483662
0.77666263,1.5268705,0.58680172,0.042090927,0.012345722,0.060761183,0.01041808,0.5194982,2.3428824
0.8050217,2.0072287,0.51034514,0.036309697,0.016714715,0.063373073,0.012955704,0.51113592,2.37761
0.82866185,1.5468686,0.49747891,0.034890794,0.015304539,0.083412346,0.011045471,0.64957477,2.3666441
0.82493493,1.6636135,0.47029945,0.046343342,0.024075102,0.087858821,0.010640326,0.62780563,2.2753682
0.83435642,1.5850072,0.41508654,0.04650191,0.026125815,0.078328022,0.010642,0.60679001,2.2028803
0.8337411,1.7036119,0.46413287,0.046810496,0.029974786,0.082503347,0.010854427,0.63217352,2.2889962
0.8482708,2.0817593,0.5236908,0.03273684,0.013463975,0.088678396,0.010385863,0.57410782,2.5415769
0.81118708,1.9867089,0.60382756,0.031095825,0.017569372,0.097905125,0.013052071,0.69247956,2.5967394
0.81602215,1.5852545,0.5629347,0.039338925,0.036015641,0.097102577,0.012686816,0.60859274,2.428689
0.83831763,1.9345937,0.50025288,0.028951807,0.014592421,0.09961271,0.010545188,0.65225558,2.4710151
0.83051783,1.7612403,0.51057232,0.040269969,0.019496932,0.087361184,0.011393098,0.50466943,2.3942069
0.85003274,1.9070573,0.56198602,0.050331831,0.011912419,0.072266204,0.011586766,0.47723173,2.5042431
0.8280554,1.8143507,0.54899501,0.036415707,0.01565646,0.090365317,0.012282118,0.5554448,2.4823157
0.8078383,1.4982818,0.43847623,0.032022506,0.023755476,0.068897547,0.011492674,0.61850305,2.2232724
0.78033817,2.2727457,0.5771308,0.027231493,0.012731634,0.075720499,0.013067083,0.47442778,2.5277415
0.77654389,2.0556852,0.54384496,0.030497759,0.014934852,0.071508344,0.014020335,0.49536703,2.4017643
0.86148174,1.4656186,0.50208838,0.041515838,0.012285191,0.085557137,0.011225445,0.61478949,2.4174583
0.77803132,2.197182,0.48387959,0.037141049,0.031813213,0.068582934,0.012525556,0.48678804,2.2791678
0.80755885,2.0671669,0.55282392,0.03773281,0.010785784,0.07745895,0.010901071,0.64226037,2.4643886
0.79196599,1.6950852,0.53053775,0.02719257,0.017345989,0.064806307,0.010137739,0.59983378,2.3851845
0.79769469,1.9372661,0.55993275,0.033905577,0.022362384,0.090258969,0.015709923,0.64251865,2.4533315
0.84498217,1.7623765,0.53289223,0.035162548,0.020488306,0.087857339,0.011420122,0.57387277,2.4963165
0.83109149,1.9141893,0.45514566,0.03946368,0.018248108,0.076313339,0.011326215,0.50383574,2.3186163
0.82844785,1.4103089,0.52264247,0.036706714,0.012979249,0.079594378,0.011113642,0.56964518,2.3832775
0.82205753,1.6594681,0.4844088,0.030127807,0.024962015,0.075598284,0.011584054,0.51729983,2.3620887
0.79589437,1.8458907,0.46510194,0.029534465,0.01692404,0.065456889,0.011727536,0.50364338,2.2845246
0.7691118,1.6462994,0.55977657,0.030578796,0.019423753,0.079143146,0.016000463,0.48970596,2.352556
0.87545652,1.7395028,0.43974843,0.035141259,0.012474132,0.089833315,0.010809351,0.64749734,2.4017475
0.75430543,1.7513773,0.59182651,0.03875185,0.021531368,0.063506174,0.010607521,0.47815594,2.3428785
0.82223313,1.7842414,0.48757132,0.027578288,0.015001623,0.091950793,0.010895524,0.67385706,2.3946064
0.8459686,1.5973693,0.49045178,0.048284797,0.022568888,0.081002374,0.012334562,0.55660119,2.3444686
0.83415619,1.5036404,0.4510464,0.035260051,0.020600122,0.089467086,0.016443179,0.5001287,2.2962954
0.81642933,1.8952458,0.54935278,0.03776903,0.017683402,0.073549664,0.010738687,0.63735501,2.4569061
0.81513381,1.8507673,0.49213854,0.042372244,0.019926368,0.080260615,0.013312632,0.55383959,2.3244724
0.85097861,1.6061839,0.45129671,0.038438684,0.01655187,0.086831555,0.011204016,0.51321246,2.3348598
0.84265176,2.0069072,0.48193251,0.031185625,0.027587254,0.096332564,0.011003352,0.5573332,2.4442126
0.8316369,1.272221,0.51196868,0.042860409,0.022782873,0.076487174,0.015335205,0.59521725,2.3295823
0.80601671,2.2886531,0.51630228,0.030970458,0.01803892,0.070146811,0.010874644,0.51428005,2.4534758
0.81082784,1.573781,0.53452216,0.037332823,0.025440636,0.071495511,0.010629723,0.67817721,2.3754603
0.84386322,2.1620859,0.47169536,0.040813805,0.016359077,0.083442441,0.01125637,0.55302272,2.3999943
0.79014528,1.3876885,0.5496674,0.02723284,0.025872664,0.080336854,0.013429899,0.63683096,2.371529
0.81882052,2.1621033,0.52071956,0.034882867,0.015083523,0.081132511,0.011330891,0.62606732,2.4590975
0.8193957,1.4704327,0.48896228,0.032953712,0.018631363,0.066320193,0.010771725,0.63125295,2.3288545
0.85851272,1.8482183,0.48192989,0.043863707,0.02373641,0.094313262,0.012258438,0.53138983,2.407507
0.85537804,1.8984208,0.50493556,0.047423049,0.02548797,0.093571544,0.025626912,0.5092215,2.4297428
0.81688317,1.5864255,0.50881077,0.024108552,0.013562578,0.067060372,0.010023155,0.59028507,2.4128648
0.85434793,1.6730665,0.47031774,0.050723471,0.01979405,0.089234672,0.010053084,0.58255044,2.3301416
0.8058591,1.7881174,0.53435872,0.02448273,0.01514957,0.080965876,0.010171752,0.60035092,2.4555578
0.77103727,1.7056038,0.50981372,0.0190286,0.029361179,0.062001597,0.01033019,0.66397346,2.334443
0.84254432,1.9562583,0.5885406,0.056753514,0.016389001,0.085499273,0.01561085,0.57687444,2.5066556
0.81076807,2.1219688,0.55533576,0.039037674,0.021472699,0.088328856,0.0117637,0.54984694,2.4784716
0.80030378,1.5136102,0.51023548,0.032177507,0.016906871,0.071521896,0.011517574,0.66469239,2.324253
0.78860632,1.5886244,0.56484522,0.030725442,0.021137767,0.079002611,0.013834969,0.53889949,2.40414
0.85474376,1.7290078,0.4528762,0.033322785,0.01318984,0.082074291,0.011410957,0.63194938,2.3810583
0.80515429,1.685479,0.54322936,0.035433002,0.017853705,0.079640121,0.013307977,0.49539866,2.3997658
0.77991139,1.772016,0.5920469,0.047360577,0.018074707,0.066030438,0.010888735,0.6194726,2.3709438
0.78795255,1.5289009,0.55741881,0.042523394,0.014586478,0.054180236,0.010416065,0.57193056,2.3233519
0.81939923,2.1071419,0.54380767,0.025433336,0.030553056,0.098103625,0.010231145,0.59232137,2.549441
0.82599945,1.9443426,0.52905378,0.033028323,0.025800106,0.09926947,0.010170527,0.57429141,2.4747732
0.82641548,1.6800958,0.50667769,0.035595411,0.022239548,0.063307074,0.016608379,0.61672407,2.3891975
0.80955505,2.2883966,0.51016215,0.025545702,0.01185515,0.096169403,0.01007005,0.60390232,2.4781139
0.81281079,1.630549,0.56965289,0.046779019,0.022876709,0.077088143,0.010105373,0.69977634,2.4011491
0.81836921,1.6411678,0.51087272,0.04498073,0.026463059,0.080857345,0.010330358,0.55052944,2.3283991
0.78913,1.791854,0.50081211,0.037136546,0.026262745,0.082058139,0.010735862,0.51773504,2.2904552
0.80090776,1.9469029,0.51966377,0.033470346,0.014897549,0.072289668,0.011651959,0.61948076,2.390382
0.78344909,1.4992002,0.5439264,0.015773481,0.024886566,0.093879709,0.012931879,0.53700877,2.4193629
0.82710917,1.8072705,0.5290277,0.025595497,0.013192741,0.077678415,0.012566429,0.72629248,2.4983501
0.7829664,1.8578496,0.4545882,0.028198898,0.044679108,0.083185312,0.013677969,0.71568804,2.2402147
0.79788326,2.0632622,0.55421864,0.022970092,0.015301587,0.060827172,0.010595689,0.51617954,2.5204958
0.81696044,1.4311275,0.47354646,0.023143767,0.047187455,0.092743722,0.013734737,0.65111536,2.3368951
0.8076959,2.032776,0.60134795,0.044217088,0.012734805,0.095452484,0.012786438,0.63987126,2.5163335
0.81533154,1.7732141,0.48032874,0.033268062,0.016142164,0.064119949,0.010247907,0.5846548,2.3361678
0.81968714,1.5768627,0.50262284,0.036500142,0.01875843,0.084684494,0.015160797,0.53002835,2.3486392
0.82412775,1.6239243,0.51124447,0.042639079,0.011524479,0.067090714,0.010880555,0.61396195,2.3519247
0.80036467,1.9072469,0.49596749,0.026718671,0.026170746,0.088095168,0.013001775,0.55681505,2.3726912
0.83683889,1.4525363,0.52014832,0.034384494,0.01445133,0.083793741,0.011080013,0.58831328,2.4171214
0.80566825,1.6526736,0.48064624,0.044401031,0.026716974,0.072664133,0.011887231,0.50626657,2.2514873
0.83080845,2.0496838,0.52102656,0.031380079,0.01432311,0.090293926,0.010220122,0.67070173,2.4940196
0.80956834,1.5018444,0.49395997,0.035152943,0.032405363,0.070441189,0.011370531,0.60831441,2.3058987
0.80524533,1.7548004,0.49915913,0.031787785,0.013577003,0.068357249,0.011457309,0.49185235,2.3486646
0.78852648,1.88715,0.53907459,0.021062576,0.028845601,0.078247489,0.010078162,0.55955212,2.4503902
0.79994119,1.9812335,0.50118332,0.027290928,0.017366296,0.074401723,0.010221541,0.6188263,2.3877055
0.81948676,1.4828011,0.55716234,0.031517398,0.016208242,0.096706336,0.013637661,0.66625189,2.4535882
0.81066484,2.0471901,0.51373391,0.0362423,0.016518628,0.064546524,0.012175803,0.46015358,2.4035846
0.79487471,1.7763897,0.49651693,0.027529937,0.021404653,0.098035241,0.013098091,0.60431453,2.3399117
0.86319583,1.5780893,0.46890827,0.053104808,0.015152865,0.082741547,0.010202184,0.52794079,2.3301927
0.840235,1.6019252,0.4240021,0.042525479,0.015142726,0.074176171,0.010318267,0.50961662,2.2470641
0.81344338,1.8029019,0.53143234,0.03636483,0.018256182,0.090260061,0.012750495,0.63030602,2.4113752
0.79775331,2.0785638,0.54149566,0.030186104,0.016901195,0.082082277,0.01042359,0.56254458,2.4578141
0.77670473,1.7261805,0.51545086,0.023626678,0.020478727,0.069512542,0.01042899,0.62030659,2.3395634
0.84549285,2.1275254,0.55625435,0.033954868,0.013376116,0.090691254,0.013490267,0.70098979,2.5990658
0.79608508,1.4008671,0.49737813,0.039316073,0.030776234,0.091524329,0.01324295,0.54768323,2.247651
0.86089973,1.8623318,0.45574312,0.03933476,0.013007546,0.078511362,0.010666893,0.51148867,2.3883211
0.79583216,1.6681142,0.52372354,0.036722675,0.010075782,0.078077385,0.014768568,0.56321454,2.3335362
0.80191044,1.5884236,0.58634866,0.033476686,0.015388422,0.078114146,0.014672647,0.67262867,2.4626367
0.85193674,1.8950496,0.47244841,0.027406182,0.018781319,0.087677528,0.010156074,0.48454244,2.4552842
0.78112589,1.70855,0.60043962,0.039549903,0.019889196,0.070432443,0.01822403,0.66098017,2.4180905
0.79156053,1.9408715,0.56578837,0.0476371,0.012083552,0.079345488,0.010851955,0.6014955,2.3795422
0.77773604,1.9926929,0.64994949,0.038625323,0.017883183,0.069052566,0.014586681,0.60802299,2.551056
0.77172831,1.8984824,0.58788712,0.035197826,0.018215793,0.071594183,0.011642743,0.75711859,2.4233896
0.78173178,1.7566312,0.56045643,0.031004249,0.013978074,0.063138088,0.012091939,0.71515762,2.4010481
0.77629311,1.4830184,0.52918926,0.023349802,0.012974418,0.055204351,0.011700414,0.70389374,2.3322671
0.83297384,1.5069593,0.57508602,0.033604073,0.017355538,0.095077368,0.012896409,0.76212947,2.5129911
0.80314856,1.9855848,0.43735978,0.028776342,0.021038774,0.066628109,0.010657123,0.5935207,2.2696861
0.81333977,1.9082639,0.4325377,0.029625768,0.023803153,0.087423281,0.010786646,0.60664771,2.2751077
0.79878964,1.6987723,0.60448057,0.039816682,0.012559826,0.082434292,0.014035671,0.61122666,2.469154
0.799184,1.8258242,0.57184488,0.035765869,0.029233084,0.091949805,0.010094529,0.67097046,2.4531593
0.82178803,1.6357821,0.59240604,0.039951657,0.011370696,0.071520269,0.016364902,0.59135941,2.4987
0.81874962,1.7990924,0.55864723,0.038401713,0.016008601,0.089633222,0.010757892,0.68768125,2.4631799
0.80368772,1.619753,0.44823787,0.032360858,0.018869874,0.064931275,0.018249596,0.49924833,2.2394805
0.80462897,1.4757996,0.42704581,0.030514718,0.014989652,0.082144414,0.014410766,0.50004095,2.2006021
0.85447837,1.8608467,0.52849925,0.05060056,0.012945515,0.087846606,0.010834195,0.63051013,2.449421
0.80663124,1.8316582,0.48123685,0.026385051,0.038345767,0.088331018,0.012114365,0.56773329,2.3540188
0.85044128,1.9021056,0.52284395,0.03664721,0.012276904,0.08111545,0.011574242,0.60056499,2.5022303
0.80623419,1.9595055,0.45931071,0.039176988,0.02167844,0.06817535,0.011092339,0.60971088,2.270583
0.80397564,1.8949698,0.45851007,0.030409725,0.025421031,0.07461737,0.011301285,0.6040528,2.2942808
0.81491565,1.6325479,0.54797589,0.029593981,0.015050365,0.086999475,0.013865752,0.54942027,2.4563196
0.834278,1.1255243,0.47296073,0.028412536,0.011467929,0.066201216,0.012227768,0.5412116,2.3231833
0.83953737,1.1235081,0.45696936,0.02815666,0.012424995,0.065500774,0.014770835,0.54122664,2.3119521
0.84674978,1.2558176,0.50241273,0.029580332,0.012084228,0.064690801,0.011454712,0.5290514,2.4123015
0.8054933,2.0540011,0.48715814,0.02837152,0.044376442,0.088440888,0.014959237,0.5359505,2.3785969
0.8283827,1.8176593,0.54152334,0.026877487,0.010948336,0.075239321,0.010936892,0.62037315,2.520208
0.83319466,1.9130083,0.54030474,0.058388579,0.010616469,0.074302901,0.011163899,0.60360472,2.387304
0.83724419,2.0425219,0.51632779,0.028471019,0.011160814,0.084754916,0.013096877,0.60293198,2.5157228
0.8262301,2.0494848,0.46795279,0.045381752,0.0108546,0.074438938,0.013093214,0.64140535,2.318154
0.8676092,1.69997,0.49836354,0.027303507,0.01306396,0.095215678,0.010278514,0.56524665,2.5231158
0.87410671,1.4100983,0.38799356,0.04099983,0.022576946,0.074642166,0.010428879,0.46750618,2.260802
0.83155659,1.5420938,0.52107139,0.041396497,0.015788165,0.094282048,0.016658253,0.61465893,2.3828489
0.87188249,1.7595269,0.39733698,0.037912401,0.024280287,0.074517739,0.010264847,0.49222123,2.3087524
0.87242087,1.7532538,0.3932126,0.038177393,0.025954163,0.070017375,0.010253309,0.49248446,2.301422
0.77487906,1.7783397,0.5611953,0.020505097,0.012016793,0.093948899,0.019225292,0.62988267,2.4431981
0.8271541,2.0153798,0.49072492,0.018990569,0.021488447,0.071559229,0.010374908,0.69401945,2.48419
0.77937643,1.8604656,0.6134949,0.031872726,0.010431587,0.08503184,0.01060624,0.65905097,2.5031716
0.81833465,1.9054146,0.43788301,0.021413975,0.028750785,0.08955745,0.012610923,0.5958229,2.3329031
0.82520073,1.7663824,0.56336504,0.045909744,0.027095063,0.094001992,0.010199932,0.74820609,2.4457162
0.82628112,1.4679064,0.55315803,0.054895577,0.01777141,0.068455633,0.015120036,0.61936984,2.349347
0.82119177,1.7510398,0.53634768,0.052849999,0.015028519,0.090237261,0.016176883,0.58205874,2.3554189
0.82253085,1.6303922,0.44595804,0.028433623,0.01976641,0.078547355,0.010556223,0.57963882,2.3000823
0.79673091,1.4786532,0.58567793,0.022087212,0.013183603,0.07867006,0.01615273,0.5442275,2.4932934
0.79961264,1.5738291,0.48540937,0.019074622,0.014649611,0.06444032,0.010422704,0.62135611,2.34857
0.81542443,1.3080097,0.52055954,0.034664018,0.017167506,0.076978964,0.010939138,0.63122267,2.3433068
0.83963664,1.3503863,0.55136265,0.03684047,0.033091611,0.08924317,0.011265971,0.60368032,2.4511328
0.8370733,1.4419481,0.53819977,0.036410811,0.023817043,0.090983404,0.016604329,0.64696862,2.4368805
0.8344586,1.7475712,0.47719449,0.045931845,0.016590058,0.077012273,0.012356993,0.63225711,2.3204166
0.82834992,1.8873294,0.51895984,0.028928951,0.02924709,0.091672064,0.01198447,0.52256053,2.47534
0.82945222,1.9415104,0.5140871,0.027546878,0.026629545,0.092374497,0.011399502,0.52061891,2.4829094
0.84556703,2.0136175,0.56390723,0.028493639,0.018301307,0.088669643,0.011800533,0.51587275,2.6291804
0.85382153,1.8414211,0.44603328,0.034263698,0.034291419,0.094781609,0.013992815,0.51091856,2.3733968
0.80633352,1.7052012,0.53498286,0.038203997,0.013609074,0.052923312,0.010662145,0.57643941,2.3775879
0.80571393,1.2942757,0.54990766,0.044133603,0.02239803,0.092427279,0.026036879,0.45090544,2.3183818
0.81179285,1.2867423,0.51926901,0.041384478,0.014558146,0.083087631,0.016834032,0.46929526,2.2987847
0.8261212,1.9424988,0.48822936,0.037789817,0.032455936,0.089561553,0.010339842,0.71245696,2.3759448
0.78448276,1.4725508,0.60419773,0.036956716,0.016112868,0.065635944,0.012089156,0.62563228,2.409636
0.82167682,1.7006656,0.5804015,0.036006654,0.026648387,0.082032518,0.011576551,0.65094321,2.5082384
0.80677675,1.8946956,0.4708984,0.02521995,0.016436592,0.062919851,0.010879753,0.56955779,2.3476603
0.81455652,1.9674002,0.55082791,0.048710414,0.029761455,0.081512775,0.010182198,0.56330891,2.4105403
0.83356278,1.6963003,0.43758647,0.022764504,0.011790056,0.087615604,0.010731599,0.68515696,2.3440129
0.82293532,1.5337001,0.53705942,0.029805343,0.021892817,0.073517509,0.012243212,0.55371588,2.4434655
0.78356277,2.0781377,0.51814694,0.029160968,0.023537621,0.086982451,0.010525665,0.58403993,2.3807303
0.82827347,1.4322802,0.467179,0.021131065,0.014576101,0.088966478,0.013904886,0.5594306,2.3643415
0.84037384,1.3314031,0.44816264,0.0202979,0.011450076,0.097091175,0.011657831,0.53343767,2.3551519
0.83708717,1.5616072,0.48923342,0.050425589,0.039795608,0.090720963,0.012376293,0.5281006,2.3078245
0.78978244,2.0276671,0.57772581,0.016487335,0.016707388,0.081665507,0.011501496,0.63475344,2.5791084
0.80020262,1.7322869,0.50546257,0.017838477,0.018840479,0.077077829,0.010068195,0.60554617,2.4130599
0.80462195,1.7940594,0.50902946,0.040341655,0.017686452,0.082985805,0.022254868,0.55556467,2.3296458
0.84306151,1.9333739,0.53341805,0.037725251,0.011325696,0.096423745,0.010662247,0.5050985,2.5016196
0.81695983,1.7076987,0.51092529,0.03614126,0.01187696,0.078488961,0.011740485,0.6625871,2.3732424
0.83108485,1.462463,0.50966995,0.046393281,0.011040623,0.067802768,0.012543293,0.66839854,2.3312055
0.81922367,1.8335757,0.47383832,0.029958842,0.045239155,0.085981214,0.012163288,0.45676424,2.3560554
0.83014072,1.7631141,0.48507192,0.034567212,0.018081684,0.082877081,0.013953983,0.46634556,2.3749378
0.83823355,1.76302,0.53406031,0.036476883,0.016295735,0.074355351,0.014020103,0.52152312,2.4743656
0.80026854,1.6932934,0.46941662,0.029858858,0.012094446,0.062356291,0.010658865,0.53606504,2.2853955
0.80904022,1.6238799,0.55853193,0.020576833,0.017624491,0.081141637,0.010625011,0.74632684,2.5077484
0.77965453,1.6203434,0.5798706,0.024510017,0.025703995,0.08284303,0.013306316,0.66372825,2.4446157
0.79242855,1.5748625,0.5730244,0.020062355,0.029039684,0.091242017,0.011319188,0.57069194,2.4848856
0.77201837,1.6866231,0.50505556,0.029290849,0.012447511,0.069009504,0.012056691,0.55638664,2.276944
0.77572233,1.6771785,0.53990705,0.034597674,0.01266205,0.071358582,0.011248575,0.4886122,2.3203318
0.78566814,1.8133191,0.51019378,0.034512721,0.012160262,0.051611649,0.010325966,0.46099523,2.3124534
0.8285072,1.6983452,0.50524322,0.029545308,0.02852889,0.095187111,0.011900352,0.65204347,2.4233866
0.83395624,1.3973567,0.53900422,0.03532373,0.015303186,0.096218838,0.010037797,0.61671637,2.429685
0.85710287,1.6304603,0.44181783,0.043876933,0.033135669,0.090906496,0.010012123,0.55165173,2.3139908
0.84041335,2.0551859,0.38567488,0.032705927,0.014893125,0.077601287,0.010023151,0.53854776,2.2556747
0.8701882,1.9080573,0.52547348,0.053985351,0.018012296,0.088941412,0.010514409,0.57274028,2.4732213
0.82544941,1.4152779,0.51301896,0.037736218,0.028346468,0.094791986,0.013980851,0.67372059,2.3556571
0.83647955,1.2913393,0.54678016,0.032485453,0.016620682,0.095065884,0.015445338,0.72411958,2.4494075
0.80533929,1.925142,0.50134856,0.037385057,0.046211381,0.075227236,0.011393933,0.4430657,2.3470895
0.80392901,1.9679983,0.54044342,0.050486626,0.025059764,0.080472866,0.012341716,0.54977781,2.3574013
0.83981835,1.5497654,0.47352508,0.029827341,0.014064118,0.081120973,0.010861155,0.64409904,2.3772975
0.75941937,2.0836834,0.59270129,0.039300513,0.026748003,0.069828599,0.013936187,0.59907939,2.4069643
0.86626874,1.5580348,0.42393726,0.033977271,0.010944193,0.085140179,0.010640494,0.65563034,2.3398929
0.79653078,1.6728336,0.5333095,0.037657613,0.013468878,0.09595819,0.010027413,0.51092727,2.3478504
0.81232471,1.5454879,0.53202228,0.031362243,0.014570942,0.088477217,0.020276825,0.6288531,2.4005557
0.827181,2.0637809,0.50068481,0.038171924,0.024342612,0.077929004,0.010076209,0.636397,2.4138769
0.84975666,1.2133728,0.51615755,0.038743181,0.016011581,0.083160058,0.016232619,0.48471889,2.3937972
0.82955029,2.2603166,0.45486275,0.035320793,0.023924305,0.088301467,0.010298742,0.66234089,2.367286
0.85849687,2.1679902,0.49146231,0.039134637,0.021880943,0.088286632,0.010335435,0.70666767,2.4826565
0.78335888,1.4320928,0.5572091,0.029445641,0.022281747,0.053508431,0.01086413,0.50695539,2.3611551
0.84243612,1.9566947,0.51217146,0.033817484,0.011481183,0.072531912,0.010293864,0.65083616,2.4826694
0.80421594,1.502572,0.52040144,0.028121226,0.056740072,0.094237919,0.01046344,0.56219967,2.3697075
0.83890053,2.1254198,0.49945488,0.040964924,0.010332979,0.076573528,0.010843188,0.62381696,2.4351257
0.81201068,1.4978656,0.52518589,0.035294253,0.010044,0.08361628,0.012323585,0.54646767,2.3628562
0.78103943,2.2780134,0.58189586,0.035174117,0.011949443,0.080153091,0.010611408,0.78268497,2.495826
0.77730126,1.7710284,0.66782137,0.029699089,0.020818284,0.077584122,0.015176082,0.55289931,2.5954999
0.76120742,1.5728844,0.63183447,0.023743424,0.026409768,0.082513623,0.013480406,0.64500349,2.4835097
0.82324663,2.0288423,0.49855019,0.045939596,0.011905495,0.08298902,0.010853225,0.60003993,2.3603744
0.79768844,1.4510153,0.52393233,0.023872615,0.035665514,0.092281865,0.010920329,0.51669071,2.3730556
0.85614867,1.8926638,0.49084489,0.048633089,0.014458116,0.082278211,0.012958834,0.61057162,2.400914
0.79600269,1.4954064,0.47740064,0.029691516,0.040867147,0.074853539,0.011097694,0.51044061,2.2674245
0.7975808,2.0334853,0.50259801,0.032830643,0.011156155,0.082119629,0.013390142,0.72584008,2.3639505
0.82473419,2.3841066,0.56428972,0.029461249,0.011010491,0.088619685,0.011940439,0.58549712,2.6240551
0.80797167,1.870382,0.5273411,0.025433926,0.031815799,0.094625468,0.010843454,0.64257372,2.4539045
0.78889004,2.3306568,0.52968173,0.033723696,0.015427868,0.065620201,0.019249504,0.54192454,2.427583
0.86821097,0.86079922,0.48467939,0.039124546,0.013429564,0.086187078,0.010178658,0.5119851,2.3516148
0.8026845,2.5272785,0.52809001,0.023281796,0.023444032,0.091135328,0.010056521,0.52914517,2.542709
0.83799159,1.0397537,0.52561036,0.043188107,0.011253835,0.081001204,0.020845311,0.60223934,2.33695
0.82268526,2.0709243,0.49702211,0.030462247,0.021649466,0.091167738,0.010018166,0.60526246,2.4335402
0.79249455,1.3423388,0.52324437,0.020323799,0.019630968,0.074941453,0.010165331,0.58342874,2.3616972
0.79976355,1.3638012,0.4984714,0.018739105,0.013192505,0.074591746,0.010230198,0.67483734,2.3487035
0.83553136,1.894208,0.51382999,0.017747006,0.018875036,0.081674091,0.010180474,0.52141239,2.5449142
0.76445164,1.4189409,0.52483073,0.015897129,0.011583307,0.077574946,0.010799522,0.6522752,2.3218378
0.83025186,1.841583,0.48672132,0.030128959,0.012289274,0.079274638,0.011191725,0.40271254,2.4079389
0.84247454,1.9732336,0.43751206,0.043374166,0.030934665,0.082426132,0.010357302,0.62596944,2.3048726
0.78629114,1.4493149,0.57482218,0.030781166,0.012094776,0.076361133,0.018075012,0.59207609,2.3942168
0.78450963,1.6360459,0.52259954,0.028483373,0.011834697,0.078438159,0.023538469,0.56837222,2.3373836
0.82116924,1.5975396,0.53952552,0.03097758,0.011280321,0.073590856,0.011899153,0.54149397,2.4457424
0.85071885,2.2102861,0.56866547,0.046293954,0.013849228,0.089442831,0.013189468,0.56385299,2.581834
0.83637939,2.1044925,0.53821803,0.049514849,0.011028917,0.072723066,0.01111326,0.48599437,2.4573047
0.796422,1.4630815,0.49665126,0.029267765,0.013579514,0.079542403,0.016448544,0.68840721,2.2988735
0.79410132,2.0782864,0.60450933,0.025914816,0.031531961,0.087590175,0.010904204,0.64961564,2.597416
0.86457282,1.6207799,0.39035989,0.051116101,0.0105076,0.069117727,0.011967862,0.57067617,2.2222496
0.79521411,1.8265873,0.58890453,0.024599472,0.02280761,0.090197915,0.011287235,0.54554811,2.5360604
0.7954058,1.7901235,0.52365309,0.011644004,0.014459726,0.073069388,0.011280388,0.6268818,2.4768285
0.78575519,1.9521763,0.50203925,0.011558635,0.015773473,0.079725983,0.015129736,0.59288065,2.429213
0.82805839,1.3604395,0.5158823,0.014799874,0.020699393,0.092344449,0.010247584,0.58989417,2.475117
0.79668418,1.1049121,0.51490885,0.018998535,0.026665424,0.070883758,0.01161889,0.49623163,2.3348501
0.81413517,1.8242763,0.57032945,0.030494042,0.014283833,0.090917389,0.012507847,0.58073117,2.5182033
0.80660596,1.5472299,0.55358853,0.037367566,0.01176287,0.092490562,0.012311482,0.58134407,2.3928776
0.83642371,1.4165906,0.53505573,0.021829596,0.012554956,0.070442164,0.012036929,0.56038737,2.5019657
0.78900503,1.1873313,0.55610893,0.03099051,0.01084832,0.081864822,0.011153519,0.63569638,2.3322658
0.86706643,1.9566957,0.46448998,0.052191263,0.017739048,0.083078789,0.013045529,0.56643255,2.3734137
0.81322632,1.5159244,0.52170403,0.029161506,0.013941641,0.085670023,0.010987221,0.63590571,2.3920932
0.79704759,2.0256678,0.51592051,0.027996301,0.018859881,0.083504713,0.012935321,0.61538724,2.4105637
0.81025885,1.4841537,0.47894219,0.035179684,0.019303591,0.071185935,0.011698111,0.4719031,2.2809041
0.80993248,1.7152487,0.46908571,0.040311308,0.023777848,0.071780123,0.01122543,0.52282597,2.2665939
0.80224709,1.4178314,0.58518148,0.03760131,0.013625981,0.084929667,0.015458388,0.64330752,2.4140258
0.82648239,1.7273,0.4358463,0.028939057,0.029134466,0.083387123,0.010803233,0.51275468,2.2993169
0.8253539,1.6838016,0.5660648,0.035506149,0.010280019,0.093128201,0.014052707,0.62811227,2.4924694
0.84004972,1.9002008,0.45968285,0.037411742,0.010745653,0.084041129,0.010208595,0.64843968,2.3561773
0.86120337,2.3118652,0.46179629,0.040104824,0.02537221,0.081208654,0.010454014,0.53738145,2.4426887
0.78207533,1.3351267,0.54355591,0.032665964,0.014306138,0.062401458,0.013169055,0.56440524,2.3062547
0.89735234,2.084196,0.44422648,0.046548426,0.023939014,0.094672549,0.010881604,0.540333,2.4464048
0.90340175,2.0903693,0.45647736,0.045230113,0.024787502,0.095802259,0.010856303,0.53731403,2.4901596
0.79043695,1.6581031,0.4571565,0.036851703,0.020213316,0.098659548,0.021651863,0.39911836,2.2069726
0.82811554,1.5172364,0.51705662,0.038946185,0.026450149,0.091024816,0.014684167,0.47684591,2.3758149
0.84548222,1.9375397,0.54382584,0.034976194,0.011861927,0.084490419,0.010430666,0.62419799,2.5424988
0.82122878,1.635481,0.44108984,0.041743345,0.034312053,0.075093308,0.017707624,0.51933142,2.2347229
0.8296323,1.5118618,0.48430287,0.032086246,0.016944394,0.094713512,0.01068957,0.52031249,2.3555745
0.81340558,1.9643902,0.47453122,0.045327246,0.011850931,0.080718861,0.010240972,0.61282813,2.2895672
0.81848483,1.7004242,0.4863672,0.0334017,0.013016901,0.092924509,0.018039958,0.48253468,2.3460284
0.84238001,1.7988655,0.45303322,0.046707871,0.020784833,0.081254526,0.010715635,0.54401167,2.3013881
0.82214914,1.5023445,0.49139412,0.037151718,0.019849789,0.074829909,0.01025243,0.46885188,2.3246498
0.84140937,1.8118154,0.47908113,0.034581015,0.014207379,0.088278808,0.01163138,0.6390909,2.3979225
0.78965949,1.6332529,0.57598505,0.033021838,0.018176062,0.06843232,0.010294552,0.6196927,2.4209938
0.82202668,1.7048278,0.54509626,0.043318054,0.015760606,0.083404483,0.01884226,0.60381383,2.4105598
0.82690934,1.662873,0.46407697,0.030762773,0.024503553,0.078022146,0.010095492,0.54911868,2.3359558
0.8314691,1.6014486,0.5282146,0.039657612,0.014181663,0.06622125,0.012030587,0.57183892,2.4102278
0.82475424,1.9651182,0.53694107,0.038525308,0.02705152,0.0858029,0.011260051,0.54630393,2.4611717
0.8339607,1.8842707,0.5208033,0.044515656,0.016276055,0.07577482,0.013811868,0.6314621,2.4159294
0.81755188,1.6023198,0.51242607,0.029961735,0.024393543,0.094756431,0.010664824,0.59708283,2.3940614
0.80341228,1.8593742,0.48308265,0.030305206,0.011366454,0.086318893,0.014879494,0.50660503,2.3341013
0.81171087,1.9639333,0.49582454,0.031132475,0.010102179,0.060729549,0.012379793,0.55114527,2.3871087
0.81620679,1.6526225,0.53452317,0.047388673,0.027085276,0.096735964,0.011268448,0.60301051,2.3522245
0.78455231,2.007598,0.55054299,0.029507321,0.016560116,0.061889356,0.013815124,0.48102355,2.4340238
0.8539925,1.6140208,0.5061027,0.03905389,0.026951479,0.080743866,0.011568424,0.62054615,2.434078
0.87140546,1.7509969,0.41192749,0.043930802,0.012271602,0.098008727,0.014081303,0.49272592,2.3088395
0.86063144,1.7423039,0.40455804,0.049723056,0.022872784,0.082472317,0.011622327,0.42813268,2.249262
0.89261048,1.95468,0.35911219,0.038181715,0.011168591,0.072177534,0.013774998,0.51574354,2.3034661
0.7835459,1.4815993,0.58156685,0.026030926,0.031545252,0.099712929,0.010159305,0.56790303,2.4284438
0.78973387,2.0957903,0.50499471,0.041297473,0.012154504,0.057097991,0.013780678,0.52886011,2.3168392
0.813365,1.693962,0.62874617,0.026264581,0.015320028,0.095638926,0.010380555,0.73819332,2.6302696
0.7495305,2.0600342,0.51741551,0.014898601,0.01955745,0.063593754,0.014337409,0.61312998,2.3597196
0.79376452,1.686881,0.58406562,0.015667696,0.020616037,0.086470919,0.012254776,0.51906485,2.5529664
0.80821556,1.9510279,0.46322623,0.032746121,0.016884149,0.065888733,0.010275179,0.63112155,2.3091185
0.81945734,1.8078334,0.48788708,0.032627979,0.019372121,0.072996325,0.011591542,0.4568125,2.3669639
0.8143388,1.869354,0.45837189,0.029474802,0.017461647,0.085269206,0.010781564,0.43996166,2.3214677
0.84979145,1.5234808,0.55401238,0.04347719,0.013207289,0.095460723,0.013082017,0.67055668,2.4719341
0.8329879,1.4592841,0.51159252,0.028312946,0.010252264,0.063328664,0.011177131,0.59968501,2.4230689
0.78246681,2.0100599,0.46659172,0.034043138,0.010692848,0.067916245,0.010376243,0.52353043,2.2515126
0.79257511,1.9438933,0.52414068,0.03660428,0.010969139,0.04501585,0.011160109,0.53952863,2.3616115
0.83529884,1.6560296,0.50706067,0.033522885,0.014076271,0.096373643,0.010388855,0.60326351,2.4195934
0.83515007,1.6615097,0.50083351,0.031812812,0.04103275,0.096267422,0.011570757,0.71542475,2.4170416
0.81421827,1.9689929,0.51744083,0.030748545,0.012314865,0.060976297,0.010961269,0.51869767,2.4369369
0.8150244,1.8355063,0.53704115,0.033916521,0.011338527,0.070504433,0.0105204,0.55312609,2.4421674
0.81652627,1.895513,0.5286624,0.033694469,0.011257032,0.06176951,0.010509328,0.54431212,2.4396776
0.84479838,1.4816616,0.5486167,0.037008627,0.010497143,0.086305069,0.011545627,0.54219177,2.4768831
0.84882155,1.6538658,0.45597144,0.037375185,0.010025509,0.093275907,0.01316914,0.55461193,2.3466904
0.83119229,1.3170186,0.51693088,0.030005214,0.010046018,0.07480525,0.010957867,0.48351221,2.4015765
0.81511165,2.0810373,0.51952652,0.033381629,0.018657458,0.073794233,0.010576665,0.69760077,2.4443657
0.85087261,1.3649194,0.46288906,0.042286787,0.019442262,0.082976943,0.014914469,0.45432393,2.3138175
0.79778525,1.7098416,0.5135623,0.032618446,0.0250263,0.069912689,0.011910817,0.54440062,2.3455614
0.80153288,1.618254,0.51527899,0.036770477,0.028840288,0.090013633,0.013645527,0.51999275,2.3274192
0.79225794,1.7385241,0.44580932,0.046584553,0.024899766,0.075852258,0.017650358,0.58885256,2.1633103
0.81646075,1.7432812,0.5589017,0.02525532,0.012895872,0.079916855,0.010519493,0.57304919,2.5198722
0.82494771,2.0178579,0.54188188,0.034696584,0.015449168,0.090718897,0.013321193,0.53490046,2.4977249
0.81514908,1.8599481,0.54000338,0.032336631,0.01696799,0.091189316,0.013036597,0.50695562,2.4593495
0.82950381,1.6497085,0.49391723,0.039751558,0.016559389,0.070411278,0.01208195,0.62151744,2.3523885
0.82942969,1.7009166,0.47598312,0.03673118,0.014255184,0.073646011,0.012768892,0.58642301,2.3406201
0.83609722,1.7510762,0.52992057,0.02779545,0.019605784,0.087139042,0.01105234,0.58969962,2.5045323
0.82034308,1.7768007,0.5241461,0.023811323,0.01061403,0.080237989,0.012636287,0.47988154,2.476559
0.81371371,1.7200985,0.49002071,0.050255855,0.035023861,0.073572339,0.011119683,0.68128742,2.2695222
0.81700181,1.736132,0.51369011,0.050134289,0.025132797,0.079930074,0.011327913,0.65448631,2.3181893
0.80916602,1.9410025,0.53318878,0.039652682,0.02602948,0.080133275,0.015700361,0.55793222,2.4054948
0.79829331,1.9795755,0.50627397,0.0412206,0.028614834,0.084661863,0.011434808,0.61838945,2.327102
0.81196351,1.8219221,0.49722808,0.036289281,0.036257588,0.08870241,0.01146587,0.57883295,2.3493922
0.81621642,1.4797388,0.50520993,0.027777768,0.011241194,0.078697946,0.012092556,0.52528999,2.3735437
0.83956931,2.1779534,0.48239106,0.035010496,0.017848574,0.080550776,0.012421664,0.51746646,2.438361
0.80951865,1.3784115,0.56161959,0.036834913,0.02503189,0.081833691,0.011413779,0.61506407,2.3929751
0.8378201,1.8964411,0.4695919,0.042647078,0.027668062,0.092013289,0.011308827,0.60006732,2.3452237
0.85918665,1.4458677,0.4009524,0.043022962,0.028352514,0.089267939,0.01010161,0.52689868,2.2412523
0.85448819,1.4667501,0.54533538,0.034082494,0.01229824,0.082685484,0.0106332,0.57836084,2.5096191
0.81199465,1.9757786,0.52601957,0.051004765,0.019583349,0.082581599,0.014765197,0.65606297,2.3514276
0.79922191,1.4323847,0.51632844,0.026628655,0.012267657,0.074437683,0.010680664,0.47879872,2.3480282
0.84893277,2.7085947,0.44353418,0.048125926,0.025126017,0.074996161,0.011312518,0.57530061,2.381387
0.80922155,1.4353582,0.55725866,0.034073798,0.010782657,0.07392144,0.010435045,0.72937105,2.4068293
0.81300145,1.533951,0.48939066,0.037700052,0.014422197,0.064032243,0.011260255,0.64358847,2.2994359
0.83698562,1.5969191,0.49443147,0.036479347,0.018853642,0.078990233,0.012092346,0.53229876,2.3809823
0.78119814,1.5111619,0.54083744,0.041996593,0.03464367,0.067363988,0.015155088,0.56741087,2.2796184
0.81704723,1.5780532,0.53910303,0.037715442,0.022891081,0.089337958,0.012384387,0.57697785,2.3979858
0.81245513,1.3558249,0.5177181,0.043536165,0.021981053,0.069370039,0.014105981,0.51942015,2.2968793
0.83026567,1.8812501,0.5156006,0.032398339,0.014517367,0.096821018,0.010298299,0.68494619,2.4555248
0.77649509,1.6570909,0.52755188,0.03861051,0.016741218,0.08241518,0.013346898,0.59710202,2.2802321
0.7780168,1.576674,0.5386207,0.031357049,0.018991201,0.070234137,0.015301264,0.57938031,2.3262316
0.80066322,2.1396859,0.50344059,0.022096484,0.020190937,0.084616642,0.011065522,0.55709646,2.4400278
0.82207175,1.8938398,0.49780916,0.030011066,0.0169738,0.075051726,0.011765439,0.65019996,2.4144222
0.81072262,1.550935,0.59368849,0.039307096,0.027257461,0.092705085,0.011728723,0.55002311,2.4619844
0.81393399,1.5148947,0.59661075,0.037473635,0.032773106,0.091377647,0.011963744,0.53810954,2.4796801
0.84510695,1.8931509,0.51660261,0.040495078,0.012858341,0.078018891,0.01114125,0.64753102,2.456888
0.80174831,1.6493786,0.50529097,0.037689764,0.034402945,0.088163837,0.014639173,0.51952054,2.3107339
0.87777214,1.558579,0.46679031,0.043844916,0.012356088,0.093677276,0.012627791,0.72077071,2.3989218
0.76522872,2.031694,0.56454343,0.025359462,0.012310013,0.057464499,0.011717232,0.45792266,2.4350966
0.83575653,1.5845196,0.51487747,0.031435646,0.028666731,0.088864931,0.010202118,0.75847731,2.4360732
0.83358186,1.6232136,0.49830715,0.032561933,0.016322818,0.091786813,0.010124559,0.64970238,2.4004324
0.83786888,1.6065784,0.4366329,0.044442681,0.018062713,0.082394409,0.016971666,0.49839038,2.2547342
0.83523607,1.7652035,0.43586982,0.04717329,0.014758714,0.071509683,0.013734734,0.54313193,2.2509374
0.77783517,1.7386059,0.5760298,0.027031668,0.02415762,0.076627884,0.011932412,0.50125632,2.4371564
0.77357659,1.7468033,0.55735051,0.026044903,0.020881982,0.070929727,0.01179725,0.48968842,2.3980511
0.84014084,1.9373546,0.48206166,0.033789312,0.013896308,0.087297063,0.010282473,0.54809857,2.4178495
0.79597767,1.8343092,0.52992565,0.04049266,0.024064567,0.085132265,0.011022054,0.67049166,2.3481172
0.80768573,1.5748775,0.54948958,0.038452793,0.015670039,0.085689045,0.012083046,0.54482685,2.3872402
0.80825241,2.0096803,0.50346176,0.031488607,0.026768422,0.083976245,0.011583271,0.63694907,2.396449
0.80847953,1.6755473,0.59434726,0.036547531,0.014060455,0.077413224,0.012359479,0.55174729,2.4911722
0.78248526,2.0324159,0.54819298,0.028124492,0.024175958,0.078320438,0.010425311,0.77766705,2.4348443
0.84549828,1.3634822,0.44068313,0.045726327,0.015080643,0.088578456,0.012770081,0.43189019,2.2527078
0.85835536,1.6453504,0.40079687,0.043398113,0.021834027,0.076846728,0.012894829,0.43793208,2.2530791
0.88655912,1.5319132,0.43189756,0.049458476,0.016197316,0.081828523,0.011324386,0.40845913,2.3379594
0.88256289,1.5078586,0.43525062,0.048771375,0.014315158,0.07951255,0.011231743,0.39552658,2.3343206
0.86826174,1.5708118,0.49134786,0.041043682,0.016183897,0.084372644,0.011297341,0.48868533,2.4304694
0.84195008,1.545196,0.43060779,0.034860669,0.017531652,0.071009166,0.010451115,0.49607695,2.2870233
0.78383732,1.5716322,0.50689639,0.040839045,0.013270345,0.066182398,0.015808259,0.52794856,2.2449884
0.78657246,1.4366181,0.56099034,0.032900044,0.034191375,0.078534695,0.012036158,0.51006252,2.3592809
0.77296431,1.8470958,0.53486083,0.039255268,0.013594019,0.056780506,0.011272761,0.59190937,2.305143
0.80921435,1.7537512,0.58311601,0.030018054,0.032231667,0.080670175,0.011816234,0.57730779,2.5208466
0.80599058,2.0795746,0.54012721,0.029644836,0.011852672,0.074178074,0.012227944,0.76021566,2.4797906
0.87848518,1.6307609,0.47671579,0.042436289,0.016391173,0.087667176,0.011025308,0.4991541,2.4310719
0.82257452,1.6706495,0.52960831,0.031029689,0.018705059,0.091249277,0.010632684,0.67541384,2.4411454
0.83595234,1.5888032,0.44698141,0.021161739,0.018973609,0.080079014,0.010291788,0.51878926,2.3638606
0.81833163,1.905789,0.55833548,0.051974357,0.014535031,0.080338396,0.010019128,0.58869959,2.4092703
0.81312099,1.8288347,0.5401296,0.050293484,0.019159923,0.06829607,0.010033844,0.59664067,2.3629159
0.80165073,2.0963874,0.47615786,0.032747624,0.021661029,0.069175418,0.010496575,0.48940947,2.3323556
0.82904422,1.3642449,0.5820686,0.033261049,0.017431139,0.084874725,0.010326393,0.65187591,2.495115
0.79733446,1.8337745,0.49654443,0.032620374,0.043211851,0.076941706,0.014910224,0.52602934,2.3292765
0.83312907,1.9653627,0.49057583,0.034123664,0.014564006,0.091404336,0.010384805,0.49516729,2.417668
0.81151963,1.8429301,0.47448525,0.039697292,0.015584082,0.046528326,0.010921008,0.49667474,2.2957339
0.79052187,1.6599716,0.43946346,0.03123742,0.011135739,0.071727358,0.010549315,0.53319211,2.2005654
0.81573898,1.7676178,0.45517335,0.026631871,0.010342049,0.053257822,0.013789592,0.62217547,2.3212347
0.81196137,1.8250779,0.44354109,0.026952885,0.010650169,0.069228833,0.011416783,0.60844981,2.2950069
0.78517897,1.8324204,0.62854607,0.042702861,0.032717194,0.090964977,0.010720788,0.62558701,2.4813046
0.77946822,1.9724664,0.58474321,0.029937293,0.012858375,0.07009812,0.010454112,0.68377969,2.4782305
0.8548119,1.4757587,0.43280623,0.032860515,0.031454976,0.082116481,0.012965185,0.5221011,2.3241347
0.81431262,1.8577625,0.53327356,0.036996403,0.020661943,0.088706854,0.014100547,0.46927174,2.4209969
0.83833426,1.601336,0.44514066,0.040699893,0.015997192,0.075880709,0.010918396,0.66428207,2.2838947
0.80979399,2.4838996,0.48235063,0.026896282,0.032169339,0.086116247,0.010566241,0.55150262,2.4376741
0.80188939,1.8951535,0.54571954,0.037646027,0.019627766,0.078140281,0.010057671,0.55491539,2.4131633
0.83476443,1.5483703,0.52040088,0.03586326,0.010125373,0.061493641,0.010219093,0.69094031,2.4169666
0.8327701,1.6141738,0.54060255,0.044704043,0.010115111,0.075026163,0.010237801,0.72862221,2.4119014
0.80704649,1.3511981,0.48314952,0.032838054,0.010417977,0.076188328,0.015345905,0.64496827,2.2752456
0.82288227,2.1454046,0.46725428,0.045310694,0.038105132,0.082485437,0.010294818,0.50164501,2.3189519
0.8289276,2.0545247,0.469158,0.053148643,0.032567777,0.075378903,0.010664445,0.5163975,2.2953551
0.84231569,1.3808526,0.46608062,0.025666834,0.011225075,0.090421844,0.01522972,0.54921869,2.3717436
0.85799599,1.1741709,0.47476135,0.019793485,0.015315523,0.09012562,0.010170545,0.61832194,2.4325601
0.81370773,2.0765384,0.48351524,0.02089701,0.019110349,0.085147775,0.016115478,0.69441413,2.4320164
0.80729605,2.0712506,0.50094279,0.023551473,0.01938194,0.083544547,0.018708053,0.64386391,2.4362186
0.8373879,1.4875581,0.47771563,0.029176264,0.015268887,0.091708307,0.010753181,0.63298839,2.3746439
0.78297384,2.015894,0.51392467,0.039550264,0.013848465,0.073078197,0.013730625,0.50547711,2.3140315
0.80003011,2.0123573,0.49621486,0.033836256,0.035300969,0.084482645,0.013142271,0.57619987,2.351035
0.847667,1.9373883,0.5346713,0.031263766,0.023041719,0.095866167,0.012469881,0.55517242,2.5503625
0.84145601,1.3171158,0.44828321,0.042280281,0.016183952,0.08631689,0.010837479,0.55763276,2.2635837
0.77735461,2.1864366,0.52535306,0.034351629,0.02536846,0.091369476,0.014839624,0.62368308,2.3670689
0.85491279,1.4659182,0.48847064,0.034324822,0.016872169,0.077672416,0.010603791,0.53631699,2.4113356
0.83777788,1.6867046,0.44017005,0.045046179,0.015311296,0.086108298,0.01704902,0.51491945,2.2651419
0.77649255,1.8202526,0.56451572,0.026799518,0.019415407,0.068860902,0.010887325,0.51869084,2.4258921
0.83909997,1.3988995,0.47761627,0.040755617,0.013801428,0.090005637,0.012551798,0.69849345,2.3178655
0.84789525,1.6126748,0.54831166,0.044612144,0.026250399,0.094471755,0.012948687,0.74105838,2.4637536
0.80857239,1.3685133,0.53535674,0.029918324,0.017150578,0.096549,0.011023284,0.55781836,2.38025
0.83768716,1.8357319,0.39673761,0.042145616,0.022365166,0.080701252,0.012648584,0.58745526,2.2167844
0.86186887,1.4690054,0.55335974,0.040197237,0.017943899,0.095194157,0.012056146,0.62194294,2.5112905
0.84107257,1.7042859,0.52551283,0.032026673,0.024947984,0.099471611,0.01111829,0.51592768,2.4811861
0.81533515,1.6023967,0.54202487,0.02641059,0.029305851,0.097513865,0.010775009,0.52488127,2.4592501
0.82753479,1.8101982,0.40746534,0.052010166,0.010497462,0.0767672,0.015274584,0.5143655,2.1736428
0.81699674,1.5994553,0.52138409,0.025186458,0.036902705,0.094395633,0.010353606,0.57829596,2.4321578
0.82856609,2.1153086,0.52814775,0.032667862,0.016855027,0.099494154,0.010088002,0.72763389,2.504095
0.83831295,1.653863,0.50797781,0.03697775,0.016765061,0.099508712,0.010230868,0.5551231,2.412097
0.81674604,1.7246006,0.50613715,0.030461308,0.033442758,0.093266636,0.013129572,0.5930215,2.3933874
0.79828148,1.5506249,0.54641592,0.026873466,0.043251332,0.095518069,0.01446934,0.66074169,2.4121567
0.80933717,1.6755938,0.5496097,0.026517113,0.031460956,0.092323055,0.014477461,0.63368992,2.4667952
0.81437939,1.5806392,0.48190397,0.048161061,0.015850982,0.05277091,0.013514255,0.40714377,2.2519553
0.84693479,1.9982002,0.47294391,0.030859465,0.026114815,0.09223088,0.012307878,0.60551211,2.4383233
0.81636739,1.5801155,0.51193207,0.044103471,0.017068091,0.056593142,0.011322583,0.5037402,2.3217742
0.8183159,2.0870355,0.50465894,0.034712751,0.049251665,0.09846484,0.013041756,0.55971514,2.4182666
0.82094965,1.901386,0.52263654,0.026313306,0.010868958,0.080999743,0.011169045,0.62986444,2.4785041
0.81230681,2.0250141,0.52410232,0.025293267,0.01082769,0.080902865,0.011579056,0.64308401,2.4804141
0.80058753,1.5921087,0.54875014,0.039881174,0.048164453,0.08643624,0.012528796,0.48718813,2.3630132
0.80256847,2.0599214,0.52588592,0.034906945,0.010473031,0.071396327,0.011769552,0.7265466,2.4138203
0.82133669,1.5342306,0.54124329,0.03550391,0.0489611,0.089716297,0.01081624,0.51836382,2.4178358
0.81629758,1.5791676,0.49652163,0.049391709,0.026038145,0.094373591,0.010456886,0.55281157,2.274301
0.85642756,1.9264631,0.44408255,0.024205809,0.018888004,0.088539049,0.010173661,0.54842574,2.4301053
0.7892685,1.6319499,0.5116781,0.053752696,0.018974843,0.054603956,0.011409812,0.51925726,2.2191054
0.80215887,1.2844246,0.49498531,0.030885039,0.032180487,0.074817713,0.010573424,0.54461246,2.2828115
0.84065967,1.5049215,0.50145088,0.038538509,0.011642311,0.075071893,0.010608493,0.61511362,2.3821037
0.80032194,2.0834203,0.54680949,0.038755227,0.013620521,0.089581875,0.013407151,0.63193227,2.431345
0.83066117,1.9680101,0.42892948,0.045995463,0.019747562,0.068398476,0.012043218,0.65268292,2.2509527
0.80360874,1.7689166,0.49796233,0.041631114,0.017669299,0.080267654,0.012697669,0.58171853,2.2995378
0.80027631,1.8608964,0.49267033,0.043560411,0.01762981,0.086142265,0.012411509,0.56814906,2.2843615
0.79213914,2.0394951,0.53298393,0.030869908,0.037480527,0.069300232,0.014086622,0.47537668,2.4177914
0.79134861,2.0402414,0.53951295,0.033638356,0.022919944,0.082287468,0.013255911,0.49982268,2.4141941
0.80347434,1.6321323,0.50171776,0.034831951,0.014072309,0.060984205,0.010352749,0.59154794,2.3199842
0.81492847,1.8471595,0.49205763,0.033017359,0.01773959,0.092876512,0.013324816,0.57456671,2.3657239
0.80107196,1.9496229,0.63038228,0.028162711,0.030123108,0.092796024,0.010757966,0.76727477,2.6326287
0.82223756,1.7299415,0.39794638,0.041490752,0.012793789,0.053689261,0.013153882,0.48429304,2.1763291
0.83510182,1.8638768,0.56833351,0.036308637,0.026003428,0.094192302,0.010388778,0.64300625,2.5441328
0.81410025,2.0035852,0.43915001,0.035813603,0.020107467,0.072573382,0.013123119,0.74897714,2.2723394
0.80086518,1.7306084,0.55708396,0.033908721,0.017627558,0.082680102,0.013982065,0.65343474,2.4269239
0.79722715,1.701702,0.54454706,0.036510627,0.021365126,0.083301265,0.012645932,0.64796417,2.3783126
0.83892805,1.3261329,0.53860358,0.029436081,0.014606247,0.082377003,0.012093786,0.52569858,2.4624311
0.79520982,1.1699402,0.53435544,0.027617447,0.018118776,0.086510697,0.011973258,0.60554172,2.3285118
0.80940649,1.3138308,0.52383599,0.026281036,0.020856864,0.064310563,0.013992784,0.57736726,2.3740402
0.82401586,2.213479,0.51026599,0.035227086,0.02104526,0.077185757,0.012035921,0.57133602,2.4567166
0.83146393,1.5870589,0.45610185,0.038689969,0.02417339,0.085492254,0.011487064,0.498017,2.2919378
0.84474702,1.9376292,0.44058807,0.035129072,0.017262241,0.062176053,0.012007419,0.54220811,2.3466955
0.80010707,1.8313028,0.44670527,0.031422186,0.010975584,0.081213009,0.016764287,0.4366128,2.252718
0.79305304,1.7681102,0.43462521,0.03245374,0.011123402,0.040855782,0.017454281,0.48641918,2.2040053
0.84468006,1.7266861,0.58772643,0.039782661,0.010253023,0.094888032,0.012911901,0.53211783,2.5657083
0.83103989,1.5990077,0.54231579,0.033727507,0.019251402,0.086383244,0.012448335,0.66609079,2.4626412
0.82452671,1.6134583,0.50976084,0.034979287,0.01259935,0.085364222,0.012464256,0.61880005,2.3846164
0.80814759,1.7723579,0.51665117,0.040330095,0.012465478,0.086056566,0.011897914,0.50867177,2.3491166
0.84033148,1.9464068,0.49652958,0.0353771,0.01138848,0.076681435,0.011285196,0.55919725,2.4388646
0.80883872,1.9552503,0.50094537,0.044020028,0.033259798,0.067619516,0.010148804,0.51683475,2.3287583
0.84892261,1.6432975,0.48974285,0.035628584,0.010456018,0.095774422,0.010234177,0.57808276,2.4122369
0.85215228,1.6892536,0.40963535,0.045603369,0.017423643,0.085210037,0.01023426,0.60899706,2.2481194
0.87215058,1.800297,0.46326674,0.038387633,0.015453907,0.087716817,0.016788468,0.4057133,2.4275077
0.78642711,1.8761261,0.62136118,0.032039849,0.013061757,0.085213987,0.010760979,0.68162564,2.538848
0.78906514,1.7877769,0.54831085,0.037206741,0.02688234,0.080890055,0.01403572,0.49530233,2.3719649
0.81156981,1.7159784,0.51669859,0.041889015,0.018378819,0.069797951,0.012337032,0.65373873,2.3438273
0.78617579,1.9326348,0.55214969,0.04569211,0.034393332,0.08172103,0.012380907,0.67372214,2.3502137
0.81118839,1.5767236,0.46861377,0.027992138,0.018406324,0.071582779,0.013624891,0.65686288,2.3073815
0.81037586,1.5839656,0.51171696,0.036276217,0.020638258,0.07615222,0.011982164,0.59029454,2.3421234
0.83072259,1.630116,0.51449847,0.034170542,0.039801388,0.080162324,0.012839635,0.6012955,2.4146684
0.84932523,1.5552291,0.50736026,0.034408663,0.030437757,0.078645338,0.013041243,0.58225979,2.4396401
0.8475017,1.5495945,0.50168005,0.058186002,0.013874283,0.088754648,0.012055027,0.52914564,2.319124
0.78654997,1.7446906,0.56935589,0.029000109,0.010791095,0.084436521,0.012350627,0.51693755,2.4387692
0.81976677,1.8869038,0.49903475,0.039864532,0.05298678,0.088210508,0.011811994,0.6005609,2.3635109
0.85840007,1.4549713,0.45695837,0.036737014,0.01020284,0.07495366,0.01211282,0.51544714,2.3550648
0.88836178,1.4986879,0.31644159,0.040949182,0.019336117,0.069981614,0.010500269,0.50711651,2.187062
0.81008048,1.7541643,0.59173264,0.041020934,0.0223362,0.097197629,0.014884075,0.62697833,2.4790169
0.81955605,2.1880617,0.44103276,0.032441252,0.014449295,0.053543736,0.010788475,0.54494465,2.3213159
0.8290617,1.3081483,0.50338298,0.039249107,0.01274485,0.090647353,0.011455445,0.68439429,2.3299776
0.83783265,1.9492661,0.44467116,0.039300878,0.018533319,0.090256072,0.010428218,0.42218605,2.3206519
0.83325235,1.598944,0.47284962,0.047362369,0.012149955,0.076039545,0.015342826,0.64188636,2.28905
0.8246429,1.764616,0.49845936,0.04055605,0.010595115,0.082906157,0.013629293,0.65006659,2.3574491
0.82393387,1.4492893,0.48557409,0.032676016,0.023467747,0.072265486,0.010949856,0.5859234,2.3336064
0.8127131,1.7744794,0.54890511,0.038906756,0.012770201,0.088156653,0.012880172,0.50075995,2.4241782
0.80914481,2.0900376,0.55943168,0.033449489,0.016930696,0.089510989,0.012588508,0.74676303,2.5070615
0.81628321,1.6502602,0.44290616,0.025884785,0.019783911,0.071016261,0.010953036,0.43479394,2.2920191
0.84127855,1.6088489,0.48483241,0.030837475,0.013529188,0.083005114,0.010415522,0.59820442,2.4027577
0.84004938,1.7364384,0.47768354,0.03352324,0.012895957,0.082693625,0.010479481,0.56496886,2.3885778
0.84702895,1.7177838,0.49043994,0.038430696,0.016160897,0.071601472,0.010610434,0.53273584,2.4040995
0.81687461,1.7432664,0.5541644,0.032048975,0.021594454,0.087490544,0.014190986,0.56988951,2.4753349
0.83763216,1.4701353,0.43262914,0.040005717,0.019432224,0.071776683,0.010321137,0.61331022,2.2527149
0.82662131,1.7095556,0.49210876,0.033273079,0.024675845,0.095548417,0.01598597,0.5598868,2.3784309
0.83882462,1.7783767,0.5009339,0.031434675,0.026633726,0.079918459,0.011502208,0.60805286,2.4424302
0.82906365,1.552753,0.50084999,0.03253536,0.010472597,0.061703989,0.010396846,0.53053255,2.3851403
0.81578302,1.4578282,0.50115937,0.029079712,0.01015237,0.080835911,0.010134838,0.51448831,2.3566188
0.8212886,1.298011,0.50581771,0.04437424,0.010124475,0.084941057,0.010114073,0.6846287,2.2905902
0.82662596,1.3731541,0.48711913,0.041459368,0.010061185,0.088913645,0.010182083,0.65365563,2.2960311
0.80050502,2.1564228,0.50905375,0.037484424,0.010192566,0.080767015,0.019894099,0.40086408,2.3765087
0.83211629,1.0544032,0.47071198,0.037782209,0.040423608,0.084616294,0.010423808,0.69354896,2.2667664
0.83592271,1.1369099,0.47944584,0.037862901,0.021507833,0.072585197,0.010393522,0.69110767,2.2975138
0.80654386,0.97394669,0.48753065,0.033165134,0.015792175,0.073286996,0.025056953,0.35589048,2.2378832
0.8272698,0.99273068,0.43193995,0.041329099,0.046149299,0.083408878,0.01238149,0.49974045,2.1797766
0.85392533,1.1475206,0.51882958,0.036995743,0.010605226,0.078369744,0.011220527,0.61004229,2.4089494
0.86834022,1.3971686,0.42463361,0.052236457,0.01169999,0.066860625,0.015932015,0.47255725,2.2618229
0.77921121,2.0873608,0.57123952,0.027139638,0.029505159,0.0930772,0.010269234,0.64785134,2.4845903
0.87334011,1.7208273,0.42405829,0.052960731,0.016575651,0.069323371,0.014806933,0.52032163,2.2968467
0.85419111,1.502806,0.45332834,0.041613206,0.015155946,0.080212982,0.010948571,0.44135846,2.3229117
0.80920106,1.9159494,0.52441565,0.033170686,0.029788775,0.085185753,0.013502974,0.5777903,2.418106
0.79798218,1.6678606,0.57341204,0.034664552,0.011243848,0.081343216,0.010815633,0.63811775,2.4351909
0.83116083,1.5605686,0.44978091,0.035632663,0.017356555,0.080552399,0.013828801,0.56386473,2.2907818
0.84531017,1.8806423,0.50977234,0.044264255,0.017094044,0.083664692,0.010863394,0.58332647,2.4256813
0.83359863,1.8762761,0.44936096,0.032871723,0.012788492,0.083126735,0.010416081,0.61720117,2.3388881
0.82830212,1.6723493,0.53153069,0.035818227,0.037343675,0.084317405,0.010034441,0.63419996,2.4356488
0.81338621,1.41368,0.45877573,0.020479243,0.011754824,0.073467553,0.010008782,0.47558985,2.3123903
0.78973596,1.3207199,0.50781409,0.017383959,0.011659156,0.068342629,0.010372472,0.49504872,2.3397091
0.80258961,1.2281626,0.51385147,0.017487237,0.012088222,0.06509216,0.010521202,0.4752218,2.3720845
0.80727642,1.1638957,0.5307009,0.017576536,0.011220766,0.076443037,0.010512091,0.51532819,2.4045295
0.83066503,1.3607006,0.53330232,0.023464681,0.016610366,0.085968335,0.010982186,0.73818376,2.4671622
0.82240633,1.934181,0.51918039,0.056095838,0.025476889,0.070678639,0.012694626,0.42149823,2.3381873
0.80522839,1.8125045,0.48224992,0.025230366,0.016219063,0.076699766,0.011885444,0.61846995,2.3555584
0.86295961,1.6415389,0.4665718,0.049183979,0.036161783,0.095885421,0.01095875,0.44755268,2.3481539
0.80398404,1.7095843,0.53743419,0.027935208,0.011656911,0.082660775,0.012013031,0.73245837,2.4275486
0.82412322,1.5660691,0.53708184,0.020631048,0.011870427,0.094151845,0.012936112,0.66538382,2.4997124
0.82093379,1.4467964,0.57246952,0.019279281,0.011421114,0.094297151,0.011788724,0.68833801,2.5470958
0.79768557,1.9361132,0.53545398,0.022375868,0.010733443,0.097314722,0.010697706,0.71474357,2.4675848
0.79770123,1.5298098,0.52353242,0.032893185,0.010417438,0.081345117,0.012812495,0.50100895,2.3385412
0.80731492,1.6928079,0.55580917,0.039558558,0.012677429,0.08822856,0.010424055,0.54153863,2.4077488
0.82172709,2.0094209,0.42179763,0.037344839,0.019217636,0.090689896,0.013450272,0.58960914,2.2542469
0.81639019,1.461167,0.60389039,0.036669666,0.017795593,0.081104613,0.01107518,0.61520765,2.4945285
0.82539574,1.2751744,0.61233835,0.035602239,0.016568149,0.082482596,0.010895025,0.61779833,2.5090178
0.86377718,2.1181643,0.47824503,0.036720718,0.021680159,0.077683317,0.010398542,0.48078056,2.4761853
0.80653117,1.5780598,0.48598022,0.037359196,0.015369111,0.085109694,0.012122458,0.64777378,2.2839439
0.79735869,1.5977926,0.50090333,0.036665561,0.016332408,0.084237781,0.012041109,0.65303635,2.2907718
0.84098835,1.977249,0.52318228,0.044553638,0.023804401,0.08028161,0.012740615,0.44900874,2.4492535
0.84314669,1.8254383,0.46185579,0.039061361,0.019770847,0.093832269,0.011013491,0.68346696,2.352912
0.84089383,1.2655573,0.45088008,0.037317169,0.016014644,0.082942273,0.014011173,0.48527018,2.2812052
0.83178789,1.9018336,0.51865927,0.040999494,0.02235615,0.078408505,0.01144033,0.6331139,2.4254647
0.83977788,1.6335442,0.46506127,0.029428876,0.017352479,0.085885536,0.010046455,0.53900105,2.3730267
0.7767788,1.8702454,0.57687463,0.045876374,0.023395609,0.063585062,0.010711955,0.72514083,2.3589671
0.82308826,1.510112,0.41940042,0.025249458,0.015352547,0.078348677,0.015434857,0.55475611,2.2575207
0.81489956,1.4212143,0.42302785,0.026686168,0.019182452,0.070419359,0.014427508,0.47439592,2.2296155
0.89334045,1.3046613,0.43570551,0.040092318,0.016934201,0.089434442,0.011773216,0.48888226,2.3778061
0.87397812,1.1602128,0.51741326,0.039194724,0.030166356,0.08247769,0.010523093,0.44109873,2.4490618
0.81631126,2.3969409,0.59358482,0.029708279,0.010901814,0.083947492,0.011492828,0.67099937,2.664955
0.78207867,2.1736697,0.59279111,0.034979345,0.012391901,0.076015011,0.012039987,0.72823322,2.5047607
0.81470627,1.7676327,0.52690562,0.035921118,0.013086552,0.070496337,0.010793733,0.73052282,2.404161
0.79049586,1.6953849,0.55125618,0.029747955,0.032800868,0.0861714,0.010120185,0.57087152,2.4055315
0.8112065,1.623025,0.48277101,0.046992266,0.019344865,0.070384979,0.010276597,0.60980701,2.2547568
0.80832794,2.0359975,0.53971957,0.04046452,0.015439734,0.070842282,0.010612382,0.52083775,2.4238543
0.82224434,1.4837444,0.47992608,0.030874122,0.020283614,0.09618977,0.014861567,0.66545771,2.3317695
0.84710603,1.7062969,0.51806486,0.038495432,0.027208744,0.069275312,0.010106428,0.46962128,2.451296
0.82944374,1.4168166,0.45993792,0.02916328,0.012355698,0.096660653,0.010441991,0.66511732,2.3167442
0.80597028,1.9399981,0.51182588,0.040031731,0.010437083,0.059907703,0.016079094,0.50460502,2.3570217
0.87110455,1.7089817,0.44361778,0.035345209,0.02621889,0.086390537,0.010749442,0.53893587,2.3941769
0.88050784,1.6533044,0.43105206,0.039979775,0.015305257,0.093099677,0.01029309,0.48530754,2.3704692
0.8821582,1.6256703,0.40764823,0.032563726,0.012668182,0.09553707,0.010525484,0.52172132,2.3617791
0.84604125,1.3720869,0.42134429,0.030033052,0.019022019,0.093384255,0.011357926,0.48826679,2.2857526
0.83708385,1.4758663,0.51465762,0.030706092,0.016897429,0.086598208,0.012212053,0.53389413,2.4292522
0.78660496,1.3318088,0.48810203,0.039114633,0.012621827,0.075689736,0.026111111,0.57949549,2.202736
0.79397571,1.2659798,0.50305743,0.037667684,0.013787712,0.067860247,0.016638448,0.58498271,2.2426522
0.85071866,1.9405901,0.52808775,0.043000127,0.03668633,0.092856089,0.011075064,0.65775185,2.4857727
0.81030007,1.3584885,0.47932275,0.031251646,0.011432369,0.048406142,0.012340934,0.48619419,2.2850545
0.84976242,1.3494133,0.47330751,0.040710851,0.011402116,0.092816047,0.016387661,0.55164143,2.332537
0.86611008,1.7375282,0.53545394,0.047481802,0.016936244,0.092360679,0.010076969,0.66893985,2.4901731
0.80463702,1.7030859,0.43884273,0.031303354,0.025454511,0.065156286,0.010071706,0.49418956,2.2382901
0.84320451,2.0009967,0.52734604,0.045293537,0.019236804,0.093577702,0.010052064,0.48488873,2.4618306
0.82365813,1.521624,0.46909995,0.030248891,0.048477755,0.088620981,0.010050617,0.49348837,2.3238376
0.81166919,1.9685525,0.46575952,0.038209986,0.028356061,0.082915254,0.01004314,0.52443116,2.3004373
0.81775441,1.7610591,0.49514896,0.022329144,0.017004481,0.069555342,0.010036409,0.6042171,2.4202575
0.7898384,1.8634131,0.58824876,0.03354261,0.022154466,0.067704324,0.016681493,0.60318053,2.4758749
0.79417112,1.7699935,0.58336921,0.03703232,0.029742085,0.080781439,0.010592275,0.52152528,2.4455673
0.80366474,2.0333644,0.52314698,0.027772217,0.016615726,0.090003111,0.013975322,0.59233377,2.4439913
0.80542568,2.004107,0.54212202,0.025046855,0.014808565,0.086804703,0.013781315,0.61852743,2.4964039
0.85361084,1.6447644,0.53705586,0.045097605,0.024454554,0.08411595,0.010387735,0.51422289,2.461018
0.84250511,1.6580999,0.54069544,0.046243964,0.027446964,0.086994366,0.010236478,0.51565369,2.4351456
0.83653919,1.6625263,0.4999095,0.041865867,0.038785267,0.093759204,0.010098383,0.52341952,2.3721331
0.83042421,1.888265,0.44543537,0.036177102,0.032437182,0.095377799,0.010174152,0.51400687,2.3110381
0.80110214,1.7684935,0.49302038,0.049270406,0.040138991,0.094754811,0.010165606,0.46084512,2.2526978
0.81178846,2.4358827,0.55730689,0.020041212,0.014200422,0.072804673,0.011963016,0.67986006,2.6376583
0.80252564,2.1799927,0.5541124,0.021742487,0.012381407,0.073061334,0.013863564,0.63035849,2.5570878
0.88429757,1.3850651,0.46940909,0.024191781,0.013473937,0.095791986,0.011041185,0.48134778,2.4922519
0.82888987,1.4322091,0.43603578,0.042449765,0.015242339,0.067797976,0.015798377,0.52836033,2.2241072
0.8300607,1.6116553,0.45550098,0.031253292,0.014178231,0.068989789,0.011766991,0.47353025,2.3214502
0.79112343,1.593743,0.51316887,0.034784669,0.019009473,0.067884265,0.010716535,0.49137924,2.3033334
0.82880764,2.0257588,0.5653071,0.032068035,0.012850985,0.093244989,0.011053494,0.69291599,2.5687665
0.84375364,2.0307065,0.56052335,0.034554907,0.017075273,0.08767362,0.012241625,0.58994054,2.5857357
0.81957743,1.4967488,0.55238491,0.030291161,0.02065719,0.086051599,0.010961317,0.48569905,2.4538942
0.83041401,1.7082688,0.55272407,0.030791207,0.027140881,0.087056468,0.011542656,0.52944048,2.5102345
0.78298617,1.5449648,0.5256576,0.033443423,0.012652197,0.045102773,0.011892512,0.60671438,2.3033077
0.77157912,1.5029459,0.52622789,0.032161176,0.012654973,0.050378846,0.011666958,0.60789816,2.2752212
0.85367105,2.0974986,0.54634211,0.03939515,0.03634822,0.092118365,0.012816672,0.5638433,2.5669471
0.8325935,1.6565731,0.49934522,0.042091446,0.030851391,0.088353877,0.011421575,0.59520214,2.35959
0.83687808,1.7822904,0.47594995,0.034305375,0.011684743,0.065550257,0.013238361,0.44732887,2.3789177
0.80130372,1.4942544,0.47717498,0.03448311,0.012130297,0.066241898,0.01405489,0.42288291,2.2595814
0.78944909,2.0081154,0.566197,0.024543039,0.027364569,0.085651496,0.010819872,0.77482199,2.504638
0.82845758,1.5365349,0.52155243,0.034716195,0.015849226,0.0951938,0.014053161,0.53379638,2.4067832
0.86222128,2.0521226,0.4668318,0.035260752,0.017537119,0.097813437,0.016450289,0.49753866,2.4500157
0.86401532,1.985491,0.48746007,0.035719171,0.018233634,0.096807706,0.013797436,0.49520669,2.4844723
0.79631969,1.6342172,0.52225608,0.033527839,0.013953951,0.084885932,0.0119562,0.55976302,2.3430476
0.85417118,1.5899632,0.49741999,0.048835642,0.021414558,0.083820085,0.010276883,0.6428099,2.3727892
0.85194568,1.5875186,0.52314479,0.044877426,0.016070013,0.073746421,0.01031675,0.65058055,2.4272201
0.82325475,1.7692799,0.45771698,0.030868531,0.013277798,0.084350313,0.010855243,0.47647473,2.3261007
0.79763126,1.3348979,0.56783505,0.038728076,0.053922612,0.099757349,0.01131669,0.59343779,2.3562632
0.84271917,2.3473982,0.46857737,0.036452317,0.017248596,0.097092695,0.017847544,0.56147453,2.4309383
0.81713562,0.98948171,0.49712473,0.041215644,0.016640949,0.077200154,0.01011392,0.52810726,2.2462301
0.82969932,1.2631186,0.51982299,0.035339546,0.01972789,0.065729552,0.010104958,0.57643913,2.3702012
0.83264954,1.5778986,0.43914312,0.044784475,0.023248399,0.079861936,0.010521607,0.52519814,2.2422449
0.79522455,1.9216451,0.57670056,0.028905603,0.016454394,0.093369721,0.010549703,0.65714129,2.5031145
0.8145981,1.8093371,0.54808673,0.032924146,0.030257161,0.093674709,0.013019619,0.65220532,2.4628652
0.78727516,1.5859663,0.53724408,0.032935575,0.026189514,0.095567226,0.015823985,0.64354351,2.341721
0.85465839,1.9168058,0.46736027,0.026794038,0.012274558,0.072724598,0.010434815,0.53523236,2.4577003
0.83560461,1.4836678,0.55280918,0.046212122,0.032530632,0.089802016,0.010452232,0.58437891,2.4148289
0.82158307,1.9089335,0.51098519,0.028610806,0.015595338,0.096184719,0.01557511,0.73358054,2.4468983
0.83532107,2.1460294,0.49724829,0.041562477,0.015529986,0.083869455,0.011121686,0.59582197,2.4216053
0.83279592,2.0483163,0.49329193,0.039493043,0.021191998,0.077219278,0.010532726,0.65784338,2.4062206
0.85495907,1.6437482,0.46544615,0.03998075,0.018566705,0.082427396,0.010234417,0.4930362,2.3658063
0.83656094,1.9218173,0.47219334,0.037981432,0.019430653,0.081354047,0.013449215,0.59754002,2.3698325
0.81341282,1.6314847,0.58407438,0.034089506,0.015279568,0.079978007,0.010153569,0.56046355,2.4926903
0.8241649,1.7235824,0.47393883,0.03046786,0.019005575,0.064479775,0.010792318,0.564327,2.3543574
0.84219094,1.7661468,0.47759666,0.031545828,0.012671453,0.084788253,0.010891958,0.5561892,2.4062619
0.8309162,1.7760082,0.47261752,0.024768669,0.011662428,0.068402201,0.01201133,0.56232649,2.4015222
0.7804713,1.8048007,0.54531183,0.029498663,0.044418878,0.090509414,0.01084669,0.61716654,2.3849049
0.84127751,1.7214252,0.47332434,0.036295443,0.010426288,0.08692575,0.01086929,0.54045642,2.3697444
0.8100892,1.6867888,0.55382814,0.042672135,0.016772038,0.062918443,0.010064788,0.54625431,2.395436
0.84186041,1.6313407,0.48453151,0.028673028,0.024011363,0.085499498,0.01006667,0.66950761,2.416523
0.81314206,1.8351032,0.472318,0.041466828,0.017773922,0.061660594,0.01281713,0.51269953,2.2876839
0.87311325,1.5591674,0.45401831,0.038010966,0.019819697,0.09926809,0.010863875,0.55130316,2.3912076
0.77216647,1.8973389,0.56285136,0.036129561,0.011567301,0.074126028,0.013216693,0.58138108,2.3743595
0.80913814,2.1596877,0.46703179,0.034838971,0.03205932,0.08548001,0.011419698,0.53402989,2.3314495
0.8238138,1.4165026,0.53521694,0.041006248,0.010781018,0.085223525,0.012120088,0.58395269,2.372284
0.81635065,2.0451861,0.43393541,0.036764682,0.045759949,0.088996195,0.010016378,0.61019362,2.2684978
0.81518835,1.6034508,0.58130715,0.037738102,0.017084764,0.081363635,0.01037239,0.60957212,2.4688511
0.83276093,1.5219507,0.57048976,0.038069187,0.019099398,0.093848661,0.010456744,0.59857037,2.4829146
0.83008282,1.9664056,0.49682394,0.040574138,0.022548283,0.097870083,0.0168372,0.62456375,2.3914367
0.81333344,1.65435,0.55760983,0.031313538,0.021079296,0.093547533,0.010284363,0.64114902,2.4634697
0.77191581,1.9913625,0.50357825,0.042566797,0.014456654,0.070275672,0.012033274,0.48851896,2.2515827
0.82094011,1.57399,0.53036463,0.029727422,0.035859816,0.097003244,0.011328492,0.76423395,2.4321439
0.82929246,1.7255939,0.5104356,0.036798103,0.014891519,0.077344093,0.01340147,0.61790678,2.4029176
0.82341674,1.3279607,0.49762937,0.023410834,0.011061693,0.081168746,0.01123324,0.73250627,2.3821117
0.80101779,2.272284,0.52989681,0.044165147,0.025719056,0.083094582,0.013717443,0.47997751,2.4000064
0.85126477,2.0283407,0.52811201,0.039029346,0.015899074,0.089529281,0.010694934,0.68580325,2.5183447
0.83223929,1.5456137,0.49236097,0.039507405,0.01219997,0.081870401,0.010309249,0.57261616,2.3460207
0.83950911,1.8091951,0.54081824,0.03513788,0.031877455,0.087050017,0.012571184,0.74268803,2.5030363
0.80344293,1.5817988,0.50411515,0.038505732,0.015030179,0.0569617,0.014704261,0.4504654,2.3014447
0.79575509,1.8727441,0.56727134,0.045170578,0.012803511,0.084858157,0.013078694,0.5310314,2.3952359
0.82872862,1.4954528,0.58089708,0.030689964,0.02044757,0.085007671,0.014360624,0.74149206,2.5261033
0.86329035,1.9318601,0.49586295,0.041825492,0.024911847,0.099223581,0.011908564,0.47183115,2.4630583
0.83658028,2.0700179,0.49224924,0.049904923,0.013263926,0.097827123,0.014921499,0.50192362,2.369288
0.84373242,1.6404647,0.41902517,0.030765305,0.014009368,0.074992024,0.01043679,0.52393735,2.2967173
0.81335514,2.1240829,0.57146572,0.034040555,0.023839183,0.079777685,0.010424736,0.62475442,2.5436064
0.81696771,2.1559397,0.53371452,0.030073629,0.033736337,0.083674639,0.010918402,0.54998579,2.5040664
0.79356961,1.1076468,0.54983322,0.034579557,0.011405245,0.057784787,0.010959208,0.68021308,2.306463
0.79982788,2.5048603,0.51634966,0.027648891,0.03247423,0.098334562,0.012933988,0.56208184,2.4829982
0.80213255,2.4431298,0.48527513,0.028690025,0.039492483,0.099202463,0.011895973,0.5243844,2.4105682
0.8240002,2.0863511,0.4440313,0.026395826,0.011707909,0.097411527,0.014631266,0.55540614,2.3546758
0.80467267,1.3770521,0.55135281,0.048912269,0.010452728,0.064325556,0.010302868,0.57819966,2.3070628
0.81245913,1.7303556,0.51551565,0.032114711,0.013025584,0.081838393,0.010165929,0.54904022,2.3918537
0.80793685,1.7824029,0.51533307,0.032050761,0.023599907,0.078880464,0.01526322,0.63727221,2.3866859
0.79844829,1.9875781,0.53176666,0.0382174,0.012163338,0.066839327,0.010602174,0.61878777,2.3884639
0.78728343,2.0807777,0.48669436,0.040113941,0.017935728,0.057633514,0.010937729,0.69782088,2.2812426
0.78430863,2.0954226,0.49601621,0.04214622,0.016900869,0.060250381,0.011106888,0.74284357,2.2833181
0.84312349,1.4019138,0.49904787,0.03413342,0.015696117,0.096641461,0.01341806,0.45619465,2.392847
0.81155849,1.2979959,0.45084614,0.029189893,0.018352593,0.054336825,0.012294673,0.51946455,2.2448415
0.80082323,1.9052953,0.58239018,0.034634957,0.026956793,0.082737379,0.014666146,0.60047583,2.494886
0.78858793,1.6490122,0.56489854,0.030587533,0.017196252,0.064134014,0.011341667,0.57372741,2.4137096
0.79786889,1.4780177,0.54619073,0.036152256,0.013264234,0.071608134,0.012327297,0.59266912,2.3543073
0.78733101,2.0445487,0.54882603,0.047784041,0.010992055,0.064831467,0.014134719,0.61225826,2.3526724
0.85460992,1.1765895,0.47523835,0.026051634,0.013955044,0.078291186,0.010590474,0.48424048,2.3950004
0.85627317,1.1890502,0.48326018,0.034846969,0.014630606,0.070058602,0.011199434,0.51805169,2.3733409
0.83918861,1.3537725,0.48060324,0.034896393,0.018821767,0.075105427,0.011441036,0.48898529,2.3435657
0.80648729,1.4690253,0.51265056,0.031864463,0.028879369,0.09083111,0.012343176,0.61942364,2.340261
0.82279163,1.5983841,0.55114277,0.030396927,0.01372171,0.076949663,0.010076716,0.74239694,2.4738643
0.83035137,1.603933,0.50746543,0.037954617,0.012908684,0.064498901,0.010039763,0.71315313,2.3804233
0.86994318,1.6861689,0.45460209,0.045894081,0.013444002,0.093884933,0.010072325,0.6813332,2.3633363
0.84189207,1.3965353,0.4538791,0.031671846,0.01329973,0.068378534,0.010252624,0.56884475,2.3248853
0.8400618,1.644099,0.44323196,0.033178015,0.018198158,0.099472686,0.017865045,0.46541349,2.3200063
0.88141138,2.1495574,0.49198236,0.026454339,0.018641316,0.067396806,0.010669056,0.53054062,2.6042575
0.83810889,1.4028674,0.42107736,0.045674321,0.011221376,0.097639086,0.010123953,0.61019457,2.2089681
0.8631485,1.6223747,0.54747291,0.027543707,0.010881574,0.091892697,0.0108222,0.54174558,2.5930467
0.85986125,1.6248458,0.57385663,0.029566486,0.010880294,0.089749189,0.010698948,0.53793896,2.6228076
0.81054087,1.5058952,0.55711687,0.031671562,0.015589852,0.092521571,0.01020839,0.66781777,2.4322686
0.87037217,1.2577703,0.49242789,0.044333865,0.023174942,0.08215511,0.010190702,0.58329369,2.3883347
0.79745495,1.9573143,0.44898459,0.022176529,0.012951874,0.08618202,0.020535091,0.55815495,2.3031795
0.81791048,1.5117252,0.51758812,0.051450137,0.016885631,0.073119027,0.010103411,0.62590064,2.2945815
0.80939589,1.7894312,0.4729371,0.026451055,0.020694502,0.096275088,0.017121595,0.48567501,2.3407302
0.80383019,1.8071268,0.5980898,0.046392574,0.016850517,0.076902265,0.010762663,0.7579043,2.4538043
0.76389763,1.548516,0.60273175,0.033152888,0.014984789,0.061340653,0.014988498,0.60042537,2.3838334
0.85463674,2.0749125,0.45475283,0.036262478,0.025087158,0.088750882,0.010362619,0.57396401,2.4059661
0.79007703,1.6931032,0.59479664,0.036400725,0.015918117,0.091797502,0.014270546,0.69215925,2.4463231
0.78686276,1.8123806,0.61078422,0.0437972,0.016488694,0.053348194,0.012633327,0.64344015,2.4455079
0.81304051,1.9656865,0.53654617,0.037497379,0.016082428,0.090789762,0.012670619,0.68077079,2.4354702
0.81102331,1.8457982,0.54663088,0.039943861,0.013381343,0.097356974,0.016376815,0.63612141,2.4203173
0.84735982,1.5465384,0.4524475,0.034181391,0.01640711,0.07634128,0.010584782,0.57318954,2.3401292
0.84206638,1.8752464,0.49296868,0.043829901,0.018651732,0.090247292,0.014574875,0.47967246,2.3892694
0.84859268,1.5640274,0.42429795,0.035405669,0.018581004,0.06935041,0.011514679,0.51540274,2.292162
0.83036988,1.6393533,0.53449059,0.028736403,0.02762514,0.087208984,0.011072006,0.62856358,2.4780929
0.77896484,2.1174193,0.56166867,0.034593039,0.013419607,0.054482738,0.014312108,0.62276394,2.4298378
0.8657554,1.4523403,0.50165533,0.037350907,0.016058513,0.096703761,0.010400605,0.5416977,2.445467
0.78085567,2.0812058,0.48817304,0.031410053,0.017939302,0.06505695,0.016214901,0.53586855,2.3066396
0.8467318,1.9803228,0.53627949,0.037763864,0.025726181,0.092171671,0.010303815,0.56896258,2.5224675
0.8536324,1.5919694,0.46284241,0.043328969,0.014360268,0.096319413,0.012379373,0.61089207,2.338707
0.82943014,1.716336,0.42285224,0.029206044,0.050417471,0.097334781,0.017205756,0.64893475,2.2814505
0.83117527,1.3783773,0.53341469,0.031691291,0.011364869,0.099125622,0.011329084,0.62427857,2.4286939
0.83742244,1.5124594,0.54673488,0.025835607,0.010775381,0.099549482,0.011644237,0.64350545,2.517255
0.81792921,1.9293953,0.46003663,0.016092084,0.014176122,0.099795424,0.01298629,0.58594974,2.4028502
0.82698567,1.4012804,0.54574796,0.015156713,0.019176645,0.096553582,0.011393375,0.5513069,2.5311577
0.80129967,1.8052079,0.56672931,0.020276685,0.012900364,0.09413574,0.011669677,0.83278916,2.5313218
0.79666516,1.7404846,0.4614775,0.021984708,0.017779473,0.077672416,0.011383427,0.41115667,2.3024069
0.81390368,1.4308312,0.53102445,0.040867689,0.023423717,0.064062188,0.010634151,0.7649182,2.3426506
0.85434325,1.7324861,0.50250781,0.032014939,0.010323293,0.082905277,0.010369857,0.51621107,2.47677
0.84736369,1.4287786,0.50509866,0.034815832,0.013630267,0.080689459,0.010959906,0.5966682,2.4137534
0.8630532,1.8591263,0.44705421,0.043931338,0.026569802,0.09672422,0.011282396,0.63041054,2.3583842
0.86634549,1.6003807,0.42277486,0.039365084,0.022757308,0.097025787,0.014801737,0.5019792,2.320041
0.86008866,1.8014339,0.44590262,0.030576067,0.028683069,0.096073747,0.010695681,0.54889233,2.4010737
0.84672137,2.0366442,0.4826524,0.035951092,0.025540933,0.097314854,0.01175892,0.49982719,2.4364749
0.79908637,1.3512979,0.51511654,0.040254472,0.014508656,0.070875711,0.012370075,0.62454426,2.2728796
0.80472882,1.3973871,0.46340271,0.034471459,0.015211501,0.075124608,0.011947905,0.68368386,2.235884
0.80308261,1.8126812,0.53236937,0.025955187,0.019710386,0.078723809,0.010995708,0.69093479,2.4400469
0.82640899,1.6514474,0.50402573,0.039812208,0.017171643,0.090054965,0.012405759,0.59360097,2.3616476
0.84684106,1.817508,0.53584264,0.041369362,0.018359753,0.086445443,0.011343041,0.56649823,2.4822459
0.87363902,1.6775905,0.55401531,0.040580332,0.012933558,0.081572437,0.011386189,0.52430558,2.569328
0.85290582,1.591391,0.42654101,0.059195155,0.016121065,0.070860516,0.012255407,0.48742945,2.2196159
0.82905498,1.7007864,0.4457362,0.046257281,0.016588604,0.063232977,0.011534402,0.46884444,2.2497074
0.83006899,1.5775489,0.53520031,0.03730955,0.013267336,0.092390543,0.014177737,0.65684542,2.4269073
0.78160995,1.9132385,0.50392862,0.036538553,0.021706157,0.06423085,0.011419514,0.48923196,2.2939586
0.76496959,1.7463154,0.52921976,0.028497803,0.022625849,0.078166346,0.01271632,0.43149307,2.3122393
0.83998068,1.5657751,0.55660764,0.040725018,0.023953735,0.095254811,0.013474305,0.76509868,2.4705565
0.80377482,1.3458995,0.5149339,0.031971305,0.019149355,0.057756256,0.010839685,0.51472725,2.3213966
0.82191304,1.2636723,0.52868308,0.044080428,0.025433987,0.09330232,0.016202615,0.66252975,2.3239545
0.84434616,1.3021573,0.52143953,0.051422724,0.02631446,0.0944497,0.014484905,0.65349746,2.3416636
0.84457958,1.5942877,0.48114211,0.028952721,0.018370651,0.09752939,0.011395738,0.47828035,2.4118676
0.77903646,1.8716535,0.55800943,0.024284068,0.011670161,0.07380863,0.015106821,0.4468708,2.44165
0.8407194,1.7476665,0.47854642,0.026756097,0.026247982,0.080356655,0.011847153,0.65946988,2.4249719
0.8519314,1.5956662,0.45980594,0.022532034,0.023304093,0.082556603,0.012523895,0.59917991,2.422452
0.82634525,1.6319926,0.43333147,0.025658731,0.011682755,0.093371858,0.012323495,0.52248232,2.2994166
0.85031343,1.7261517,0.52714684,0.024831055,0.035120177,0.095819803,0.012338182,0.57713872,2.5493523
0.82212085,1.9534606,0.56977839,0.0301408,0.03483085,0.094146807,0.01161151,0.55278637,2.5597857
0.80211741,1.7785117,0.53516576,0.043011658,0.018009586,0.098811644,0.01219833,0.59681723,2.3538361
0.80414775,1.5192987,0.51487125,0.038395989,0.02824727,0.098841291,0.012099074,0.52408657,2.3139112
0.80686758,1.4946508,0.5628523,0.035020879,0.037044005,0.098632013,0.012044959,0.56449354,2.4135711
0.79631281,1.9918253,0.54471372,0.033589467,0.031579157,0.099097808,0.010919964,0.71623811,2.4305424
0.80073488,1.7199766,0.52745388,0.02518143,0.039292865,0.098592643,0.010129165,0.72207041,2.4162461
0.82060546,1.5947266,0.5571683,0.040897051,0.020155199,0.092721805,0.014248314,0.58958216,2.4243769
0.79893454,1.6691792,0.57403041,0.033621086,0.014459088,0.063984439,0.010366033,0.69386543,2.4444759
0.80505211,2.6143673,0.53496781,0.0317001,0.02009321,0.093910329,0.01166096,0.67125524,2.5297774
0.83366217,0.95662283,0.50355831,0.036840321,0.013473963,0.071717484,0.011440091,0.44103583,2.3123307
0.8456611,2.1706724,0.44177041,0.041672024,0.025306403,0.098978384,0.011817777,0.64905224,2.3457091
0.81230785,1.4572392,0.58339988,0.030868291,0.015013435,0.096931326,0.01199511,0.62591196,2.4794892
0.86338868,1.663564,0.47316876,0.046432545,0.029303052,0.090689246,0.01083874,0.60258105,2.373837
0.85609773,1.5222781,0.4841423,0.041155616,0.027970062,0.090604367,0.012161292,0.5438762,2.3821687
0.80379763,2.0398384,0.560803,0.027622918,0.018790671,0.067344673,0.011713303,0.61272242,2.520072
0.85239136,1.266569,0.47534652,0.045070691,0.037824792,0.082003785,0.012571983,0.50591601,2.315382
0.85049761,1.2322685,0.48565139,0.038184969,0.014951838,0.09336742,0.011444891,0.53627788,2.3524011
0.84943031,1.5310442,0.45637638,0.029479721,0.017469998,0.098021908,0.010830272,0.57471769,2.3711436
0.8688965,1.7657619,0.50883832,0.033306502,0.01379314,0.087958487,0.010325094,0.48231795,2.5233827
0.82923824,1.7241153,0.40879659,0.045746597,0.025929552,0.07567391,0.010094965,0.61511237,2.194793
0.79967497,1.6600176,0.52929946,0.035774787,0.013459128,0.096973695,0.01159558,0.51893203,2.3564086
0.79827112,1.5285042,0.54864758,0.031399,0.019428165,0.085231672,0.014601469,0.47913515,2.3898289
0.83196821,2.0541037,0.44103159,0.053196083,0.031370435,0.06416265,0.010289092,0.55151364,2.2548619
0.82757369,1.9685378,0.44751845,0.044303944,0.020907145,0.08303674,0.010624496,0.55891054,2.2820728
0.8364287,1.9746009,0.51728229,0.032867588,0.019769168,0.082358105,0.010201857,0.69534613,2.4840371
0.80812411,1.8402013,0.52553354,0.031887817,0.028501346,0.090190945,0.010211207,0.51791504,2.4139311
0.83852094,1.7665308,0.5065065,0.042073446,0.010817175,0.078595318,0.010076096,0.55545193,2.3995678
0.84321808,1.4659868,0.43130055,0.038361199,0.021444477,0.093313606,0.012256123,0.63651199,2.270207
0.816446,1.7812662,0.50854028,0.04261877,0.012876693,0.080774391,0.01054956,0.44905057,2.3467959
0.81636983,1.711016,0.45870036,0.037643823,0.010466459,0.085623416,0.010950989,0.49985037,2.2757437
0.81461364,1.4791184,0.44303857,0.037032222,0.010663406,0.083348351,0.011743492,0.49337909,2.2255917
0.80233111,1.5104298,0.55465349,0.021172035,0.029050959,0.068351643,0.010194897,0.62049229,2.4624314
0.86117729,1.8467212,0.46271968,0.043826186,0.012657048,0.095809422,0.025281169,0.46595693,2.3803687
0.81509925,1.655672,0.53073982,0.035825896,0.011821689,0.062510693,0.010049438,0.64850735,2.3979352
0.81366269,1.9816603,0.51311918,0.022507346,0.019994183,0.093475151,0.01607496,0.56855786,2.4711906
0.83502043,1.7217493,0.47729315,0.025964164,0.021391537,0.082121408,0.010252289,0.5560477,2.4089629
0.80766827,1.6893817,0.52950127,0.032987757,0.017082981,0.090191041,0.021685435,0.58504482,2.3947947
0.80208706,1.9406163,0.52837145,0.033232712,0.052712922,0.096016447,0.010333512,0.44570133,2.4099326
0.79704024,1.4530479,0.50240504,0.035242954,0.023929709,0.086955639,0.01221746,0.50975335,2.281796
0.7944348,1.5502438,0.58552126,0.02541241,0.014248545,0.079333161,0.010854326,0.68869617,2.479206
0.82006641,2.1169716,0.49828774,0.040334804,0.0227584,0.076931344,0.012352488,0.52768611,2.387636
0.84405339,1.2971805,0.50534828,0.033021481,0.016301981,0.085015595,0.01164727,0.57432922,2.3986668
0.83368133,1.5712621,0.46567574,0.048491859,0.023657314,0.083567893,0.012858165,0.61542123,2.2714228
0.81468848,1.7421839,0.48769786,0.031720138,0.011514421,0.085572109,0.011158449,0.47670345,2.3512032
0.84595572,1.8465611,0.56259978,0.037385663,0.03610745,0.093631626,0.01189346,0.67714409,2.5536018
0.796165,2.0757025,0.51370359,0.030834925,0.015272221,0.096425557,0.010189568,0.62703923,2.3962707
0.85670178,1.4603303,0.45656071,0.052189144,0.017243176,0.085688927,0.010217837,0.54613679,2.2877849
0.81462483,1.7742659,0.49231035,0.022657419,0.011684056,0.096154294,0.01792166,0.57031151,2.4066892
0.82123522,1.8435913,0.54290695,0.027472324,0.011976293,0.095036481,0.014503652,0.66255136,2.5042903
0.85250869,1.6616053,0.45793155,0.039638553,0.035588622,0.074844039,0.010661324,0.53426632,2.3502335
0.78583904,1.9139921,0.55689043,0.022220598,0.010543323,0.078360337,0.010920951,0.61684004,2.4754158
0.82796594,1.6100976,0.49882135,0.04049232,0.036626255,0.093740487,0.011446424,0.58955445,2.3489427
0.83735928,1.7763067,0.50528898,0.041933126,0.022931308,0.091140732,0.010690567,0.57621233,2.3963258
0.85488378,1.8493927,0.42221544,0.046955374,0.030340237,0.095672631,0.014664363,0.61246921,2.2834734
0.8005716,1.6885002,0.5794488,0.027905826,0.018740302,0.086834073,0.010572303,0.53127576,2.4924346
0.81207275,1.7580265,0.53413639,0.03135146,0.020933044,0.070996631,0.011611809,0.508807,2.4318255
0.7942546,1.7280813,0.51608082,0.039594389,0.019902074,0.07553383,0.011617463,0.49966726,2.3107826
0.82536399,2.210711,0.60293778,0.038761087,0.016529234,0.079944851,0.012507842,0.60194406,2.6249356
0.80719036,1.7975777,0.57916916,0.039637162,0.029588799,0.096853116,0.010929321,0.64959828,2.4629802
0.84678319,2.3409436,0.48073056,0.033502435,0.020207476,0.091423252,0.013410481,0.5737279,2.4789665
0.831568,1.4664606,0.48310445,0.041534707,0.014925369,0.089976644,0.010926726,0.63010612,2.3117393
0.78880362,1.9654779,0.55386388,0.023462923,0.017656789,0.065477952,0.013813228,0.55499471,2.4782122
0.80225353,1.7886523,0.49529356,0.028686383,0.013826213,0.086498172,0.010329315,0.51206156,2.352676
0.8315517,1.7819221,0.47629677,0.050482422,0.01657604,0.083876845,0.01147463,0.58730139,2.2965345
0.84921273,1.7129827,0.43955615,0.030799996,0.029237609,0.09077321,0.01041715,0.66951614,2.3529526
0.84268265,1.8869522,0.4906181,0.044230991,0.014435823,0.085096064,0.011451926,0.55590221,2.3861788
0.80364271,1.5248375,0.47540216,0.033082493,0.014317575,0.068791127,0.013410988,0.59202466,2.2718747
0.7812279,2.0815459,0.58898076,0.039244922,0.018963444,0.076705369,0.011947812,0.54488527,2.4576699
0.78728483,1.9120467,0.57514126,0.04770959,0.013883336,0.082027734,0.011958643,0.52397535,2.3802873
0.8105138,1.7617811,0.51261832,0.026758116,0.025467132,0.096539513,0.011236797,0.7290881,2.4119337
0.81589564,2.2323457,0.56820671,0.049812127,0.014974853,0.064598857,0.013357712,0.54108275,2.4767113
0.79251582,1.4932559,0.58780234,0.028429052,0.030562505,0.085533134,0.010683536,0.75178409,2.4524416
0.80486411,1.3436918,0.56861506,0.027070932,0.024048218,0.089204895,0.012321292,0.77601015,2.437547
0.80877462,1.2408752,0.58149779,0.027957102,0.025909359,0.094900784,0.011976119,0.77415533,2.4496133
0.77547102,1.4193031,0.51343625,0.021256012,0.016191918,0.058667206,0.012904298,0.5595104,2.3049983
0.83871063,2.1651106,0.56124969,0.05283615,0.02302937,0.094605358,0.010496764,0.6467228,2.4972262
0.82941636,2.0562893,0.57530296,0.049289003,0.032315273,0.096650507,0.010110796,0.68683797,2.5018249
0.82873153,1.9539136,0.45327301,0.025440962,0.011017023,0.098143238,0.010228248,0.60116498,2.3752106
0.84675472,1.663922,0.51320472,0.015831381,0.010214481,0.090897205,0.011854585,0.60623435,2.5541357
0.81919704,1.8044097,0.53018543,0.054459392,0.027871957,0.068777118,0.011680555,0.56341988,2.3398671
0.77275111,2.0394574,0.49720917,0.020616624,0.015378629,0.055309043,0.010499072,0.43040072,2.3494232
0.83984778,1.3699702,0.51469886,0.016626943,0.016714953,0.096797298,0.010127531,0.71383178,2.495932
0.82715777,1.200614,0.54209839,0.014159915,0.018944687,0.093707013,0.010105553,0.7620661,2.5020867
0.82534152,2.4311497,0.43411231,0.019680251,0.017098449,0.071545177,0.010370807,0.54803043,2.4036518
0.81855808,1.8416501,0.47405007,0.021025256,0.014802328,0.081242076,0.012247959,0.53374485,2.3979624
0.81405181,1.9243589,0.56029584,0.024662976,0.017571557,0.085850676,0.010669262,0.55653631,2.5460999
0.78419786,1.9372179,0.52994177,0.037874782,0.020898116,0.077091431,0.011924044,0.71457958,2.343622
0.8417282,1.6212859,0.5011338,0.03860107,0.010595872,0.095066351,0.011232761,0.53993025,2.3974679
0.8442687,1.6007989,0.51747254,0.042523647,0.018011294,0.084144923,0.012293342,0.66775135,2.4109535
0.80770047,1.9917267,0.52677591,0.032149442,0.021162648,0.08134293,0.010566865,0.53223905,2.4336523
0.82625372,1.5231847,0.5101884,0.037543603,0.012080219,0.073633433,0.012009713,0.54504848,2.3668701
0.83402707,1.5293873,0.45965547,0.032734996,0.013450519,0.075827738,0.011893833,0.4894048,2.323703
0.82520581,1.4327774,0.53279885,0.043328829,0.019892879,0.092756096,0.011620917,0.55454499,2.363193
0.8455674,1.6944241,0.44500168,0.031183461,0.020715458,0.076400119,0.012274249,0.61538736,2.3501755
0.82280417,1.9540312,0.45803787,0.036412028,0.025642783,0.090029664,0.010991066,0.58178722,2.3203766
0.83717968,1.8777403,0.46455528,0.037927836,0.02543113,0.08353332,0.015244166,0.59316828,2.3532446
0.834791,1.5683055,0.51756759,0.037788184,0.020101108,0.085975286,0.01025941,0.55840656,2.4054141
0.83538243,1.5993328,0.51944029,0.042268931,0.017620986,0.082101914,0.010208095,0.57995233,2.3927731
0.83966694,1.7292887,0.46313222,0.045661807,0.018685132,0.069751796,0.010092206,0.62094393,2.3090421
0.8025781,1.7540143,0.52210881,0.035619123,0.019227479,0.0780379,0.010206877,0.5559647,2.364176
0.85360629,1.4818109,0.46202482,0.040612736,0.010154246,0.072545291,0.010965183,0.56181943,2.3377452
0.80061983,1.9980638,0.53656745,0.034859315,0.012341241,0.075578606,0.013201821,0.51304598,2.420905
0.75906419,1.8179194,0.53126281,0.036959976,0.029088002,0.065678101,0.011889849,0.55995281,2.2699761
0.81293168,1.5874451,0.57100886,0.039543304,0.018579446,0.078785305,0.013940531,0.63777653,2.4335824
0.81445517,2.1504848,0.47563754,0.042224808,0.027532782,0.077356137,0.010486096,0.54989695,2.3271934
0.80183246,2.1105063,0.53436984,0.028500886,0.016819037,0.076847066,0.011755027,0.63722825,2.4678063
0.80240116,2.114553,0.49452243,0.031421744,0.046147491,0.094411379,0.014974822,0.53951861,2.3774281
0.87912189,1.3180001,0.46465551,0.034147225,0.017220447,0.09294076,0.010263433,0.6139236,2.4170694
0.80985152,1.2929856,0.45441774,0.023991607,0.022719846,0.075317582,0.018551732,0.48768821,2.2679026
0.82222589,1.8833714,0.54499133,0.048870873,0.015993087,0.070961275,0.01091921,0.52178268,2.407879
0.80883884,1.8584347,0.53291488,0.039790983,0.022173896,0.080086827,0.011947589,0.56784101,2.3927357
0.81557727,1.5241035,0.56319403,0.054869224,0.023673735,0.076628662,0.017111648,0.51854972,2.3452689
0.79933715,1.8536111,0.5430546,0.032641452,0.021494793,0.087248682,0.01217942,0.63791317,2.4211696
0.79793736,2.0368703,0.52795374,0.037783373,0.013977127,0.060163076,0.011228277,0.5519541,2.3886838
0.8533313,1.4267798,0.49250391,0.035376229,0.019858849,0.0864079,0.01253205,0.63366615,2.4048734
0.81755336,2.0640583,0.49628659,0.032234308,0.012973333,0.059739819,0.011495417,0.54246527,2.4095405
0.80955867,2.0130134,0.50819262,0.036885034,0.014037499,0.075284221,0.010897358,0.54015583,2.3831688
0.80734065,2.0532295,0.45516256,0.033265094,0.012951861,0.0768581,0.019996079,0.5313789,2.3005222
0.80997614,1.6617709,0.59051157,0.038188665,0.025473619,0.080723988,0.010159982,0.65861753,2.4774693
0.82553749,1.8869038,0.45602809,0.034716377,0.013465668,0.089506273,0.010097508,0.59268854,2.3240096
0.83894709,1.532708,0.53224898,0.039015947,0.023575986,0.083992933,0.010149304,0.57809408,2.4306117
0.80910648,1.8453361,0.48001072,0.037016745,0.01520737,0.068528985,0.010927388,0.63438471,2.3112261
0.82673336,1.9300823,0.50004017,0.032718471,0.021994348,0.078046055,0.010631318,0.65715025,2.4217247
0.83014373,1.6680966,0.52858061,0.032285946,0.017836797,0.082606494,0.016000148,0.5177508,2.4523256
0.82372716,1.5997723,0.47705143,0.038696946,0.027578386,0.064306933,0.011360091,0.54502865,2.3087793
0.83943279,1.7543527,0.49699205,0.041178716,0.016230407,0.087952323,0.010602633,0.46055485,2.3880247
0.83537719,1.6380259,0.49398722,0.049826555,0.025601166,0.079319123,0.010354953,0.5479945,2.3219485
0.84093145,1.6789279,0.52166283,0.056329899,0.017780936,0.06974547,0.01034167,0.57996578,2.3566045
0.80218461,1.8757908,0.52808348,0.019703293,0.015996108,0.088406487,0.013184186,0.50704194,2.4712584
0.84642994,1.4747586,0.43600363,0.034622558,0.019967796,0.084275562,0.010742675,0.6853763,2.3015292
0.85593493,1.4913469,0.44826061,0.038903098,0.019042476,0.08135888,0.011049333,0.67448577,2.3290039
0.82227513,1.6360504,0.47510719,0.030487695,0.010967003,0.068629686,0.01182954,0.44259597,2.3419939
0.80449385,2.0176626,0.49786928,0.03764173,0.014831633,0.081089849,0.012045221,0.58264335,2.3484115
0.83297583,1.511232,0.5137481,0.037175336,0.014493218,0.089708472,0.011035432,0.52087305,2.3902594
0.83693425,1.5590014,0.4676731,0.035965704,0.017846976,0.073956055,0.011515402,0.45370911,2.333534
0.82449505,1.8448197,0.56677892,0.035319642,0.013834764,0.089372989,0.014298118,0.7014643,2.5158402
0.86000118,1.5778986,0.46485251,0.039550936,0.016304784,0.089919622,0.010439773,0.43574706,2.372425
0.86731994,1.7968806,0.40838812,0.049728918,0.019287842,0.075501987,0.010165483,0.50093922,2.275408
0.85495736,1.5234502,0.46296426,0.043501566,0.020025391,0.068688037,0.010194787,0.53181954,2.3346211
0.84780636,1.5839075,0.42962636,0.053831529,0.020232748,0.081408852,0.010190873,0.47947528,2.2306096
0.80366895,1.1955385,0.53512049,0.023334258,0.016863011,0.083718174,0.016232993,0.63120606,2.3768457
0.79480985,1.29118,0.5541753,0.025052895,0.016093786,0.076804036,0.012370575,0.66519816,2.3891745
0.84957767,1.9664006,0.46319888,0.048307916,0.027593252,0.087932322,0.01098084,0.51695519,2.3460003
0.80227896,1.4824491,0.4961651,0.022945534,0.010450701,0.084059894,0.012351501,0.64919238,2.3451598
0.78081221,2.3464821,0.6132667,0.026054225,0.012443751,0.089414787,0.010154155,0.69349041,2.6239437
0.7978762,2.0110368,0.56062515,0.020336923,0.034551209,0.080181147,0.010008604,0.65635245,2.540719
0.81379147,1.4149025,0.45167082,0.027171577,0.014182957,0.073351029,0.010041796,0.69785486,2.2719233
0.82024535,1.3990717,0.48753897,0.027729351,0.021261782,0.078702708,0.010086094,0.65237392,2.3444582
0.81258323,1.6411122,0.4921973,0.034155301,0.026350525,0.069985409,0.01017806,0.57074725,2.3310017
0.82659107,1.844974,0.49264101,0.034127513,0.031293529,0.09340994,0.011221455,0.62799725,2.3909547
0.82566994,1.6236849,0.4827906,0.041048684,0.011327352,0.06901366,0.011987696,0.52432273,2.3155838
0.82332422,1.8371864,0.47846789,0.039109801,0.024499461,0.092002472,0.012476242,0.51738104,2.3339469
0.84042669,1.4247321,0.49636886,0.032055444,0.018959681,0.084153129,0.01345965,0.55998499,2.3938462
0.81281788,1.8200105,0.54494732,0.033149956,0.022812339,0.089182488,0.012831296,0.64924546,2.4527318
0.82815595,1.5800452,0.53678704,0.049557489,0.017335806,0.095134975,0.012111877,0.51988059,2.3669815
0.84698674,1.7999783,0.55570381,0.041649308,0.027473413,0.091366979,0.015480838,0.49080695,2.5146044
0.80375312,2.0393133,0.5160187,0.038947718,0.026366994,0.094590547,0.011541982,0.51790389,2.3762993
0.8157167,1.8590165,0.40657014,0.049600801,0.01616526,0.058854328,0.011720188,0.53994127,2.1566407
0.85698733,2.0714696,0.47124522,0.043156302,0.019798603,0.085083099,0.010417954,0.51626204,2.411439
0.82045037,1.5966011,0.4705348,0.038953906,0.022721605,0.077601434,0.016848147,0.46645385,2.288402
0.80923017,1.7446821,0.52863918,0.028286083,0.010821869,0.087750444,0.010192616,0.7423675,2.4281668
0.79179404,1.9204306,0.55630004,0.043831716,0.021592471,0.09309323,0.020053789,0.55927824,2.3790682
0.81507088,1.4379295,0.5248885,0.029372663,0.012248154,0.057493351,0.010971035,0.58133507,2.3913594
0.8298185,1.8568368,0.57277072,0.019466222,0.021690295,0.096659657,0.013535618,0.51669399,2.634349
0.84079141,1.7990053,0.5678893,0.021835423,0.029056703,0.096657542,0.014025978,0.51546383,2.6313346
0.78112457,2.0154862,0.46767262,0.023859051,0.030199007,0.095510336,0.011654416,0.60131821,2.2958039
0.82474344,2.1343656,0.55455933,0.019652274,0.022448628,0.092984783,0.011911989,0.62765337,2.6236777
0.78404503,2.0538585,0.56501087,0.018794423,0.014499381,0.094614807,0.011654228,0.61199181,2.5274106
0.79793607,1.9757419,0.53002842,0.024266344,0.025199572,0.088056344,0.010605437,0.57596905,2.4529539
0.79255832,1.8092809,0.5970017,0.044247714,0.016871005,0.083589242,0.015327676,0.68534697,2.4337549
0.81020638,1.9292376,0.60124309,0.043427831,0.028689018,0.081326243,0.012234406,0.60965102,2.510706
0.81961102,1.4899956,0.59442454,0.03750135,0.016632882,0.089532403,0.013455836,0.65213341,2.4871144
0.80748849,1.6803147,0.56833711,0.034943023,0.011774942,0.076273449,0.011767694,0.60825741,2.4517972
0.80725399,1.9815975,0.50780942,0.043309848,0.011408201,0.062486671,0.011450744,0.47791172,2.3431493
0.82992673,1.7089948,0.49661039,0.034590418,0.029408223,0.086416948,0.013174007,0.65867931,2.3885785
0.83168827,1.779762,0.46957624,0.03136201,0.022364066,0.09138261,0.012098879,0.6218838,2.3675078
0.81330769,2.1138994,0.52270069,0.032775834,0.017170071,0.093363252,0.012146592,0.70577256,2.4531568
0.83171414,2.1151378,0.51364534,0.024842752,0.020226042,0.096330316,0.011598629,0.62364854,2.5245263
0.78406602,1.4760932,0.50962812,0.046813717,0.011816096,0.057835933,0.013076883,0.5190986,2.2134548
0.83376163,1.9901195,0.51821964,0.020432984,0.013425697,0.086493663,0.011451723,0.57253395,2.5469547
0.79854562,1.7884044,0.52082262,0.02183852,0.011996569,0.095472351,0.012443734,0.61673954,2.4244226
0.82775904,1.7738303,0.55531856,0.052951675,0.03334489,0.077175899,0.012951195,0.59788268,2.4056477
0.85133719,1.7141631,0.42022447,0.024834417,0.010873481,0.098341303,0.012192474,0.53191883,2.3489885
0.83443864,1.5649029,0.56358283,0.037542299,0.028342357,0.098281109,0.011716485,0.63755998,2.4843105
0.79239422,1.8684244,0.50821632,0.038009272,0.014131784,0.05270291,0.01230686,0.55542214,2.3168107
0.8168045,1.8095446,0.5229244,0.024585027,0.011756557,0.076213392,0.010475672,0.64919716,2.4651288
0.80732533,1.403408,0.50001441,0.021579275,0.030724678,0.078956503,0.015226826,0.55055717,2.3621723
0.80341886,1.6035581,0.49064653,0.021871661,0.018525069,0.080091401,0.012439376,0.56047161,2.3579367
0.83741493,2.0426848,0.50819887,0.038306925,0.014925053,0.075901016,0.010754745,0.58751595,2.4507078
0.81480756,1.4950048,0.51191397,0.032918994,0.030337092,0.089219796,0.011321479,0.55965574,2.3586856
0.83687388,1.9150046,0.46297182,0.027275023,0.01125941,0.087436035,0.011972143,0.58567281,2.4017035
0.82556363,1.8193341,0.50093458,0.032308357,0.015756591,0.074554901,0.010542039,0.60561546,2.4091098
0.83969418,1.6094212,0.50442394,0.042579553,0.016105415,0.078299045,0.010068775,0.57714968,2.3782899
0.83076602,1.6639174,0.47316828,0.035108063,0.019577815,0.088736534,0.011314386,0.58418394,2.3423125
0.83987621,1.9165188,0.52553953,0.045779594,0.021972981,0.078295333,0.012463632,0.67048847,2.4372565
0.8016525,1.8514054,0.52075508,0.032920267,0.014222865,0.087323922,0.010491947,0.60978891,2.384783
0.82192323,1.5969821,0.57507768,0.040720493,0.016414048,0.081812086,0.011000779,0.54394874,2.4594147
0.81992295,1.5294807,0.59050202,0.032386081,0.013456057,0.093539816,0.0115143,0.70515027,2.5151675
0.80143782,1.7981631,0.43039979,0.046873547,0.021875828,0.084043352,0.01600066,0.43131837,2.1652761
0.8821116,1.6843693,0.49839794,0.030667176,0.023472402,0.09856165,0.011019951,0.52036332,2.5414287
0.79646624,1.1133749,0.44410696,0.02445466,0.016341465,0.07578325,0.015056462,0.54791441,2.1977898
0.86378631,2.1281774,0.50247293,0.057171538,0.019180182,0.089630187,0.010848424,0.48457942,2.4284699
0.82036535,1.2476675,0.42715219,0.026479951,0.014161147,0.081728163,0.013184213,0.66520545,2.2351073
0.84289804,1.4670861,0.46682186,0.027328168,0.017707758,0.07739191,0.011576811,0.58081491,2.3760169
0.84519274,1.8173899,0.46265951,0.034951178,0.011754623,0.083086739,0.011615197,0.5437567,2.3766344
0.80458913,1.8864795,0.51154293,0.042143117,0.024451014,0.088773025,0.011880192,0.61727314,2.3368682
0.82888539,1.9804499,0.48930137,0.044491739,0.022508644,0.070526848,0.010662178,0.51509406,2.3588953
0.80880748,1.9774431,0.46553484,0.036968956,0.021229505,0.077597445,0.012589529,0.59071728,2.2991984
0.80228443,1.8429559,0.55737201,0.026979844,0.015176335,0.087852482,0.011458971,0.57295923,2.4839976
0.84892817,1.4609192,0.39614732,0.054435298,0.018826122,0.07314122,0.013018445,0.53016407,2.1720138
0.84150715,1.5746084,0.52051955,0.027698751,0.02179678,0.084677001,0.012086879,0.51025067,2.4788021
0.76360899,2.2162595,0.60303666,0.032472494,0.021773414,0.08448752,0.01230686,0.60107866,2.4961382
0.86350863,1.3984772,0.45077706,0.039360658,0.013556794,0.080865282,0.011982515,0.53409008,2.3409428
0.79695233,2.3676394,0.5391956,0.037036499,0.026634073,0.085725131,0.010324023,0.69837559,2.4555773
0.81914757,1.3554299,0.46549166,0.034708739,0.013228378,0.074338878,0.0180762,0.46138736,2.2699324
0.8563479,1.9990893,0.44210401,0.038745143,0.011900242,0.096573744,0.010186982,0.65422377,2.3683342
0.78960372,1.5070827,0.53329159,0.037024204,0.03388833,0.069454777,0.018977277,0.50143553,2.31143
0.7897863,1.5353263,0.5339891,0.0433391,0.017442247,0.07164202,0.011778401,0.47537666,2.2877855
0.84073871,1.8111629,0.4381242,0.034242511,0.011004312,0.073822253,0.01310105,0.55707075,2.3241322
0.82593009,1.7596904,0.53593183,0.041649918,0.010409064,0.081095336,0.012225589,0.52236016,2.4200082
0.84286771,1.7978504,0.53737344,0.040035804,0.010754906,0.083920306,0.010743633,0.50945759,2.4789161
0.84971947,1.7137547,0.44477151,0.032738156,0.033275132,0.083024985,0.011210736,0.6495391,2.3551979
0.79167713,1.9935566,0.64165773,0.034706212,0.016276523,0.075040479,0.013004447,0.56588612,2.5967582
0.80092955,1.8226605,0.54549997,0.037985621,0.010063827,0.080530664,0.011415752,0.74091748,2.3987346
0.81775553,1.8049727,0.53420455,0.039658453,0.010003666,0.077182943,0.012288331,0.48453224,2.4115766
0.84810405,1.6420348,0.4495783,0.039087048,0.010005235,0.083117026,0.012223943,0.62538434,2.3256535
0.82112278,1.3650514,0.47874425,0.034602842,0.010115778,0.063886444,0.010652009,0.48199312,2.2975616
0.80275232,1.818831,0.48977985,0.038508676,0.05084805,0.072959826,0.010084685,0.49399285,2.3028001
0.84094884,1.8876749,0.56015205,0.030435693,0.019075808,0.098366761,0.010539176,0.6633192,2.5798527
0.842269,1.5994241,0.4103888,0.041978053,0.026059265,0.096952637,0.01104332,0.57044523,2.2318854
0.81327722,1.6709928,0.48206137,0.041790407,0.010276475,0.075589513,0.01212649,0.51151164,2.2855068
0.83533476,1.6686429,0.4722478,0.037664361,0.030982919,0.089209513,0.011191937,0.58074122,2.3413948
0.8244834,1.6061564,0.54851159,0.041747718,0.012284831,0.087095909,0.013823854,0.6313828,2.4171513
0.76770008,1.6943439,0.60214435,0.024392743,0.024717291,0.091295834,0.010486369,0.65375374,2.4648925
0.79806929,1.5223969,0.61948629,0.036323821,0.02076,0.058328888,0.010344746,0.55555072,2.4833994
0.81257655,1.1273098,0.48842834,0.038648315,0.015562991,0.084086145,0.010795268,0.52047758,2.2480407
0.83380454,1.6151325,0.50901719,0.040193111,0.016810794,0.089514318,0.01347291,0.67104699,2.3827639
0.83402346,1.6159461,0.46800544,0.035695901,0.020299051,0.071480281,0.011492078,0.43077527,2.3339397
0.81109844,2.0797575,0.48866844,0.044611602,0.020899234,0.084851984,0.013747949,0.60505737,2.3242766
0.82001901,1.9683806,0.53474822,0.045859624,0.010635102,0.06223682,0.011391255,0.62087615,2.4096704
0.82615505,1.328318,0.49489268,0.035245118,0.010060521,0.08745851,0.015431096,0.56263349,2.3293413
0.79851186,2.2606054,0.55342699,0.026956484,0.014508047,0.06189062,0.010668938,0.59253359,2.5272322
0.79650956,1.9314677,0.47375468,0.031944993,0.012745431,0.071550868,0.010306088,0.67766509,2.3003149
0.82059048,1.5801699,0.53096562,0.032694107,0.029350926,0.098565661,0.012933875,0.5223006,2.4181893
0.84464359,1.4415508,0.45039018,0.040472105,0.027646317,0.096570701,0.011109484,0.57184586,2.2936133
0.80141555,1.810777,0.50714451,0.034465765,0.013116988,0.071267038,0.012659403,0.55729497,2.3472635
0.81540554,1.6162533,0.51566879,0.038539445,0.019964329,0.075677857,0.012344315,0.67726973,2.3550678
0.80282267,1.8847391,0.60548788,0.032130079,0.014623285,0.072832931,0.012118693,0.58090759,2.5544736
0.8141733,1.7363449,0.50694845,0.037752393,0.027171962,0.09453823,0.013604164,0.56936095,2.3551773
0.79769641,1.8490429,0.53742634,0.0412324,0.011485338,0.059937466,0.012037675,0.59457389,2.3640043
0.8490996,1.8121944,0.54689238,0.029658439,0.018329309,0.085946013,0.011581127,0.59351556,2.5693973
0.77599147,1.8788695,0.58855034,0.053535193,0.032952216,0.089732942,0.013602888,0.71136816,2.3412518
0.76863417,1.8987464,0.60153512,0.047075644,0.039246672,0.074498939,0.012770116,0.69619063,2.3784701
0.85280941,1.9462854,0.42821022,0.02579545,0.011945222,0.080235292,0.011810717,0.46495028,2.3848945
0.77743427,1.5646489,0.57593455,0.036322938,0.030401761,0.071367887,0.013313487,0.67057507,2.3613236
0.76437372,1.5189841,0.53089281,0.034929836,0.023003365,0.079070159,0.012827547,0.73598738,2.2534692
0.77924175,1.5307077,0.54580862,0.034275027,0.026628194,0.074805192,0.012029014,0.7421272,2.3212145
0.82932989,1.8858785,0.6090242,0.031797739,0.017789171,0.094808209,0.010915955,0.61390801,2.6354489
0.76342662,1.7163525,0.59278312,0.041651188,0.015533554,0.059946576,0.012870597,0.68283042,2.3487397
0.82299552,1.7107674,0.57257021,0.042105522,0.024469587,0.087714519,0.011434253,0.63342436,2.4672554
0.81278877,2.0348951,0.42394875,0.023870531,0.017905118,0.088877463,0.012918064,0.54887495,2.2940472
0.83604872,1.8285509,0.54215887,0.034751739,0.014608023,0.073387252,0.010516722,0.59289119,2.5011331
0.8108986,1.5624646,0.50281239,0.031378138,0.029816091,0.086790858,0.01154331,0.56356602,2.3485333
0.81535713,1.9479776,0.49936217,0.044103176,0.012956338,0.07345389,0.011467128,0.51236796,2.341037
0.83823596,1.5762706,0.488776,0.032334622,0.025713817,0.091124506,0.01233115,0.57877979,2.3912479
0.84644039,1.6554157,0.54064027,0.038563348,0.018462731,0.098089087,0.012017306,0.56715137,2.4826103
0.82881078,1.736271,0.50939052,0.036760308,0.03415704,0.096829447,0.011575543,0.52321757,2.4013183
0.82016029,1.8018062,0.53662725,0.03377137,0.011233159,0.085782322,0.01031631,0.61595139,2.4510102
0.81496723,1.8138031,0.51111357,0.033832725,0.01125773,0.082578563,0.01054353,0.60666451,2.3924559
0.79550403,1.7321888,0.46372294,0.033972656,0.035278361,0.088305528,0.01540001,0.46984208,2.250001
0.80811121,1.4060481,0.58343458,0.023073068,0.015213725,0.061162388,0.011716913,0.60385602,2.5035793
0.80054945,1.5541241,0.4937175,0.026752535,0.013678932,0.093612836,0.015832701,0.53740797,2.3268481
0.84280613,1.9735806,0.50086369,0.033909194,0.011597014,0.062595588,0.010812834,0.58340976,2.4636927
0.83360191,1.9091495,0.47156788,0.031381679,0.010535246,0.092131254,0.01173362,0.73621679,2.3898893
0.82766225,1.9682906,0.46575639,0.028437078,0.010748884,0.082960585,0.013706132,0.71652334,2.3840275
0.81554594,2.0082647,0.48446981,0.024713497,0.011846503,0.087200316,0.013497893,0.71690185,2.4115743
0.84402709,1.8694556,0.5120105,0.034066201,0.022352742,0.072066496,0.012768966,0.50014163,2.4743904
0.85057887,1.7213872,0.49035196,0.038134598,0.018806617,0.079024969,0.011437938,0.49836467,2.4146399
0.85652613,1.6051492,0.45988285,0.030936844,0.024027654,0.09590732,0.010367309,0.52238278,2.3961358
0.84635829,1.7836485,0.48660937,0.045037299,0.0223256,0.082813352,0.022380717,0.55320223,2.3733694
0.78743362,1.9704137,0.54282565,0.025760306,0.021510106,0.061269501,0.010039932,0.62311621,2.4413232
0.88081911,1.5225316,0.45793984,0.051510825,0.010872368,0.06992646,0.014346591,0.45476372,2.3564792
0.79620817,1.9222452,0.5442121,0.025002246,0.011590229,0.061183019,0.010239241,0.69883108,2.4646162
0.78964767,2.1147333,0.50296937,0.027671393,0.013198888,0.069328055,0.010163402,0.66250101,2.3791788
0.82875796,1.5280613,0.56920454,0.046088242,0.024830916,0.09467409,0.015294037,0.65330927,2.4305231
0.83712258,1.6740155,0.39664137,0.028755043,0.016265001,0.061189901,0.01027578,0.53236457,2.252467
0.82504242,1.8877686,0.58379873,0.051673595,0.027957231,0.093723054,0.012808784,0.63390632,2.4692155
0.79977278,1.7301576,0.47216373,0.036874801,0.023303611,0.077960561,0.016522642,0.53389476,2.2625241
0.81538244,1.7505594,0.5772101,0.031482705,0.01875011,0.089947531,0.010719366,0.62352902,2.5178515
0.81534725,1.7006952,0.57846646,0.03548429,0.013112598,0.089729498,0.010418529,0.58328372,2.4907822
0.81282975,1.5459405,0.60632683,0.035315069,0.015423606,0.08386479,0.011719393,0.62722272,2.5100929
0.81453505,1.5032762,0.62358012,0.034973144,0.017168426,0.08842696,0.011580517,0.61827002,2.5395689
0.77366136,2.0322798,0.48762708,0.037918543,0.020762082,0.061039803,0.012695994,0.56981607,2.2528523
0.83824063,1.5087295,0.48307946,0.038798031,0.016368741,0.092092535,0.013380092,0.56443883,2.3447795
0.81256741,1.9945938,0.57080525,0.028089378,0.020901865,0.085333132,0.011431289,0.56549725,2.5539919
0.8532354,1.5755281,0.4987251,0.039559494,0.020072558,0.078654321,0.01197367,0.59498498,2.4126732
0.79554265,1.7921376,0.45779213,0.03171935,0.011577558,0.073378701,0.015085716,0.51670592,2.2555978
0.77451323,1.9914119,0.54179391,0.042270307,0.014257332,0.065810539,0.01139807,0.48634968,2.3262775
0.82093987,1.6266625,0.4865221,0.038538785,0.010465585,0.055307289,0.011435133,0.46935486,2.3212417
0.82395843,1.652492,0.51783846,0.032932515,0.010441805,0.059002783,0.010991224,0.47176498,2.4119356
0.80049518,1.576636,0.45444774,0.057088061,0.013098682,0.070674065,0.018536912,0.54018027,2.1429584
0.81448231,1.580019,0.50471754,0.025121944,0.010281859,0.071049999,0.013126214,0.50339841,2.393368
0.81609823,1.8048696,0.51864971,0.021777585,0.015954213,0.088049349,0.010543367,0.76946286,2.4692505
0.81907901,1.860926,0.56963823,0.024245843,0.011944678,0.087899444,0.010908232,0.60592825,2.570996
0.75654902,1.983506,0.6796339,0.040811064,0.026011886,0.07575394,0.013052564,0.67852835,2.5334865
0.76777279,2.1272237,0.66536325,0.032031195,0.011728969,0.075008814,0.012134273,0.7919565,2.6179496
0.79761235,1.6004066,0.58762061,0.037478686,0.02155976,0.074286054,0.010246738,0.56517143,2.4340078
0.77272907,1.8363213,0.60308454,0.029714696,0.044735113,0.086596909,0.010262208,0.69197331,2.4738509
0.8029752,1.7777893,0.47355704,0.027632777,0.0108033,0.083514988,0.0128745,0.5336578,2.3187952
0.81184418,1.8149549,0.5018599,0.028019117,0.010934532,0.080625335,0.013310438,0.5561268,2.3958264
0.83711341,1.8504594,0.49760175,0.04758584,0.034586354,0.083761753,0.01096745,0.6498596,2.3655029
0.7883538,1.6102382,0.54106554,0.026418323,0.012580031,0.070579484,0.012541122,0.52254864,2.3868884
0.80111832,1.7408557,0.49703296,0.017908103,0.011278825,0.082339896,0.013231111,0.58598951,2.4001142
0.79549415,1.4229354,0.55406862,0.022643129,0.019826486,0.058611517,0.011633944,0.50836823,2.4223008
0.81857085,1.7132403,0.46499349,0.031634439,0.015768294,0.096479961,0.012850506,0.5728963,2.3180514
0.82254233,1.4427662,0.51322382,0.028686109,0.020846126,0.073028819,0.010925201,0.56135103,2.394846
0.78094751,1.4297358,0.43009554,0.030049054,0.024203287,0.056739113,0.01074861,0.50210763,2.1447546
0.78813074,1.4275475,0.43362207,0.027292828,0.026786686,0.056638641,0.01076154,0.50549183,2.1787537
0.83581753,1.981814,0.56299243,0.021730408,0.01435409,0.098365964,0.01492713,0.60727387,2.6361457
0.77571044,1.9051699,0.49336559,0.019573904,0.013857337,0.098596118,0.013827043,0.65539253,2.3382641
0.83371357,1.2706551,0.39193566,0.036272057,0.014348211,0.066317674,0.010760363,0.52024084,2.1775257
0.85626844,1.3135482,0.45295661,0.039428352,0.01471133,0.069924055,0.010279836,0.49300384,2.3182445
0.80112909,2.0485593,0.50307087,0.028632529,0.017382573,0.071128418,0.010040395,0.60393944,2.3961027
0.86871397,1.2854979,0.47933932,0.043939576,0.012279571,0.081771454,0.011533463,0.51276216,2.3685099
0.86828539,1.6158396,0.38504227,0.041393236,0.028195249,0.090643679,0.010319492,0.51166447,2.2559036
0.80892293,1.8104281,0.54526055,0.035147564,0.014703552,0.084772499,0.013894481,0.60710499,2.431603
0.80981163,1.8014482,0.51656193,0.035509135,0.030489222,0.072067943,0.010551986,0.58544335,2.379435
0.82123426,1.4423876,0.51182774,0.029939194,0.014699547,0.080954768,0.011702679,0.66199588,2.3829223
0.81236865,1.4134428,0.43468606,0.024629708,0.031250333,0.088170955,0.012194916,0.57045474,2.2504865
0.8037986,2.1383408,0.58735901,0.028557428,0.011317516,0.086172214,0.011461907,0.60681003,2.583203
0.82447841,1.5470835,0.47966691,0.045110299,0.03352965,0.072201346,0.012292017,0.6375678,2.2822245
0.81403078,2.292558,0.5449667,0.029536911,0.018006668,0.086323201,0.013079344,0.48602191,2.5411644
0.80612674,1.5270091,0.47554245,0.034957433,0.015562895,0.050160753,0.010948989,0.66883888,2.2705233
0.80298249,1.7641807,0.51139866,0.0345298,0.013673885,0.083247106,0.010365716,0.58140201,2.3528065
0.80329224,1.6330911,0.5320381,0.022683271,0.026030871,0.064902651,0.011232901,0.64118467,2.432782
0.82568427,2.0288595,0.49638375,0.045330457,0.014734235,0.093270598,0.011192611,0.5654939,2.3652855
0.83226929,1.827708,0.56781235,0.033290346,0.031408463,0.082860468,0.011943225,0.53171281,2.5468637
0.83658442,1.8832255,0.55012863,0.034483698,0.017642053,0.074950268,0.011624629,0.53917739,2.5263727
0.82312855,1.7914347,0.52516393,0.040756003,0.021089385,0.09391154,0.011647099,0.59745175,2.4023853
0.84088523,1.5183432,0.55319894,0.033144994,0.021521601,0.095181565,0.01112009,0.54288209,2.4996445
0.83905292,1.9275069,0.43679001,0.04122229,0.023343167,0.098073032,0.018192097,0.55505595,2.2997773
0.86234195,1.9168193,0.50892537,0.036028635,0.012046968,0.096573899,0.01068207,0.5499514,2.5114154
0.86586619,2.1856804,0.54825396,0.03332609,0.014913029,0.098907218,0.011009699,0.5570614,2.6479856
0.79662061,1.5056313,0.54207473,0.033888564,0.039936985,0.078482221,0.015802536,0.62865576,2.3589156
0.86131914,1.6890776,0.43485088,0.040717761,0.011882246,0.070809811,0.010143314,0.4713468,2.3306414
0.82276825,1.6462741,0.50878766,0.035396676,0.012022871,0.073764611,0.011377585,0.59893654,2.3804286
0.79549061,1.6127556,0.53818798,0.034048671,0.036690134,0.081494452,0.014868822,0.54507532,2.3629236
0.86860015,1.9229018,0.46623426,0.037169051,0.015695214,0.072499283,0.010791446,0.57233429,2.442337
0.82387204,1.5336018,0.50886823,0.031229072,0.012269691,0.064742845,0.011546653,0.51778311,2.389599
0.83530062,2.0826343,0.48154034,0.035118735,0.010090363,0.077832169,0.013326437,0.63449901,2.4147339
0.83344956,2.1686077,0.49128024,0.032141275,0.010051548,0.07800491,0.015267301,0.66683365,2.4531286
0.84789734,1.9417383,0.4362736,0.040122272,0.01188853,0.09398525,0.010755418,0.5127109,2.3261067
0.80059118,1.3600198,0.53593618,0.04110684,0.034640894,0.083175585,0.010125649,0.55186993,2.3062003
0.85917053,1.7140507,0.48001994,0.021788051,0.016591512,0.091918407,0.018294242,0.62142251,2.496059
0.81101636,1.7272337,0.53544836,0.02692367,0.03938537,0.092446664,0.010041463,0.52660136,2.4501272
0.80962137,1.7196432,0.54073497,0.026690186,0.043065162,0.093585776,0.010027728,0.52438863,2.4564067
0.78952631,2.0650773,0.56283091,0.026944831,0.025835132,0.09330739,0.01001811,0.62414658,2.4933796
0.79457979,1.6848483,0.60402562,0.037150605,0.035828703,0.096768991,0.010027861,0.74387325,2.4692166
0.83580672,1.9304845,0.58101421,0.041303393,0.017416613,0.099227925,0.01031747,0.74339038,2.5524186
0.7969834,1.5114076,0.49605869,0.0309989,0.01841235,0.051878022,0.010384391,0.6089572,2.2970951
0.83724447,1.9347328,0.54963535,0.043178527,0.018034285,0.095701429,0.012305335,0.57625009,2.4891077
0.81153587,1.7136733,0.47842226,0.03414015,0.01710881,0.08722805,0.016000979,0.66270392,2.3127879
0.80905685,1.6234485,0.49282619,0.033021792,0.016909366,0.085138693,0.015165779,0.63879584,2.3262417
0.81570785,1.9992285,0.53945129,0.04226149,0.036352653,0.091857401,0.011951656,0.67666294,2.4285558
0.81760209,1.6459132,0.4861763,0.032357744,0.011501759,0.063456537,0.010702525,0.53286302,2.3420628
0.85216339,1.5875601,0.48950843,0.04252002,0.011627122,0.08531366,0.010298689,0.54330391,2.3823515
0.84036417,1.86625,0.44175198,0.030616679,0.030388412,0.081553881,0.01027056,0.5530773,2.3505926
0.7828478,1.6333594,0.60336267,0.024177367,0.015198282,0.063533561,0.010577296,0.67339742,2.5001443
0.78242528,1.8547226,0.60463564,0.033340897,0.020782037,0.0820229,0.010983775,0.57757861,2.4858664
0.79285916,2.0894591,0.4838291,0.028346794,0.024147227,0.076573289,0.015243424,0.47955473,2.3441736
0.83702869,1.234299,0.49614679,0.044662425,0.021539819,0.0817713,0.010886604,0.48209262,2.3070002
0.84578724,1.3045491,0.48119653,0.045892819,0.028088328,0.069399165,0.010938592,0.5188611,2.3084941
0.85290124,1.2897457,0.48424114,0.042722999,0.021129953,0.083988396,0.010886359,0.50069479,2.3426146
0.82497869,1.9341969,0.50099481,0.035098392,0.012911912,0.090429216,0.011895108,0.73889225,2.40807
0.82071549,1.6676549,0.56675408,0.036823873,0.015549704,0.085227103,0.012123549,0.67669139,2.472223
0.82598255,1.6499026,0.47572772,0.032518179,0.028233335,0.093052445,0.012420899,0.61921086,2.3447869
0.80651734,1.9352419,0.55362656,0.03802294,0.010720213,0.069999854,0.011448401,0.5185198,2.4432256
0.78104825,1.9571095,0.58890495,0.044772711,0.010255018,0.064763499,0.010823137,0.54354393,2.4093961
0.79215599,1.8336069,0.55253445,0.025931496,0.016293458,0.08067215,0.014334048,0.65669808,2.4520528
0.80013241,1.5853021,0.49139295,0.050180223,0.021977228,0.059630237,0.011265746,0.5185217,2.2240303
0.83133655,1.7547313,0.49348144,0.030008764,0.016190421,0.090409337,0.013500986,0.59600173,2.4136783
0.83739865,1.6519591,0.48710659,0.041563984,0.012676779,0.083874324,0.012674475,0.55082496,2.352842
0.83704667,1.6307386,0.5010219,0.044009388,0.011136909,0.071231558,0.015124025,0.61786426,2.362011
0.8173871,1.90588,0.56170069,0.026891921,0.010020153,0.096827014,0.010153057,0.64627805,2.5425115
0.80601981,1.8110122,0.53757321,0.051809214,0.010429599,0.062834916,0.014390712,0.67733393,2.3317004
0.83534158,1.9045322,0.50036303,0.021513569,0.021050695,0.07859484,0.010942209,0.46908532,2.49816
0.84004781,1.6529958,0.5628435,0.045857818,0.021722117,0.094508429,0.013665899,0.68695201,2.4675406
0.84112114,1.7289091,0.50185004,0.045776522,0.012508823,0.07200358,0.012721191,0.65221805,2.3768958
0.80004358,1.6249279,0.51045408,0.028607378,0.012076294,0.072010142,0.01065505,0.51680864,2.3545479
0.8214219,1.7827345,0.4956395,0.042136993,0.023580188,0.09455589,0.011252873,0.60845911,2.3395247
0.82588997,1.7975245,0.47776249,0.037945591,0.017134246,0.095798923,0.014389935,0.61221517,2.3399368
0.81188074,1.6386887,0.50095582,0.039602162,0.017643229,0.078546374,0.01068499,0.50720651,2.3192818
0.79406116,1.9946625,0.51358464,0.030150705,0.016347963,0.09136644,0.01578678,0.65163869,2.3836719
0.82880321,2.0082225,0.5343814,0.043709085,0.015086338,0.080122067,0.012481883,0.47853608,2.4468004
0.83116797,1.4811439,0.48667937,0.029509696,0.017283683,0.094011432,0.012353941,0.65271272,2.3720046
0.80228121,1.8227305,0.49735101,0.026703059,0.018251341,0.075818728,0.011647365,0.58021524,2.3701002
0.82276858,1.6652409,0.54103902,0.031016713,0.020287028,0.080845913,0.010267035,0.64765867,2.4616065
0.80460631,1.6831555,0.49436756,0.034883349,0.018114356,0.085316291,0.013458049,0.54641544,2.3160309
0.79514702,1.5870416,0.52570972,0.037287202,0.040519151,0.078938255,0.015749832,0.61219704,2.3222275
0.82289823,1.6780566,0.42042679,0.046563946,0.01581185,0.069730447,0.011804824,0.48549183,2.1914659
0.82881383,1.4946068,0.56406159,0.030296922,0.011890146,0.098004986,0.010900987,0.67929954,2.4986065
0.82266951,2.1137026,0.50286033,0.046220212,0.034128772,0.098889181,0.017088033,0.52978816,2.3752463
0.8318039,1.8094146,0.52317106,0.037881955,0.018584686,0.0994263,0.011690783,0.53238668,2.437154
0.85801156,1.8831067,0.43333608,0.029686802,0.017593068,0.098235098,0.011249611,0.7141623,2.3843568
0.7754205,1.5794988,0.63939645,0.020127684,0.012554268,0.060249476,0.010261662,0.72035456,2.5606543
0.76931116,1.8137449,0.53576964,0.029266597,0.013687052,0.048949919,0.010557012,0.47892072,2.3406279
0.81918302,1.9859892,0.51409721,0.038973358,0.044262215,0.099424019,0.011257241,0.57142343,2.4052549
0.81181914,1.6680058,0.51698103,0.028573558,0.013253821,0.098840372,0.017363241,0.51697596,2.4023555
0.8251642,1.8356547,0.4829718,0.039524184,0.034204649,0.097998321,0.0149603,0.47346778,2.3444303
0.84073589,1.4315295,0.51449648,0.034290948,0.020628596,0.099858711,0.013479027,0.76026246,2.4154637
0.83002574,2.1171416,0.4826261,0.033214978,0.017762262,0.077013558,0.010268078,0.4962474,2.4164041
0.81637268,1.4208112,0.52192773,0.038673247,0.021515909,0.07658818,0.015414744,0.68624999,2.3432516
0.80756016,1.5207079,0.50817702,0.030146253,0.018836891,0.079054469,0.010816802,0.45564176,2.3498943
0.81046007,1.7252951,0.48305284,0.044279638,0.035999323,0.0726771,0.010801581,0.53538942,2.2755362
0.84221295,1.6944729,0.48359571,0.034477169,0.012056938,0.080515565,0.010625862,0.61439327,2.3955344
0.81355455,2.000788,0.4603913,0.037012484,0.033124718,0.073679128,0.011963856,0.42296935,2.3039528
0.85630076,1.5839267,0.47422472,0.034133089,0.011316541,0.089631374,0.011724235,0.70209318,2.4040493
0.82076268,2.2009453,0.50082069,0.033206628,0.010744273,0.08295771,0.011022178,0.53541257,2.4382728
0.80424792,1.6947178,0.49267503,0.036306848,0.020727903,0.079116684,0.014410002,0.63841867,2.3071739
0.82574912,1.8514039,0.52054291,0.042026615,0.016110861,0.083053017,0.010707326,0.53362233,2.4023823
0.83533254,1.533902,0.45051711,0.035320036,0.015819307,0.088408968,0.010226569,0.64810245,2.3010253
0.81766695,1.8380834,0.52929732,0.02947594,0.015829809,0.081732727,0.010126714,0.53768452,2.4577661
0.80052502,1.7134813,0.46851005,0.035079481,0.016769224,0.064492502,0.0106064,0.58839125,2.2640526
0.80581785,1.7066718,0.45330842,0.033107519,0.016099945,0.072069622,0.010422715,0.61372048,2.2589072
0.84012516,1.5303909,0.52102503,0.034666011,0.015194752,0.088571426,0.017341807,0.57943317,2.4354334
0.80283511,1.893927,0.55621792,0.026623037,0.03053976,0.096308024,0.010736247,0.57747838,2.4926333
0.80334138,1.754994,0.53946135,0.035269425,0.022184795,0.068379691,0.010445498,0.55139148,2.3985791
0.85547493,1.7681856,0.44089666,0.040600048,0.012225707,0.096170276,0.010193701,0.66524076,2.334534
0.84503281,1.6838446,0.47518641,0.038185967,0.011662922,0.069648487,0.010052162,0.50124155,2.3699317
0.82442218,1.7956701,0.51609075,0.030673749,0.010821323,0.072635242,0.015774261,0.66799399,2.4391785
0.82307568,1.8078237,0.5270392,0.029966177,0.010846103,0.076640661,0.014287231,0.66697363,2.4611643
0.83168844,1.6735548,0.49474766,0.042744323,0.011239425,0.080179058,0.010665801,0.623995,2.3486231
0.84526534,1.8840658,0.45932905,0.023970854,0.016310756,0.085116956,0.014845142,0.54179538,2.4283196
0.84321075,1.8477836,0.475863,0.024239655,0.01775331,0.080087794,0.013141159,0.55494522,2.449813
0.77492437,2.0944478,0.51468138,0.020030249,0.021845607,0.091630552,0.011173536,0.52249464,2.3997902
0.86808268,1.7560225,0.45328812,0.025837029,0.012234096,0.080426831,0.016653353,0.47734294,2.4522106
0.85261636,1.9589029,0.44657039,0.027449059,0.011752427,0.075015102,0.015304616,0.46877658,2.4135787
0.79954562,1.599393,0.54842811,0.034551418,0.026739988,0.078675984,0.010608209,0.71664826,2.3867857
0.81011046,1.8639014,0.49049886,0.033124835,0.011846134,0.069318175,0.011888948,0.57983449,2.3520997
0.78068651,1.6981434,0.56610929,0.043249872,0.010290164,0.059434183,0.01298089,0.58089716,2.3388558
0.83560608,1.8315681,0.42890885,0.029877773,0.012630443,0.079856643,0.012265448,0.58090285,2.3152321
0.82229607,1.788084,0.41900799,0.029640211,0.01205468,0.078575735,0.010589969,0.49793671,2.2617843
0.83709883,1.7807402,0.554314,0.037509091,0.041994711,0.086773458,0.011000757,0.60165603,2.5052579
0.85196312,1.7479267,0.52957325,0.030392232,0.013357245,0.078422207,0.014789173,0.55969138,2.5312954
0.8316202,1.6445682,0.5423985,0.037267758,0.016181583,0.091951509,0.01357961,0.56790013,2.452435
0.82956278,1.7663994,0.51352028,0.044734337,0.020650174,0.092592022,0.015012069,0.62195632,2.3768937
0.83274327,1.6491981,0.41435839,0.052616291,0.019959907,0.053591549,0.012948893,0.59464959,2.1816457
0.80799604,1.922575,0.57056812,0.023559756,0.022217547,0.086812255,0.010240747,0.53077388,2.5561335
0.80202413,1.6626544,0.46520799,0.048409191,0.014631662,0.057322848,0.011847872,0.57550043,2.2031472
0.85587612,1.949934,0.50038439,0.025018504,0.018332315,0.094160273,0.01169992,0.60308176,2.538885
0.83666982,1.7705134,0.50176374,0.04620814,0.012619205,0.095437404,0.013774813,0.5699379,2.3685043
0.82296788,1.7527637,0.5140595,0.033429376,0.019331252,0.074663852,0.010680963,0.54144229,2.4127258
0.8269382,1.8099658,0.53787026,0.033750506,0.01646319,0.082858022,0.011152833,0.64819983,2.4721435
0.83601758,1.7313604,0.47507664,0.04074533,0.022346847,0.0750734,0.013335348,0.48628498,2.341148
0.78289482,1.4989949,0.53831369,0.038102181,0.024552512,0.087697475,0.014054475,0.51068996,2.2961892
0.79141226,1.4371038,0.54906229,0.037468284,0.056184939,0.090082731,0.011751078,0.57216359,2.3303311
0.82313941,1.8066067,0.59860088,0.039091327,0.010855561,0.069142078,0.010613477,0.65110857,2.5444829
0.83255836,1.8561395,0.54096636,0.047000349,0.013397034,0.08361369,0.010740415,0.55615342,2.4324115
0.82529415,1.5250231,0.47415269,0.028359268,0.015231945,0.081208969,0.010220116,0.5893115,2.3455569
0.80763486,2.004583,0.56544224,0.047213068,0.018571428,0.094334685,0.014047925,0.54640465,2.4311872
0.83417463,1.4538327,0.47087175,0.027903169,0.016529992,0.087574354,0.010637376,0.56790708,2.3568372
0.80052955,1.4574163,0.49283757,0.04018287,0.030851642,0.055945138,0.010676317,0.55451751,2.2544049
0.83485265,2.415262,0.55196658,0.029114656,0.010676057,0.096232732,0.011041544,0.7260399,2.6309962
0.8098661,1.1284943,0.49809151,0.042594926,0.024577743,0.08451711,0.011538283,0.44727006,2.2390015
0.81083896,1.5188226,0.48903403,0.0462429,0.042541388,0.092835132,0.014032329,0.49157142,2.2555647
0.81582887,1.44418,0.5189196,0.034555718,0.013243135,0.052749067,0.014498568,0.44284222,2.3590516
0.8086926,1.6922961,0.51718107,0.032313957,0.012206497,0.079017878,0.013397058,0.56290281,2.3793426
0.81513885,1.1776627,0.52009675,0.038173997,0.026484023,0.077431078,0.01431743,0.46746831,2.3097487
0.81990247,1.3585437,0.48547751,0.037839065,0.0169906,0.074697828,0.010368662,0.64623512,2.2905314
0.83673685,1.5699882,0.4891451,0.025615153,0.034794336,0.094342957,0.014483738,0.45976341,2.4194401
0.83887863,1.5297808,0.40011553,0.02803,0.014689022,0.077497896,0.012417042,0.48094849,2.2538652
0.79755682,1.6304951,0.59622099,0.045888511,0.023254475,0.090190112,0.011349846,0.71540711,2.409778
0.84468227,1.6481256,0.41671461,0.033187788,0.01507314,0.080735398,0.010960813,0.51212311,2.2859516
0.84005966,1.7493249,0.53055578,0.033068689,0.016041043,0.091327988,0.011909311,0.64473639,2.4883051
0.84632178,1.5052078,0.52214159,0.037492902,0.024247258,0.086897271,0.011105656,0.49504284,2.4363407
0.79738115,2.0441755,0.50097073,0.035883546,0.011009978,0.061476994,0.01186218,0.52943269,2.3473679
0.75679013,1.7641803,0.60423706,0.037099038,0.025375729,0.058397983,0.013532326,0.6381892,2.3812777
0.79147334,1.8101072,0.5874187,0.026703552,0.020942346,0.093371876,0.014305235,0.52620659,2.5083185
0.79506515,1.7883385,0.59286691,0.028566764,0.01709119,0.08981234,0.015513249,0.55554855,2.5143261
0.78769489,1.7299714,0.6142874,0.01879542,0.01133646,0.074420506,0.011305116,0.70460579,2.5829273
0.71368959,1.8743629,0.58310072,0.020535489,0.028184889,0.064333233,0.014028787,0.66918615,2.3313831
0.76788237,2.075813,0.59000402,0.020534155,0.029860369,0.071467636,0.011776912,0.52141982,2.5272744
0.8674179,1.6487209,0.47028319,0.052991015,0.020205181,0.087630547,0.013215944,0.6940562,2.3500244
0.86260296,1.6663774,0.43982979,0.0504197,0.017186459,0.087158619,0.011973168,0.68648241,2.3015302
0.82460166,1.693304,0.45922988,0.029503145,0.024527978,0.079929755,0.012279707,0.42085198,2.3303567
0.8338477,1.9019304,0.48500506,0.050649574,0.013026984,0.077268266,0.011876933,0.60623579,2.3285403
0.78012788,1.7914105,0.56204197,0.021542689,0.028686045,0.081722102,0.011838405,0.57480702,2.4553232
0.79995106,1.5106207,0.47255783,0.036375581,0.015298051,0.063613417,0.012385845,0.47503758,2.2424529
0.825663,1.7328932,0.54648994,0.043247868,0.026094041,0.092652481,0.011206404,0.53471878,2.42634
0.81075455,1.6282589,0.51148552,0.04339704,0.025542442,0.080639999,0.011090793,0.49880159,2.3157654
0.81982642,1.4982105,0.58162782,0.040110247,0.023054415,0.078325318,0.016928619,0.43848529,2.4536416
0.78211876,1.4706503,0.51608931,0.044687851,0.015923732,0.075070105,0.014690021,0.53005712,2.2266377
0.89573373,1.4367314,0.42411397,0.037215885,0.015661938,0.071101864,0.011939442,0.49103471,2.387984
0.86236385,1.8027711,0.49539398,0.043893206,0.027365167,0.097632919,0.010678747,0.50618713,2.4356116
0.85545265,1.8495762,0.4756028,0.044965678,0.022940651,0.096831822,0.010651298,0.52717461,2.3841656
0.80261178,1.4587364,0.44645158,0.036592828,0.014561396,0.065689195,0.012350061,0.60172543,2.2013143
0.86198281,1.7405908,0.51743772,0.036612763,0.017577807,0.084608396,0.010501858,0.53123317,2.5017369
0.87216729,1.4240465,0.37698311,0.042185516,0.02504566,0.089834044,0.01211814,0.56196251,2.2358389
0.7809877,2.1167965,0.64265785,0.029873717,0.02260635,0.094872926,0.011163623,0.64171003,2.6208343
0.80002523,1.7549927,0.51057837,0.043752416,0.015571113,0.080519803,0.011909246,0.58976643,2.3007824
0.80205774,1.8621552,0.47040204,0.037236559,0.017817572,0.069882281,0.011573487,0.61711417,2.277694
0.80962404,1.7549216,0.56735733,0.040774624,0.025749318,0.077202478,0.012668531,0.57665663,2.4364441
0.78832203,1.7345393,0.56551495,0.035192877,0.019952262,0.091963909,0.012020479,0.64851535,2.4027947
0.78927642,1.6413653,0.56966809,0.034129462,0.015975882,0.092974066,0.011921426,0.63437018,2.4044446
0.81580821,1.1869301,0.4676289,0.03667539,0.016624446,0.08675917,0.010593407,0.51053784,2.2395583
0.78289525,2.0810518,0.5450509,0.035759669,0.013741093,0.078433379,0.011733613,0.51304792,2.3975485
0.77277877,2.11519,0.54671864,0.041156003,0.033317438,0.053555171,0.010979912,0.56782751,2.3527132
0.76317894,2.1790926,0.5671735,0.038872352,0.023097757,0.065367454,0.010978284,0.54650204,2.3860173
0.79077671,2.0803017,0.57219702,0.040045204,0.020271523,0.071043025,0.012235721,0.56967459,2.4470063
0.82110716,1.4296605,0.4603229,0.036483543,0.020798289,0.082945249,0.013070708,0.50593375,2.266677
0.82653647,1.5363083,0.47414412,0.03721878,0.020013721,0.07876567,0.013925669,0.51186454,2.3105894
0.81081033,1.9796753,0.46734865,0.024761995,0.018545578,0.088452388,0.011093048,0.54923076,2.3627421
0.77332213,1.750525,0.66675081,0.032620026,0.01684815,0.088711868,0.011325908,0.74063323,2.5605327
0.78048586,1.6262073,0.65116265,0.031182261,0.014191017,0.085402143,0.012783908,0.59616178,2.5378352
0.80317158,1.5982163,0.63874087,0.025069785,0.011139946,0.087371833,0.010630953,0.57067501,2.6108338
0.82809727,2.1085695,0.47632077,0.048138152,0.016396619,0.078918958,0.0100015,0.70621471,2.3320829
0.79486027,1.4764342,0.56805948,0.027265831,0.01974569,0.084426702,0.010000934,0.60179486,2.4281805
0.76416197,1.6514407,0.60206134,0.023919037,0.016295931,0.077144949,0.010014435,0.70825898,2.4505375
0.76040972,1.5735281,0.59169956,0.020597146,0.011469696,0.045629604,0.010012031,0.62021329,2.42734
0.75823783,1.7896453,0.61246208,0.019513798,0.011014529,0.070477796,0.010007517,0.60341703,2.5023971
0.81309066,1.8770134,0.48919057,0.018063947,0.01021789,0.078544394,0.01028144,0.61742774,2.4322481
0.83883809,1.9022053,0.50386539,0.05776734,0.011787983,0.068773942,0.010299541,0.59508604,2.3422081
0.82635862,1.9866352,0.52124494,0.048659425,0.012879073,0.060721964,0.010191497,0.57170817,2.3909524
0.82692176,1.5794781,0.48315102,0.03001004,0.012197364,0.096257408,0.021747741,0.58635747,2.363802
0.8086903,1.646119,0.5930383,0.027624472,0.010481192,0.085930689,0.010104493,0.65502055,2.5344249
0.77151113,1.8856089,0.43697747,0.03659259,0.021601736,0.065941529,0.011663542,0.47664207,2.1500459
0.82474083,1.7550835,0.49043869,0.036123795,0.026346013,0.065620297,0.010830396,0.47272829,2.3627657
0.84193213,1.5826617,0.44515155,0.044175943,0.018690084,0.090009039,0.02065399,0.51798701,2.2770702
0.83659993,1.4708086,0.50539311,0.039171303,0.02105443,0.089022949,0.011430624,0.46325415,2.3714973
0.80929627,1.4161124,0.46380156,0.023582014,0.024303438,0.075420444,0.01287404,0.60752131,2.2968541
0.80188217,1.5558524,0.53476755,0.028725784,0.019700179,0.082242846,0.013034304,0.53702933,2.3924934
0.80719261,1.6478533,0.52633418,0.030383686,0.014639191,0.091467678,0.011475119,0.52643457,2.3954179
0.85025998,1.770817,0.45173316,0.03344013,0.010825778,0.07887227,0.012083673,0.59307692,2.3715261
0.83960059,1.7442543,0.50023914,0.040686123,0.010704988,0.089304579,0.012722317,0.62017341,2.3951832
0.84570942,1.7123559,0.48502769,0.039973713,0.011954645,0.079430602,0.01197267,0.64366436,2.3837406
0.82766036,1.6960158,0.47343341,0.039223578,0.025157393,0.086079541,0.01311136,0.46773932,2.320445
0.82062523,2.2914359,0.43894395,0.039362668,0.029345037,0.08111629,0.013437918,0.41874035,2.3007606
0.80028377,1.2830681,0.57800319,0.034226389,0.01406031,0.067814274,0.01119651,0.74809509,2.3944466
0.82039423,1.3295429,0.56441235,0.030691826,0.025489735,0.092293485,0.014122554,0.6205525,2.4508639
0.78842839,2.1599029,0.51840578,0.035864382,0.012811836,0.063026745,0.010339534,0.52848746,2.3715556
0.85449697,1.52668,0.47216231,0.030244635,0.026051407,0.086946261,0.012242627,0.59873785,2.4076586
0.83691443,1.9378501,0.48051637,0.038815039,0.011216882,0.095568105,0.01306367,0.61782454,2.3837767
0.85069665,1.8403911,0.48576187,0.048157462,0.011143795,0.096989592,0.01401364,0.59024761,2.3751406
0.81591272,1.7389906,0.5281982,0.023487535,0.013922384,0.084767631,0.011933445,0.46582116,2.4692069
0.84748278,2.1850309,0.39948052,0.04576658,0.02274981,0.091673691,0.010231698,0.66238387,2.2587119
0.78314088,1.349033,0.57788057,0.028494561,0.013062603,0.087879065,0.017194897,0.50623381,2.387742
0.86163044,1.6704398,0.42314022,0.035150542,0.024961111,0.076542579,0.010600865,0.65735698,2.3322994
0.81564433,1.554466,0.56462997,0.033755692,0.022929384,0.086802385,0.011470857,0.45594365,2.4548706
